rainfall,soil_moisture,tilt_x,tilt_y,vibration,temperature,pressure,landslide
44.94,43.63,2.19,1.914,0.299,31.94,1012.25,1
114.09,39.96,0.554,1.378,0.095,24.89,1016.43,0
87.84,25.85,1.04,2.893,0.126,18.91,1003.9,1
71.84,64.65,1.99,0.657,0.181,29.73,998.68,1
18.72,52.9,1.446,1.764,0.204,23.37,999.57,0
18.72,87.91,2.216,2.101,0.242,26.89,1010.91,0
6.97,12.89,2.884,2.477,0.255,17.15,1007.03,0
103.94,67.95,0.35,1.221,0.456,27.63,1004.59,1
72.13,78.67,2.129,2.061,0.51,22.47,996.08,1
84.97,78.35,0.691,0.91,0.309,21.68,1016.26,0
2.47,89.75,1.243,1.306,0.907,34.6,1013.43,0
116.39,75.61,0.099,2.687,0.553,23.65,994.22,1
99.89,93.5,0.408,2.85,0.787,28.56,1001.02,1
25.48,39.94,0.959,2.156,0.924,27.55,1006.26,1
21.82,55.29,1.026,1.123,0.163,17.09,1003.63,0
22.01,11.27,2.699,2.46,0.428,29.96,1001.93,0
36.51,10.63,2.225,0.078,0.433,21.46,1011.56,0
62.97,31.61,2.917,0.308,0.354,30.98,991.64,0
51.83,19.07,1.797,1.984,0.009,27.15,1004.14,0
34.95,33.42,0.725,0.874,0.816,21.34,997.87,0
73.42,25.93,0.983,2.854,0.112,22.13,992.54,1
16.74,12.57,0.96,1.308,0.995,29.63,1003.95,0
35.06,91.84,0.979,1.288,0.773,26.0,995.14,1
43.96,10.74,2.019,2.034,0.58,28.37,997.75,1
54.73,76.25,1.592,2.303,0.155,18.17,1005.21,1
94.22,23.69,1.156,1.427,0.515,30.74,1019.21,1
23.96,92.1,0.447,0.642,0.261,21.41,1010.53,0
61.71,90.35,0.066,2.32,0.252,27.4,998.39,1
71.09,68.85,0.657,0.961,0.83,17.29,1001.47,1
5.57,70.5,0.322,0.525,0.381,21.43,1002.18,0
72.91,10.48,2.356,1.895,0.451,27.98,994.61,0
20.46,98.64,0.337,0.271,0.843,20.48,994.82,1
7.81,89.0,2.173,2.914,0.088,32.61,994.45,0
113.87,90.56,1.157,1.897,0.595,28.22,1005.65,1
115.88,69.33,0.22,2.958,0.578,32.41,1010.23,0
97.01,41.03,2.438,1.017,0.425,22.91,1007.72,1
36.55,90.43,1.739,2.914,0.83,15.68,1019.33,0
11.72,36.24,0.707,0.437,0.943,26.52,993.78,0
82.11,60.64,2.684,0.122,0.465,21.78,1019.59,0
52.82,18.98,0.136,0.099,0.456,23.96,1004.0,0
14.64,92.98,0.605,1.395,0.502,28.62,996.56,1
59.42,22.67,2.256,0.249,0.723,29.01,1018.3,0
4.13,30.24,2.128,1.537,0.668,15.55,1004.06,1
109.12,60.23,0.868,0.983,0.223,30.39,1000.42,1
31.05,78.77,0.186,1.007,0.064,24.87,996.41,0
79.5,65.74,2.574,1.907,0.949,26.13,998.04,1
37.41,30.89,0.941,0.489,0.261,20.96,1019.38,0
62.41,10.08,0.587,2.3,0.639,23.42,999.12,0
65.61,78.14,1.548,1.746,0.828,29.21,1019.33,1
22.18,98.67,2.731,2.745,0.3,30.53,999.91,1
116.35,82.89,0.131,1.095,0.635,22.74,996.94,1
93.02,51.42,2.297,2.948,0.108,28.82,995.5,1
112.74,91.34,1.717,1.727,0.97,20.16,1002.36,1
107.38,46.89,1.276,2.92,0.058,31.64,997.1,1
71.75,57.24,2.232,0.081,0.438,27.2,1010.91,0
110.62,52.94,2.897,2.184,0.537,30.5,997.19,1
10.62,50.29,0.688,2.45,0.79,24.54,1015.06,0
23.52,79.77,0.431,0.16,0.121,19.58,1015.02,0
5.43,57.41,2.739,1.737,0.441,23.58,998.57,0
39.04,38.5,2.007,2.406,0.3,22.63,1012.61,0
46.64,33.23,1.314,1.683,0.312,21.65,1015.73,1
32.56,13.4,1.72,0.191,0.779,19.24,1007.7,0
99.45,62.49,2.237,2.08,0.005,30.18,1000.99,1
42.81,30.7,2.319,0.182,0.749,16.73,1003.23,0
33.71,23.33,2.76,2.452,0.81,32.75,1013.59,1
65.12,68.84,1.281,0.129,0.901,18.5,998.8,0
16.91,71.31,0.88,0.412,0.627,34.6,1000.03,0
96.26,77.69,1.919,0.825,0.333,34.77,994.82,0
8.95,55.32,1.247,1.9,0.427,22.97,1001.97,1
118.43,90.46,1.784,2.929,0.97,34.76,992.6,1
92.67,94.27,1.26,0.353,0.881,32.38,999.63,1
23.85,82.66,0.459,0.428,0.464,16.65,1001.2,0
0.66,67.2,1.408,1.107,0.943,33.95,997.66,0
97.86,37.33,2.073,2.509,0.823,15.85,993.04,0
84.82,98.47,2.398,1.402,0.901,18.64,1005.65,1
87.48,34.67,1.48,0.965,0.683,26.69,1015.95,1
92.55,28.24,0.496,1.684,0.858,16.61,1000.07,1
8.89,49.79,1.244,0.782,0.892,18.23,997.1,0
43.02,15.12,2.359,1.203,0.092,34.07,998.55,0
13.9,98.06,1.239,0.998,0.965,34.89,1015.86,1
103.57,62.96,2.09,2.412,0.334,30.96,1005.83,1
74.8,60.13,1.522,2.773,0.44,25.3,993.92,1
39.71,69.02,0.724,2.279,0.792,33.01,1011.28,0
7.63,54.73,2.388,1.317,0.665,17.24,994.63,1
37.32,12.89,0.253,1.513,0.893,33.86,991.81,0
39.02,65.11,1.575,0.375,0.401,22.03,997.67,0
87.55,74.46,0.627,2.241,0.373,32.23,995.04,1
76.51,47.51,0.201,1.789,0.032,28.37,1008.15,0
106.47,78.16,1.509,2.707,0.463,34.21,1004.54,0
56.67,30.43,1.499,0.602,0.724,32.29,1011.72,1
14.35,29.91,2.121,2.279,0.301,32.76,1005.35,0
85.59,24.53,2.234,2.054,0.463,27.64,1002.57,1
91.29,43.48,2.183,0.798,0.219,31.66,1005.79,0
67.35,86.23,1.229,2.002,0.773,30.14,1003.03,1
92.52,84.51,1.895,2.773,0.061,18.23,991.11,1
59.26,44.45,1.731,2.755,0.705,27.97,1010.42,1
62.73,63.02,1.265,2.159,0.379,17.96,1018.86,0
51.3,74.87,1.792,0.144,0.042,32.39,1002.66,0
3.05,31.71,2.842,2.617,0.853,16.32,1002.71,1
12.95,25.13,0.579,1.973,0.488,34.74,991.37,0
3.77,97.49,2.717,0.931,0.599,23.01,1016.71,0
76.37,65.58,0.16,0.562,0.732,18.41,1017.87,1
37.72,98.33,0.925,0.349,0.655,33.71,1014.39,0
61.03,40.4,0.864,0.151,0.731,15.91,993.19,0
108.91,73.27,1.879,2.262,0.762,24.4,1017.01,1
29.92,30.03,0.394,0.708,0.589,30.4,990.72,0
49.25,33.51,2.647,0.073,0.366,21.34,1003.34,0
90.67,56.07,2.486,1.192,0.243,25.58,1005.02,1
27.46,38.77,1.956,1.448,0.903,29.01,1015.02,0
9.24,25.09,1.375,0.508,0.97,34.04,1012.53,1
34.77,33.66,2.799,0.132,0.358,17.05,1013.91,1
19.35,13.22,2.492,0.567,0.112,18.14,1016.04,1
111.56,73.4,1.498,2.037,0.223,25.18,1004.28,1
96.97,54.29,2.106,0.247,0.671,23.37,1013.41,1
76.01,18.48,1.701,1.665,0.173,23.22,992.04,1
104.58,25.45,1.764,0.439,0.78,20.94,1003.34,1
96.44,19.23,0.993,0.587,0.923,26.21,990.9,1
22.39,65.13,1.386,1.179,0.964,32.67,1017.46,0
107.11,18.48,0.234,0.302,0.009,18.22,1018.75,0
64.72,77.89,1.072,0.52,0.958,19.31,992.52,1
96.89,11.85,2.087,1.047,0.74,28.42,1005.98,1
107.53,32.44,2.86,0.989,0.084,16.12,999.75,1
38.16,90.16,2.889,2.248,0.415,28.48,1000.28,1
13.21,74.67,1.667,0.224,0.7,21.29,1003.52,1
27.35,16.57,1.82,2.581,0.957,22.16,993.75,0
51.25,83.9,0.557,2.449,0.164,23.11,995.42,1
98.16,54.37,2.086,2.298,0.128,21.99,1007.32,1
103.29,86.21,0.212,0.928,0.472,31.82,990.56,1
0.83,64.07,0.854,2.469,0.968,33.92,1007.99,1
61.29,71.36,2.005,0.548,0.971,25.96,999.57,1
50.09,99.42,0.931,0.373,0.228,26.64,1014.97,1
26.65,30.91,0.15,0.135,0.319,16.41,1008.0,0
14.38,66.16,2.496,2.818,0.908,29.26,1011.24,0
40.51,51.43,0.931,0.924,0.735,26.68,993.43,0
113.15,13.55,0.189,2.753,0.972,16.01,997.98,1
38.78,11.3,0.224,0.818,0.893,18.97,1019.9,1
62.25,20.73,0.755,2.723,0.215,19.04,1003.01,0
84.36,68.42,0.534,2.712,0.76,18.42,1000.77,1
43.64,61.04,2.323,2.771,0.049,28.17,1016.22,0
116.61,59.81,0.965,1.488,0.818,33.57,990.99,1
115.49,12.87,2.414,2.598,0.602,30.26,1006.04,1
30.21,52.24,0.522,2.852,0.956,24.55,996.31,0
59.67,93.22,1.479,0.974,0.96,23.08,1001.04,1
36.11,45.78,2.064,1.257,0.051,22.73,995.99,0
34.18,66.24,1.956,2.158,0.161,27.02,991.13,1
4.43,80.18,1.803,0.901,0.484,22.18,1002.5,0
73.15,80.55,2.774,2.261,0.879,19.52,1013.68,1
60.32,56.74,0.686,0.222,0.814,27.06,1018.56,0
6.18,87.22,1.481,1.57,0.964,22.81,1008.72,1
33.44,45.22,2.652,0.367,0.618,15.28,1001.67,1
108.99,89.98,0.234,0.88,0.257,15.44,1013.1,0
28.75,31.62,0.168,0.776,0.025,20.48,1005.16,0
17.39,35.22,0.7,2.517,0.223,25.25,1001.03,0
58.73,14.78,1.899,0.581,0.675,22.08,995.37,0
118.28,81.6,0.78,2.425,0.926,15.48,1013.88,1
29.05,47.53,0.571,2.382,0.321,19.46,1005.01,1
80.66,30.62,1.376,1.497,0.876,16.93,1018.91,0
91.39,30.86,1.841,0.702,0.395,33.97,1014.06,0
28.52,91.13,0.746,0.681,0.308,21.26,1002.6,1
87.39,85.05,0.902,1.395,0.509,15.3,1012.23,1
44.13,59.82,1.841,0.026,0.442,28.21,1003.6,1
75.88,65.45,2.837,1.594,0.914,19.65,992.4,1
76.02,52.69,2.024,2.858,0.468,26.33,1005.5,1
64.29,45.25,2.349,0.464,0.277,18.01,1015.97,0
10.83,92.39,1.1,1.72,0.843,34.68,1015.66,0
100.24,21.31,0.817,2.885,0.999,34.41,1007.25,1
38.49,47.66,1.363,2.582,0.648,28.12,1001.4,1
22.38,41.01,2.421,2.551,0.25,29.14,990.3,1
4.89,54.83,1.369,2.466,0.239,23.52,999.34,0
70.91,51.19,2.54,0.927,0.058,34.24,1019.69,0
81.31,56.7,2.966,2.672,0.077,23.47,1011.79,0
1.99,22.59,0.216,2.824,0.915,19.79,1011.53,0
61.45,56.18,0.136,1.487,0.096,17.31,1012.83,0
27.18,31.82,0.449,1.064,0.484,19.16,1008.6,0
77.42,26.59,1.153,1.243,0.698,26.44,1007.58,1
20.92,15.84,0.393,1.003,0.85,19.9,1003.61,0
82.91,78.64,2.612,0.637,0.171,28.08,1003.32,1
46.41,48.47,0.069,1.855,0.438,22.64,1016.13,0
112.41,66.4,0.947,1.688,0.251,32.74,1001.8,0
16.5,75.48,0.554,1.388,0.256,26.17,1015.21,0
40.93,71.14,2.795,0.288,0.304,27.45,1015.13,0
13.62,52.35,2.008,2.391,0.587,26.13,1013.13,1
110.96,44.91,2.736,0.525,0.017,32.71,991.13,1
105.28,43.84,2.917,0.344,0.409,16.27,994.44,1
30.95,67.6,1.491,1.869,0.187,16.35,999.44,1
79.2,54.53,0.703,1.196,0.967,29.03,1015.43,0
98.07,86.42,0.581,0.179,0.583,30.36,1016.2,1
66.62,88.72,0.669,1.067,0.868,23.67,991.25,1
63.56,25.35,2.126,2.315,0.196,22.05,999.74,0
29.02,22.26,0.121,1.846,0.81,20.56,1015.51,0
11.17,66.74,0.154,1.088,0.415,19.69,997.49,0
107.67,37.11,1.824,0.575,0.178,33.24,1019.28,0
108.05,11.67,1.926,1.895,0.761,20.9,1004.68,1
75.97,89.98,1.996,2.663,0.762,27.96,1018.12,1
40.68,30.42,1.116,1.939,0.996,30.74,1002.86,0
41.91,93.64,2.418,2.439,0.781,15.44,999.71,1
87.11,74.57,1.601,1.565,0.145,15.68,1000.87,1
107.65,78.64,0.316,2.154,0.323,21.66,1016.53,1
106.45,28.13,2.391,2.689,0.452,28.92,999.92,0
93.59,31.08,2.859,2.32,0.127,20.22,1010.08,1
77.04,56.91,0.18,2.73,0.788,15.03,1004.1,1
10.1,25.49,1.174,1.293,0.527,20.76,1018.25,0
19.4,37.49,1.463,2.713,0.944,16.8,994.78,0
107.83,38.93,0.439,1.865,0.589,19.39,1002.86,0
72.77,24.37,2.603,2.61,0.523,21.66,993.74,0
1.1,28.47,0.852,0.118,0.071,17.56,1007.34,0
12.18,80.97,2.349,1.974,0.149,29.13,1002.09,0
79.62,25.05,2.013,2.544,0.85,20.12,991.83,1
0.61,12.56,1.794,0.523,0.991,28.22,1015.5,0
19.3,66.64,0.576,1.985,0.415,26.98,1001.27,0
65.85,97.84,0.662,2.475,0.81,32.96,1004.81,1
83.03,39.81,0.142,0.864,0.628,16.76,1002.23,0
78.24,20.68,0.722,1.216,0.959,19.29,1004.66,1
26.91,61.33,1.036,1.709,0.238,32.3,990.49,0
85.46,91.57,2.499,1.558,0.545,31.44,1014.46,1
28.47,80.57,1.099,0.118,0.409,18.84,999.97,0
39.05,66.03,2.264,0.296,0.542,17.15,1011.73,1
89.58,38.36,1.318,0.301,0.269,32.12,991.95,1
77.96,58.77,2.355,0.787,0.498,18.56,1005.71,0
101.91,18.21,2.929,0.738,0.625,32.42,1017.26,1
78.91,71.11,0.72,2.227,0.081,34.22,1001.95,1
68.2,75.26,2.587,1.718,0.743,19.42,995.92,1
11.24,96.85,1.865,2.292,0.707,31.81,992.97,1
44.13,33.44,2.452,0.21,0.88,23.48,1015.77,0
31.82,11.66,1.955,1.456,0.426,30.78,997.16,0
29.28,59.1,1.272,0.971,0.062,23.15,1019.25,0
116.76,73.61,0.684,2.55,0.461,16.41,997.43,1
47.17,81.14,0.21,2.123,0.138,29.25,1004.43,0
107.05,27.44,1.607,2.608,0.647,18.01,1003.74,0
75.74,33.56,2.971,0.139,0.047,33.54,991.86,0
95.38,56.13,2.214,2.162,0.374,23.35,1005.96,1
60.32,39.75,0.982,1.62,0.083,16.64,1010.18,0
69.23,87.45,2.482,2.475,0.003,19.57,1012.26,1
59.1,52.64,2.307,1.521,0.961,32.25,1005.68,0
23.43,81.96,0.845,1.621,0.996,21.42,1014.38,1
86.69,62.26,0.043,0.155,0.556,32.13,1012.56,0
33.69,79.58,0.354,2.006,0.239,18.45,995.82,0
2.92,39.94,2.632,0.819,0.911,24.36,1002.05,0
77.46,84.83,2.51,0.059,0.923,32.57,994.28,1
21.25,34.71,0.886,0.199,0.855,15.97,994.0,0
112.86,59.15,0.856,2.872,0.544,21.09,1011.36,0
114.47,29.26,2.379,1.038,0.075,33.2,1005.91,0
109.78,52.8,2.813,2.604,0.088,26.93,1008.03,1
44.42,38.64,2.337,2.879,0.897,29.32,1011.97,1
1.85,34.0,1.817,2.83,0.876,31.84,998.32,0
111.4,97.03,0.728,2.645,0.434,25.47,1002.04,1
51.38,24.41,1.577,2.685,0.328,31.91,1008.2,1
116.0,80.86,0.701,0.867,0.644,27.78,992.9,1
115.63,98.57,2.424,0.454,0.807,28.71,1014.99,1
102.36,11.79,1.161,1.918,0.732,18.06,1000.3,1
35.33,72.91,2.501,1.464,0.616,33.78,1009.76,0
46.21,32.76,1.145,0.296,0.232,30.92,1019.87,0
102.14,13.64,2.472,2.033,0.263,20.08,1004.26,0
38.03,46.26,1.0,1.689,0.724,26.6,996.45,0
20.34,94.17,1.32,2.589,0.803,22.53,996.49,1
66.82,11.06,1.846,1.828,0.116,28.21,991.81,1
112.34,62.91,0.211,1.722,0.187,34.87,1013.01,1
83.52,55.13,2.845,1.322,0.68,15.91,998.8,1
68.41,88.6,1.721,1.388,0.389,34.05,995.18,0
11.66,17.56,1.523,2.863,0.563,16.45,1011.41,0
73.8,71.34,2.518,0.415,0.615,24.22,999.27,1
118.81,71.21,2.597,1.339,0.776,24.64,1008.01,1
16.81,70.22,1.567,1.967,0.806,20.37,1002.53,1
62.2,94.81,2.782,1.299,0.28,26.33,1000.02,1
105.28,84.08,0.194,0.85,0.541,31.68,1004.68,1
88.89,13.78,0.34,0.862,0.124,20.88,999.41,0
83.64,52.4,1.79,0.701,0.842,16.41,1016.12,1
84.3,45.82,1.062,1.032,0.845,27.65,992.19,1
43.14,37.91,1.393,2.615,0.3,30.03,990.9,0
35.23,50.62,0.984,1.516,0.161,34.09,1002.19,1
97.12,44.58,1.214,0.721,0.07,18.19,995.19,0
97.21,48.91,2.468,1.154,0.575,33.03,1012.31,1
104.05,98.13,1.78,0.317,0.091,24.64,1000.6,1
109.59,17.98,2.992,2.712,0.681,19.72,997.84,1
61.36,93.0,2.361,1.225,0.678,34.25,1000.78,0
60.18,53.22,0.821,2.941,0.614,19.77,996.58,1
95.8,66.14,0.793,1.043,0.877,29.67,998.99,1
78.0,84.72,1.008,2.509,0.378,30.7,1007.04,1
84.24,42.44,2.53,0.769,0.902,23.61,1015.92,1
95.5,48.74,0.082,0.228,0.037,28.8,1001.13,1
106.8,46.86,0.691,0.095,0.113,26.45,999.62,0
40.56,43.73,2.715,1.819,0.412,18.84,1013.45,1
45.07,93.3,1.92,0.935,0.594,30.2,990.67,1
11.28,84.6,0.681,1.331,0.032,33.56,999.06,0
69.39,19.81,0.657,2.456,0.567,24.77,1003.57,0
4.31,19.73,2.588,0.744,0.307,34.89,1008.02,0
55.87,48.51,2.681,0.926,0.887,23.56,994.68,1
65.12,18.88,0.768,2.536,0.533,24.59,1002.99,1
34.38,65.72,1.262,1.478,0.588,28.48,1006.99,1
70.9,22.93,2.504,2.483,0.946,18.72,1005.31,1
3.66,57.01,2.313,1.123,0.764,33.04,1007.24,0
4.48,10.65,2.442,1.195,0.438,31.03,1009.87,0
98.71,38.49,1.555,0.501,0.477,32.45,1001.38,1
43.22,70.95,2.735,2.749,0.648,27.19,991.91,1
15.25,53.56,0.978,2.69,0.2,32.67,991.67,0
62.67,98.04,0.47,2.953,0.089,28.6,1015.76,1
92.4,88.67,2.126,1.207,0.311,25.23,1010.32,1
25.9,42.32,1.618,2.456,0.778,33.64,1012.93,1
74.75,14.09,2.564,1.245,0.257,23.79,1017.86,0
10.24,86.11,0.243,1.363,0.131,25.01,1012.52,0
6.2,92.01,2.531,2.49,0.219,18.39,1010.77,0
63.76,83.86,0.88,0.532,0.679,33.95,1009.67,1
64.88,21.52,1.965,0.661,0.614,19.42,997.76,1
76.49,99.81,0.12,0.944,0.688,19.03,1018.72,0
87.13,33.27,1.829,2.365,0.322,17.02,1006.26,0
117.1,75.18,2.152,1.118,0.901,24.07,996.66,1
61.96,91.72,1.106,1.075,0.452,20.47,996.29,1
38.75,31.21,0.646,2.996,0.514,29.82,1014.46,0
95.42,91.74,1.613,1.151,0.949,21.15,997.51,0
32.5,37.85,2.5,0.743,0.979,29.42,991.24,0
52.68,97.88,0.971,1.87,0.662,18.92,1002.85,1
9.41,35.31,0.757,2.406,0.945,19.6,1014.52,0
3.04,95.81,0.837,0.209,0.542,31.12,1002.43,0
115.52,14.82,2.847,1.857,0.307,22.42,1014.11,1
100.32,73.83,1.078,0.107,0.315,17.24,1014.82,1
83.52,57.89,0.011,1.579,0.559,34.23,1015.73,1
49.07,53.01,2.345,0.771,0.605,18.55,1007.67,0
20.8,30.11,2.098,0.92,0.44,18.0,1010.98,0
18.77,73.5,0.386,1.401,0.884,22.17,997.86,0
30.03,27.17,2.955,2.781,0.427,16.91,992.99,1
65.91,59.76,1.824,2.132,0.273,18.11,1005.98,0
85.75,32.79,1.502,2.811,0.008,31.93,990.32,0
79.22,96.01,1.147,1.98,0.971,18.43,1003.97,1
33.59,12.58,2.696,0.021,0.824,17.23,993.06,0
114.58,27.98,0.732,0.797,0.616,32.6,993.25,0
88.55,31.81,0.857,2.717,0.831,23.88,1016.12,1
66.52,47.27,0.367,1.93,0.81,18.14,1009.22,1
73.41,30.95,2.277,2.945,0.932,26.63,1009.36,1
50.35,54.22,1.787,0.468,0.386,15.83,1002.13,1
29.73,88.52,1.827,0.89,0.555,23.55,1002.4,1
42.72,74.09,0.655,1.087,0.099,26.81,999.09,0
90.94,62.2,1.954,0.98,0.965,34.14,1003.03,1
1.73,18.01,2.296,0.756,0.985,21.53,1007.61,0
13.93,72.46,1.074,1.33,0.789,30.3,995.6,1
5.52,24.98,2.404,1.927,0.454,17.65,997.85,1
4.89,80.77,1.046,0.934,0.497,23.67,1004.84,0
102.66,32.51,2.274,0.239,0.435,19.46,1001.54,1
84.44,47.53,0.101,2.126,0.293,24.85,1014.58,0
56.9,41.54,1.653,1.377,0.528,23.34,1014.65,1
11.74,87.29,2.909,1.669,0.053,34.6,1000.08,1
58.99,21.39,2.944,1.366,0.992,33.35,1003.52,1
56.82,60.91,0.845,2.671,0.424,26.64,1019.3,0
20.78,22.79,1.324,1.676,0.927,18.53,1014.82,0
52.06,73.43,0.189,2.77,0.724,26.14,996.47,0
47.82,91.46,2.62,1.532,0.29,30.84,998.41,0
73.9,49.11,1.706,0.878,0.222,15.76,992.5,1
76.21,53.93,1.155,1.066,0.996,23.68,1010.33,0
5.44,93.47,0.338,1.566,0.772,15.85,999.51,1
44.95,56.89,2.84,1.59,0.25,19.88,1006.1,0
75.1,53.88,1.591,2.062,0.067,16.84,1013.04,0
60.38,62.05,0.849,0.673,0.697,34.21,1015.08,1
102.78,72.03,1.051,1.977,0.303,18.38,999.76,1
79.04,19.62,0.812,2.336,0.221,18.0,997.12,0
19.55,83.9,1.805,2.03,0.735,34.44,1015.46,0
8.47,49.2,2.79,1.445,0.679,25.32,1001.44,1
77.09,16.51,2.57,2.975,0.481,30.16,1014.66,1
3.18,80.76,1.381,1.214,0.943,21.55,994.49,1
70.29,43.93,2.479,0.32,0.68,25.66,1017.36,0
112.83,19.03,1.269,2.465,0.893,15.14,1004.49,1
69.06,67.04,0.757,0.637,0.191,23.18,995.1,0
46.58,89.21,2.95,2.14,0.297,26.1,1006.05,0
77.19,89.9,0.912,0.537,0.105,25.29,1016.1,0
54.99,96.19,0.971,0.051,0.305,23.12,1001.68,1
65.47,88.09,2.969,0.479,0.972,30.76,995.34,1
112.98,10.19,0.402,1.131,0.963,25.03,1007.3,1
46.33,44.22,2.282,0.32,0.76,27.72,1015.03,0
115.34,83.67,2.807,0.593,0.521,18.69,993.64,1
108.64,42.96,1.535,2.294,0.781,32.23,991.24,1
23.49,64.14,0.008,2.31,0.553,22.26,991.69,0
8.32,64.57,1.125,2.452,0.004,24.64,996.91,1
12.09,42.85,0.335,2.523,0.502,22.04,990.22,0
2.19,91.4,1.249,1.261,0.599,32.84,1002.86,1
11.33,55.29,2.37,2.603,0.266,33.01,1010.93,1
81.96,51.83,1.316,1.578,0.203,19.49,1011.31,1
8.54,99.78,1.296,1.412,0.274,30.05,1009.1,1
38.28,54.42,1.67,2.156,0.624,17.06,998.89,1
101.39,26.06,1.745,0.641,0.146,15.6,1012.08,0
2.79,56.18,2.569,2.368,0.72,31.73,1007.29,0
97.74,83.26,0.925,1.288,0.423,17.62,1015.84,1
33.82,79.92,2.465,0.382,0.353,18.1,1004.34,1
14.18,80.97,1.698,0.358,0.807,27.13,995.4,1
83.61,73.72,0.902,0.495,0.506,31.34,1009.04,1
75.47,32.88,0.885,2.672,0.378,18.79,994.52,0
105.3,87.59,1.083,2.973,0.878,17.28,1018.89,1
88.21,90.41,1.868,1.071,0.368,16.55,1011.1,1
96.42,27.47,0.692,0.876,0.859,15.5,1012.69,1
33.84,21.74,2.761,0.656,0.504,17.33,1010.38,0
21.29,97.8,1.725,2.471,0.208,33.85,992.93,1
90.07,88.15,2.76,0.628,0.613,16.91,1003.96,1
96.82,90.39,0.139,2.772,0.285,26.95,1009.54,1
118.86,89.77,1.028,2.002,0.147,33.42,996.88,1
49.51,58.75,0.068,2.691,0.087,27.56,1010.39,0
44.64,68.18,0.817,1.662,0.242,15.65,1014.6,0
93.17,59.08,2.586,2.072,0.737,26.93,998.25,1
40.9,14.61,0.11,1.858,0.838,33.06,995.99,0
111.69,77.1,1.308,2.494,0.862,21.45,1016.49,1
103.01,55.48,0.353,2.508,0.27,21.27,990.16,1
51.48,68.29,1.251,1.769,0.661,19.98,997.67,0
90.1,55.24,2.517,1.898,0.23,25.11,1002.2,0
90.55,54.26,1.869,2.766,0.623,19.76,1010.17,0
12.37,25.46,2.21,2.79,0.887,29.48,1019.91,1
108.31,35.08,1.047,1.993,0.041,27.9,1001.12,0
60.63,24.3,2.833,0.023,0.985,23.02,1018.46,1
99.17,27.61,2.128,0.313,0.827,29.45,1001.0,1
38.41,97.57,1.265,2.574,0.762,16.97,1010.87,1
107.46,23.78,1.279,0.254,0.691,29.99,994.96,0
46.7,34.23,2.756,0.641,0.77,27.06,1003.81,0
1.3,63.15,1.729,0.692,0.995,27.6,1016.14,1
108.65,64.92,2.119,1.801,0.77,16.29,999.6,1
10.95,23.86,1.251,1.73,0.352,27.36,993.16,0
38.32,81.43,0.671,0.868,0.614,24.88,1005.68,0
114.01,80.67,2.171,0.623,0.337,24.72,1003.19,1
114.07,31.36,1.823,2.294,0.97,21.44,996.89,1
68.81,35.98,1.504,2.806,0.9,15.15,1017.17,1
75.82,94.42,1.872,0.158,0.568,23.45,1008.05,0
53.81,84.31,0.625,0.4,0.781,23.02,1000.42,1
35.19,72.8,2.382,1.926,0.91,23.46,1019.88,0
39.44,17.4,2.844,2.413,0.244,27.24,994.13,0
80.7,47.64,2.673,2.374,0.579,21.0,1015.44,0
90.28,60.34,0.964,2.159,0.482,20.39,996.92,1
94.99,26.87,1.218,2.662,0.772,24.96,997.19,0
94.75,50.34,2.425,0.652,0.379,26.85,1004.94,0
10.94,64.09,1.785,0.322,0.709,26.35,1009.86,0
59.33,39.46,1.644,1.846,0.403,32.63,1010.71,0
6.91,80.29,2.78,2.467,0.111,30.38,990.66,0
65.94,85.64,1.608,1.746,0.107,16.04,998.61,0
52.98,39.12,1.545,2.889,0.119,26.27,1009.82,1
106.52,85.48,0.126,2.387,0.033,23.36,1016.69,1
42.11,19.32,0.208,2.102,0.533,22.22,1010.1,0
14.05,85.4,0.022,0.181,0.672,34.16,997.98,0
17.16,23.75,2.74,0.323,0.127,24.14,1005.23,1
91.38,17.46,1.225,2.355,0.612,29.39,1009.43,1
74.19,67.76,1.406,0.595,0.598,34.34,994.06,0
12.13,52.47,2.536,0.087,0.147,18.02,1006.35,0
10.09,91.71,1.828,2.732,0.404,16.09,1004.15,0
84.12,42.69,1.829,2.672,0.755,21.27,1000.1,1
8.73,35.84,0.89,0.655,0.017,15.89,1008.71,0
98.62,55.07,2.502,2.341,0.147,17.34,1009.09,1
84.75,51.04,0.497,0.144,0.996,34.83,1019.14,1
9.76,41.0,0.159,0.855,0.734,34.2,1002.85,0
10.18,72.44,0.575,1.871,0.464,28.83,1005.94,0
118.4,78.36,0.803,2.29,0.63,30.06,994.73,1
44.91,86.77,0.847,0.031,0.846,17.81,1006.45,0
44.48,97.56,2.012,0.979,0.842,26.9,991.08,1
97.54,34.0,0.653,0.643,0.325,18.09,994.5,0
113.67,74.45,2.03,2.996,0.491,22.57,995.14,1
118.32,45.48,0.273,2.013,0.638,21.91,1008.98,1
90.41,70.94,0.442,1.217,0.072,27.28,1007.02,1
45.15,52.84,1.526,0.227,0.946,16.59,1013.94,1
10.02,99.44,2.766,1.796,0.433,17.07,1003.93,1
93.26,75.6,2.579,1.925,0.371,27.2,1004.25,1
67.01,95.72,2.906,2.449,0.907,27.72,994.85,1
50.91,85.15,1.951,0.866,0.118,21.8,1012.28,1
108.76,91.26,2.027,2.944,0.039,17.94,990.11,1
13.34,83.3,1.875,1.318,0.685,32.72,1002.75,1
59.12,51.32,1.868,0.888,0.385,16.06,995.65,1
1.36,32.66,0.441,1.045,0.764,29.35,1013.13,0
56.24,43.33,1.631,1.559,0.069,17.8,1010.2,0
6.76,11.82,1.158,2.81,0.384,27.75,1011.2,0
14.26,57.16,1.328,2.205,0.235,28.27,994.46,0
14.1,55.46,1.571,1.731,0.74,31.09,1010.06,1
77.91,57.27,0.385,0.488,0.227,22.9,1010.73,1
89.53,97.66,1.078,0.448,0.458,15.44,990.08,1
70.0,92.03,0.19,1.507,0.819,31.22,999.53,1
115.46,24.55,2.939,2.186,0.915,23.88,992.62,1
44.98,43.2,0.356,2.253,0.723,31.94,1010.44,0
34.29,48.16,0.776,0.678,0.429,30.52,996.36,0
104.23,42.45,2.674,0.3,0.572,24.97,997.94,1
26.83,81.86,1.448,1.153,0.69,34.99,992.35,1
115.59,57.16,0.407,2.755,0.875,24.24,1004.51,1
1.46,61.49,1.153,1.636,0.889,28.93,990.99,1
116.39,86.77,0.348,0.96,0.931,28.4,1015.37,1
5.18,82.53,0.601,0.971,0.811,25.36,990.79,0
106.94,21.9,0.156,0.396,0.147,26.71,991.85,1
63.32,74.25,1.315,1.42,0.748,30.97,1009.21,0
119.16,49.19,2.42,2.374,0.815,26.43,1017.51,1
8.86,36.52,1.758,2.906,0.878,24.0,1016.76,0
66.46,14.5,1.819,1.505,0.925,28.24,992.51,1
116.32,53.85,0.602,0.502,0.509,15.71,998.65,1
62.77,41.99,1.032,2.049,0.655,17.18,1005.63,0
75.53,32.64,2.536,2.27,0.01,17.51,990.8,1
83.49,72.52,0.264,0.215,0.573,23.52,1005.86,1
54.54,79.25,2.574,2.55,0.473,32.44,1003.43,1
75.31,32.03,1.451,2.488,0.962,27.87,1007.65,1
70.12,14.45,2.511,1.418,0.902,34.45,1017.61,1
108.14,86.39,0.954,1.681,0.798,15.8,998.24,1
5.45,10.9,1.017,2.14,0.057,29.44,1009.17,0
33.72,94.34,2.255,2.03,0.402,21.28,1002.89,0
114.05,66.49,2.355,0.05,0.696,15.47,1003.05,1
106.83,38.97,0.689,0.367,0.03,31.52,1009.42,1
54.68,32.18,2.919,0.488,0.236,18.25,1018.54,0
74.42,10.81,0.253,2.267,0.888,19.28,1015.89,1
33.29,31.19,0.206,1.32,0.13,21.81,1009.19,0
22.57,22.4,1.787,1.637,0.051,30.77,1003.85,0
55.64,65.09,2.168,2.318,0.581,27.49,1002.72,1
42.4,24.99,2.883,1.023,0.946,20.3,1013.61,1
70.04,57.58,1.215,2.247,0.835,18.37,996.55,1
9.33,63.11,0.076,1.327,0.975,17.19,1007.63,0
116.93,36.82,1.809,1.132,0.754,18.0,1005.15,1
118.35,13.16,0.869,0.999,0.437,32.36,1009.48,0
83.78,13.35,1.299,2.895,0.947,33.45,995.62,0
64.33,12.37,1.465,2.316,0.427,34.36,1010.87,0
37.14,76.52,0.194,0.061,0.35,31.69,1008.81,0
97.66,38.62,1.458,2.872,0.448,32.75,995.4,0
82.17,81.67,1.279,2.326,0.814,31.32,1003.49,1
19.51,48.86,2.138,0.448,0.918,34.16,1010.36,0
109.31,50.77,1.937,0.229,0.358,31.91,1017.05,1
98.7,56.16,0.556,0.925,0.462,24.24,993.66,1
113.98,74.17,0.618,1.873,0.898,21.47,990.26,1
87.09,34.62,0.753,1.85,0.047,26.68,994.95,0
73.61,20.94,0.537,0.828,0.784,27.16,1019.68,0
50.19,60.05,1.972,1.337,0.454,26.5,1013.05,1
111.93,39.43,2.983,0.636,0.377,29.13,1008.43,1
103.93,49.82,1.956,0.152,0.447,28.98,993.99,1
5.43,68.23,1.82,1.551,0.419,16.74,1002.48,0
3.16,54.47,1.23,1.041,0.757,20.71,1011.46,0
45.18,65.83,0.938,1.629,0.928,32.8,1016.88,1
97.27,58.98,2.733,2.84,0.491,26.8,1001.45,1
118.47,76.58,2.907,0.43,0.833,21.57,1019.99,1
18.05,73.53,1.49,0.006,0.732,32.01,994.19,1
71.3,58.08,0.871,0.231,0.331,19.98,1001.61,1
45.71,71.1,2.31,1.388,0.587,23.18,1016.26,1
116.39,88.62,0.397,2.121,0.667,20.53,1009.5,1
101.05,48.9,2.297,1.742,0.023,32.43,1014.33,1
100.6,47.15,2.457,1.485,0.396,29.57,1017.23,1
56.24,78.78,0.375,1.062,0.993,24.2,1005.22,1
49.78,62.43,2.931,0.93,0.637,33.65,997.04,1
32.81,16.39,2.957,1.129,0.334,33.55,1010.81,0
6.77,90.29,2.81,1.835,0.25,29.23,1006.9,0
103.77,12.77,1.488,0.503,0.209,32.84,1013.18,0
97.55,77.36,0.738,2.314,0.402,29.39,1005.35,1
119.97,78.29,1.746,1.726,0.193,27.56,1014.33,1
119.6,95.78,1.26,0.807,0.135,23.42,1017.06,1
66.65,14.87,0.618,1.503,0.364,20.47,1012.49,1
92.28,63.72,1.271,2.888,0.607,16.21,1012.31,1
113.37,48.51,1.992,0.061,0.146,31.02,1007.62,1
101.96,39.76,0.213,0.599,0.044,17.44,1004.15,0
29.68,18.13,1.0,1.345,0.035,23.21,1019.18,0
54.07,60.64,0.053,1.915,0.267,19.69,1009.35,0
15.5,53.11,2.248,0.637,0.19,24.09,1015.21,0
114.49,19.41,1.922,2.794,0.539,21.3,1005.16,1
72.74,65.12,0.188,1.928,0.456,31.59,1006.65,0
27.44,76.42,2.894,2.632,0.325,34.56,1009.89,0
80.6,79.06,0.068,0.988,0.834,33.83,1011.86,0
74.18,91.48,1.77,2.487,0.505,27.45,1003.45,1
42.98,46.85,2.329,1.135,0.092,34.59,1000.69,1
13.63,95.78,2.364,0.758,0.296,23.01,997.18,1
80.59,87.89,0.103,2.735,0.973,25.45,1002.71,1
62.44,36.69,2.719,0.277,0.977,20.14,996.34,1
92.68,24.34,2.755,2.829,0.255,32.96,1002.5,1
62.42,49.19,1.684,1.376,0.167,18.59,1016.24,1
102.26,46.17,1.446,2.978,0.496,27.21,1019.31,1
66.23,61.81,0.135,1.619,0.481,30.99,1007.31,0
67.31,62.5,1.686,2.272,0.41,26.91,994.38,1
105.2,77.5,1.228,0.021,0.529,16.58,1002.83,1
48.42,55.89,2.318,1.49,0.232,27.23,1008.06,1
16.08,19.43,1.212,2.212,0.115,30.34,1001.12,0
3.45,87.25,2.051,2.348,0.57,18.76,996.15,0
90.62,37.88,0.304,0.474,0.933,29.74,996.8,0
74.44,97.42,0.399,1.257,0.138,32.57,1004.22,0
84.49,20.61,0.419,1.257,0.705,34.73,996.49,1
25.56,96.24,0.137,0.311,0.438,23.2,997.49,1
16.36,18.19,1.624,1.329,0.294,15.5,1016.19,0
1.75,30.79,2.382,2.421,0.853,23.38,1013.37,1
42.07,14.19,1.831,0.901,0.456,28.2,991.66,1
70.79,73.46,1.725,1.298,0.583,32.83,999.61,1
47.07,86.53,2.042,2.883,0.443,33.76,1005.96,1
52.5,49.07,1.019,0.095,0.081,33.19,991.82,0
108.5,93.57,1.086,1.775,0.595,28.16,1010.5,1
41.79,63.13,0.943,2.23,0.419,28.65,1001.53,1
61.68,66.7,2.136,2.283,0.087,15.05,1001.92,0
94.04,86.09,0.485,2.148,0.596,22.27,997.96,1
47.59,36.71,0.039,2.179,0.01,33.14,1000.02,0
74.65,41.88,1.789,0.177,0.209,28.79,1015.85,0
103.48,91.54,2.827,1.602,0.781,24.36,1013.66,1
113.94,91.09,1.828,2.349,0.038,17.09,1018.07,1
17.65,97.88,2.349,0.282,0.647,19.93,1010.97,0
111.19,91.17,2.018,0.036,0.95,26.1,1007.34,1
59.05,21.46,1.492,2.444,0.171,32.95,997.78,0
30.99,84.14,2.155,2.137,0.417,16.92,1010.01,1
55.1,46.89,2.472,1.237,0.575,18.08,1017.18,1
117.6,99.17,0.674,2.821,0.45,28.1,992.07,1
59.11,52.51,1.008,2.3,0.62,20.88,1003.29,0
39.45,59.85,0.671,2.904,0.404,18.39,994.48,1
76.01,57.68,1.357,2.788,0.149,18.57,1014.32,1
28.82,38.96,2.655,1.444,0.089,24.85,1008.42,0
9.1,16.75,1.036,2.264,0.744,26.67,1016.39,0
15.47,90.61,1.123,2.008,0.239,33.09,991.89,1
15.37,82.24,2.581,2.434,0.847,25.6,1017.17,0
18.23,22.56,1.546,2.363,0.743,28.83,992.02,0
16.66,79.91,1.606,0.46,0.049,18.61,998.63,0
76.9,66.33,2.582,0.701,0.201,29.27,994.68,1
21.83,46.82,1.472,0.797,0.292,27.97,994.36,0
41.48,32.86,2.045,2.455,0.594,19.32,995.15,0
107.61,87.38,0.257,2.432,0.81,28.39,1004.41,1
56.88,73.02,0.536,1.486,0.06,19.23,1013.53,0
80.11,59.3,1.213,1.742,0.25,26.87,1016.95,0
20.68,64.86,1.485,2.481,0.376,28.38,1007.01,1
23.07,18.2,2.897,0.938,0.183,28.87,994.73,0
4.9,52.65,2.912,0.151,0.545,33.19,992.38,0
20.27,27.43,2.554,1.448,0.478,33.96,1004.82,0
33.43,28.75,0.947,2.741,0.316,31.2,1012.96,0
21.24,69.52,2.892,2.371,0.517,32.57,1008.6,0
10.64,92.01,2.068,1.1,0.356,15.39,1007.48,0
14.48,46.34,1.179,0.194,0.343,22.25,991.44,0
55.29,28.7,2.105,1.911,0.265,15.79,1002.35,1
24.76,68.39,0.05,2.503,0.54,19.5,1006.51,0
43.71,88.41,0.438,1.995,0.444,22.63,1007.95,0
60.41,77.35,2.489,1.275,0.196,32.35,990.14,0
82.85,88.19,1.937,0.37,0.013,25.24,995.99,0
4.72,58.29,1.093,2.732,0.151,27.98,1018.49,0
95.93,77.67,1.502,0.828,0.043,22.26,1005.26,1
75.35,22.61,2.715,0.673,0.432,27.06,1011.11,0
9.81,41.34,1.895,2.448,0.225,31.31,999.25,0
104.83,45.06,1.194,2.944,0.42,21.02,1007.56,1
110.5,56.02,0.361,1.98,0.329,33.65,1000.69,1
7.33,93.62,0.881,1.874,0.538,19.27,998.91,0
33.23,88.69,2.935,0.958,0.724,33.39,1002.34,1
96.74,22.11,1.312,0.061,0.479,15.57,1003.79,1
89.79,25.55,1.416,0.575,0.062,25.86,999.93,0
22.14,42.19,1.496,1.753,0.018,34.7,997.74,0
25.12,36.17,2.652,0.454,0.213,27.2,1008.71,0
44.46,65.33,1.812,2.652,0.425,26.1,1001.42,1
58.14,91.25,2.081,0.564,0.045,28.65,996.05,0
74.19,96.61,1.168,1.566,0.328,20.79,1012.75,1
44.27,68.82,0.087,1.536,0.887,16.08,1011.71,1
55.5,85.43,2.793,1.812,0.09,20.02,1016.6,1
89.7,57.27,2.847,0.982,0.949,18.52,1006.65,1
4.4,28.75,2.847,2.621,0.857,33.47,998.38,1
30.29,57.22,2.831,1.333,0.832,32.05,1015.91,0
85.6,59.96,2.446,2.1,0.864,21.35,998.41,1
107.42,76.82,2.054,1.908,0.08,31.72,1009.67,1
61.4,29.79,2.534,0.351,0.151,19.24,995.71,0
63.85,43.15,1.802,1.868,0.134,18.99,1008.88,0
12.86,42.76,0.403,1.652,0.111,30.35,1015.23,0
53.69,96.35,1.174,2.696,0.328,21.54,1006.2,0
63.91,49.96,2.914,2.643,0.83,16.3,1004.13,0
29.1,77.96,1.053,0.453,0.252,29.4,1019.8,0
32.31,77.57,2.603,0.245,0.244,34.79,990.67,0
45.27,33.9,0.28,0.884,0.676,26.32,999.95,0
2.41,61.47,1.003,2.96,0.097,20.27,1017.56,0
38.65,90.49,1.053,0.065,0.36,22.46,1009.28,0
25.37,52.77,0.155,2.019,0.295,27.97,1006.26,0
39.3,95.06,0.357,1.826,0.847,29.03,1009.13,0
14.37,29.3,0.579,1.94,0.515,32.73,999.66,0
106.86,16.67,2.513,0.655,0.646,33.18,992.14,0
71.23,90.23,0.19,0.68,0.129,32.23,998.25,0
81.49,86.29,0.896,1.292,0.929,27.97,1000.09,1
94.7,99.33,0.031,0.288,0.322,24.0,1004.4,1
59.81,71.15,2.087,0.224,0.707,28.59,1001.82,0
10.43,94.3,1.861,0.265,0.955,28.33,1005.63,1
64.45,84.43,1.935,1.719,0.509,19.36,995.88,0
70.42,86.0,1.123,1.193,0.508,25.15,995.52,1
89.45,61.22,0.625,0.881,0.117,19.16,1000.55,0
51.8,44.41,2.161,0.947,0.39,32.98,1004.21,1
15.31,94.11,2.433,0.622,0.852,21.46,1000.25,1
34.05,48.89,0.416,1.235,0.135,31.11,1007.3,0
43.57,58.49,1.46,0.609,0.918,22.54,999.3,0
77.51,50.15,0.746,2.094,0.667,30.27,995.32,1
68.49,60.83,0.504,0.372,0.421,19.42,1015.88,1
42.73,52.35,2.203,2.845,0.546,30.27,996.02,1
118.38,14.32,1.614,0.269,0.15,18.59,1019.0,0
72.69,89.38,0.649,2.83,0.217,24.82,1019.62,1
28.47,50.0,0.93,2.5,0.286,17.27,1010.9,0
12.21,63.0,2.9,2.042,0.385,25.56,1005.06,0
18.34,22.53,2.546,2.737,0.916,31.41,1013.86,0
29.51,10.3,2.64,0.418,0.368,30.11,1016.2,1
19.28,32.08,1.38,0.529,0.524,16.01,1011.29,1
22.39,73.41,1.871,0.756,0.162,24.84,993.06,1
34.21,18.93,1.13,0.734,0.736,32.04,990.09,0
20.8,91.8,0.233,0.933,0.56,28.0,995.76,0
107.61,29.35,1.203,1.727,0.44,16.18,995.66,0
9.63,28.41,1.782,0.085,0.947,21.51,995.48,0
62.94,26.34,0.861,1.147,0.891,26.13,1005.29,1
49.25,11.26,2.544,0.739,0.66,18.45,1005.6,1
117.89,79.46,0.453,1.82,0.922,28.64,1011.69,0
13.44,88.75,1.101,2.956,0.565,27.7,996.04,0
47.74,65.27,0.375,1.553,0.827,19.05,992.78,1
116.34,26.94,1.214,1.277,0.409,26.01,1009.98,0
103.86,35.68,0.119,1.105,0.087,31.23,1004.52,1
98.05,52.83,0.818,2.355,0.994,22.5,1009.99,0
30.95,95.89,1.202,0.216,0.166,19.94,1001.42,0
20.51,32.26,1.434,2.879,0.252,29.02,1012.52,0
80.24,75.85,1.631,1.254,0.163,16.42,1010.48,1
111.53,49.55,0.825,0.941,0.337,31.65,1009.51,0
66.81,36.81,1.569,2.922,0.289,33.87,990.83,1
68.59,51.03,1.527,2.808,0.601,34.3,1015.74,1
33.6,16.41,0.949,1.926,0.996,23.65,1001.3,1
92.34,81.88,2.491,0.056,0.053,27.46,994.07,1
22.45,31.9,1.637,2.246,0.778,32.15,1012.67,0
38.84,75.29,0.997,1.007,0.128,19.47,1004.59,0
51.05,16.15,2.842,1.165,0.02,15.55,990.96,0
60.91,95.96,2.535,0.476,0.639,22.69,1013.46,1
29.09,27.37,2.948,1.57,0.873,32.69,1003.05,0
13.78,89.45,2.077,2.234,0.176,25.1,1012.65,0
73.27,82.85,1.135,0.819,0.342,25.6,1012.67,0
34.64,97.11,0.843,2.816,0.169,28.83,993.0,0
69.75,53.01,1.99,0.584,0.907,26.49,1008.4,1
18.52,75.47,2.942,0.199,0.27,16.09,1000.8,1
57.74,43.36,1.88,1.933,0.445,26.22,1006.39,1
63.91,26.59,2.645,2.548,0.895,27.96,992.66,0
6.22,49.88,0.987,2.859,0.553,27.83,1007.65,0
40.39,24.92,1.221,2.302,0.933,29.57,1013.33,0
16.13,98.38,2.719,0.599,0.926,25.4,1019.6,0
7.6,18.66,2.271,2.933,0.462,33.0,999.61,0
118.8,63.03,2.944,2.758,0.582,24.29,994.65,1
38.68,66.38,2.324,0.49,0.23,25.36,1000.98,1
97.18,58.43,1.346,1.676,0.991,30.61,990.58,1
30.56,69.6,1.593,1.667,0.278,31.66,1002.26,0
81.78,20.46,2.702,1.328,0.783,27.97,1017.44,1
91.23,59.95,1.655,2.953,0.313,17.53,995.83,1
71.48,35.85,0.766,0.179,0.313,21.64,1004.33,1
56.59,94.62,1.307,1.882,0.104,15.4,1007.18,1
49.42,78.59,1.549,0.616,0.56,20.91,995.4,1
41.86,97.53,0.29,1.582,0.245,26.4,999.9,0
111.54,13.38,2.231,2.339,0.148,31.1,1017.34,0
99.67,35.66,0.328,0.74,0.227,26.71,998.87,0
115.8,27.59,1.215,1.18,0.251,15.8,1009.06,1
14.92,11.0,2.414,2.852,0.504,20.18,994.11,0
87.7,31.81,1.403,2.284,0.386,26.56,1010.1,0
112.6,71.09,2.526,1.718,0.075,29.18,998.37,1
21.75,30.8,1.026,0.666,0.536,32.33,996.94,0
7.98,55.81,2.873,1.276,0.788,34.35,993.72,1
88.93,89.9,0.628,2.322,0.574,32.84,991.4,1
68.94,72.44,0.115,2.462,0.975,24.35,1019.04,0
101.02,45.52,2.617,0.734,0.099,29.94,1002.42,0
16.77,43.52,2.257,1.986,0.821,19.81,1013.33,1
95.43,51.02,0.696,0.285,0.506,16.28,1017.6,1
24.2,25.93,2.954,0.07,0.522,16.1,996.12,0
19.64,67.06,1.507,1.646,0.519,19.83,1016.1,0
19.71,42.77,2.853,0.673,0.325,15.75,1011.24,0
97.75,86.71,1.515,0.237,0.325,32.01,1007.34,0
79.82,78.09,1.416,2.189,0.632,24.8,1014.27,1
62.77,64.95,1.347,1.494,0.045,31.22,993.32,1
43.06,42.78,1.005,2.389,0.589,33.8,997.91,0
105.26,28.89,1.601,1.992,0.725,34.88,993.93,1
47.09,79.85,1.358,2.189,0.356,33.74,1016.88,1
97.99,53.78,0.11,0.922,0.217,29.33,992.96,0
52.7,30.23,0.781,0.79,0.213,23.84,1019.4,0
45.23,27.57,0.639,1.803,0.082,26.96,993.3,1
55.52,24.89,2.602,0.6,0.09,31.33,1009.85,1
36.17,79.94,1.797,2.446,0.167,32.95,1009.81,1
89.71,30.61,2.291,1.569,0.019,34.13,1017.94,0
60.33,57.4,2.87,0.681,0.266,29.61,999.69,0
27.87,50.64,1.932,1.876,0.306,25.8,999.96,1
107.95,62.16,2.948,2.835,0.995,34.37,1015.39,1
46.07,88.94,0.935,0.246,0.992,34.17,1019.36,0
65.23,88.1,0.559,0.328,0.187,24.55,990.9,1
108.78,50.6,1.21,2.532,0.213,27.97,1009.06,1
74.91,11.38,1.412,0.329,0.492,31.19,997.31,0
14.03,48.38,2.686,0.118,0.149,23.66,1011.84,0
112.78,64.56,1.68,1.044,0.504,31.59,1013.18,1
75.32,60.2,0.877,1.4,0.399,17.23,1012.88,0
40.19,68.62,2.228,1.708,0.325,24.62,1003.07,0
16.71,23.87,1.517,1.522,0.823,24.65,994.73,0
95.28,68.19,0.486,2.74,0.828,28.69,1007.54,0
74.41,26.44,1.73,2.306,0.988,17.33,1013.67,1
64.02,77.55,2.734,2.951,0.223,17.06,1017.37,0
107.27,40.52,2.528,1.429,0.888,33.01,1003.58,1
94.63,73.89,1.76,0.253,0.538,21.07,997.37,0
18.2,14.31,1.131,2.867,0.591,21.54,993.56,0
37.41,46.71,0.261,0.012,0.896,30.54,1013.93,0
29.82,73.45,1.409,2.328,0.943,23.3,1006.06,1
89.27,30.42,2.256,0.094,0.727,31.66,1010.23,1
4.02,81.58,1.081,2.284,0.348,23.03,994.78,0
68.39,66.77,0.706,2.814,0.49,30.21,990.2,1
91.5,62.88,2.794,1.168,0.615,25.51,1019.03,0
105.21,41.82,2.465,0.723,0.829,33.72,1014.33,1
41.05,53.42,1.915,0.679,0.658,21.55,1002.0,0
98.55,63.76,0.41,1.475,0.365,22.25,1003.71,0
13.28,52.52,0.435,0.513,0.418,34.4,1017.87,1
101.57,72.85,0.31,2.019,0.05,29.75,996.23,1
15.3,49.03,1.849,1.105,0.924,30.45,1014.08,0
47.67,28.2,0.347,0.969,0.088,20.92,990.54,0
95.68,29.25,2.528,1.384,0.58,25.64,1016.27,1
17.99,10.52,2.979,1.628,0.872,21.27,1007.68,1
27.51,37.09,1.099,0.426,0.421,20.2,1004.33,1
86.67,77.4,1.361,2.123,0.8,25.7,1011.19,1
86.4,81.47,2.135,2.649,0.804,34.76,992.03,1
76.94,28.22,2.811,0.834,0.06,19.29,995.87,1
83.27,96.31,2.682,0.541,0.412,19.85,1002.21,1
65.13,55.22,0.173,2.282,0.691,19.86,1008.54,1
30.22,92.53,0.507,0.551,0.422,30.83,994.34,0
41.48,73.61,2.264,0.124,0.545,25.21,1001.38,1
21.79,75.02,2.067,1.858,0.594,22.7,997.83,0
109.01,17.65,0.4,0.719,0.151,31.88,1009.37,1
70.01,29.8,1.506,0.515,0.412,20.95,1017.58,0
48.1,10.79,2.342,2.945,0.028,22.84,994.98,0
55.44,74.45,0.656,0.876,0.15,16.47,995.68,1
113.67,41.0,2.614,2.71,0.512,17.38,1008.02,0
18.4,80.8,0.159,0.535,0.574,17.73,1003.61,0
70.35,40.5,2.347,2.457,0.146,21.94,1011.54,1
60.71,83.74,1.847,1.506,0.756,25.48,998.64,1
73.37,21.76,0.946,0.236,0.373,15.01,1006.34,0
2.17,25.6,2.163,2.201,0.921,18.8,1001.6,0
104.65,40.68,2.347,2.676,0.388,18.51,998.44,1
111.85,46.76,2.802,0.489,0.15,20.07,1011.88,1
67.82,41.38,1.103,2.177,0.758,18.32,1013.88,1
83.6,78.73,2.058,1.335,0.568,18.9,999.87,1
110.7,18.73,1.808,2.262,0.387,34.68,1008.69,0
84.87,41.61,1.576,2.142,0.356,26.89,995.36,1
18.3,85.35,2.671,0.08,0.151,30.25,1013.73,0
69.15,16.01,0.01,0.536,0.341,31.39,998.44,0
72.81,94.81,0.846,1.413,0.029,28.35,995.13,1
50.9,98.77,1.615,2.801,0.502,29.08,1018.2,0
88.37,17.97,0.535,1.026,0.897,27.65,1002.67,1
112.12,36.21,2.724,1.887,0.795,27.99,1009.3,1
111.07,43.52,1.943,0.036,0.029,33.57,1014.28,1
54.1,79.88,1.434,2.133,0.881,18.71,1010.58,1
13.59,63.63,2.444,1.809,0.452,20.49,1006.94,0
118.18,67.99,1.353,2.146,0.191,16.87,1001.15,1
100.67,78.18,1.676,2.714,0.752,31.75,1017.56,1
14.96,20.62,0.008,0.439,0.323,23.98,994.01,0
110.5,84.99,1.097,0.785,0.253,33.14,1016.52,1
104.39,73.51,0.416,2.987,0.161,23.23,1011.3,1
62.26,61.96,2.069,0.469,0.487,23.85,1007.14,1
70.95,90.08,1.437,2.162,0.093,23.97,999.74,0
47.88,73.03,0.905,2.175,0.786,27.25,994.38,1
6.57,28.15,1.403,2.049,0.471,30.32,1003.29,0
40.22,48.68,0.629,0.682,0.447,22.03,1013.51,0
96.34,54.46,2.775,0.645,0.002,27.6,1012.36,1
0.56,14.97,0.162,1.999,0.818,19.08,1009.36,0
40.02,95.92,2.596,0.559,0.493,26.08,1019.77,1
47.78,21.57,1.534,1.985,0.44,25.93,1019.18,0
64.49,72.77,1.857,1.478,0.761,32.77,1002.0,0
110.38,55.56,0.908,1.16,0.063,32.92,995.78,1
41.56,12.31,2.9,0.901,0.367,24.74,1003.92,0
41.63,93.23,0.846,2.843,0.576,15.49,1015.34,0
88.5,86.67,1.767,1.524,0.461,31.89,1003.76,1
54.27,57.18,2.98,1.684,0.182,15.01,1000.08,0
26.95,30.6,2.643,2.848,0.299,24.57,1012.24,0
54.29,20.95,1.609,1.962,0.3,15.4,1009.5,0
16.9,42.71,2.971,2.874,0.992,22.05,1019.06,1
21.17,32.99,2.104,0.319,0.326,27.74,1006.48,1
59.8,55.6,0.626,2.54,0.205,22.42,1019.02,1
50.27,96.98,1.217,1.006,0.823,33.54,998.73,1
109.78,61.75,1.003,2.431,0.421,27.82,1015.94,0
43.49,90.09,1.032,2.567,0.444,27.93,1000.53,0
69.67,68.58,2.281,0.814,0.549,22.49,1014.29,1
75.87,52.77,1.753,1.226,0.596,15.77,1017.78,0
1.57,86.91,0.114,2.178,0.591,29.76,1008.7,0
79.62,52.42,2.632,0.297,0.034,29.32,1011.86,0
21.36,88.18,0.89,2.267,0.819,25.6,1018.76,1
115.33,36.24,2.991,0.331,0.195,23.33,1001.25,1
17.84,21.59,2.863,2.743,0.292,25.77,1005.35,0
49.75,86.98,2.822,0.829,0.173,29.94,1016.95,1
10.24,62.87,2.433,1.727,0.767,29.26,1010.18,0
119.62,90.02,0.662,0.351,0.584,28.16,1016.21,0
60.26,94.4,1.598,0.808,0.755,33.08,1008.55,1
71.45,14.83,0.673,1.212,0.653,27.2,1012.19,0
8.05,55.09,0.779,1.461,0.104,15.29,990.39,0
90.0,43.75,1.833,0.0,0.301,27.36,1000.19,1
25.19,66.33,0.123,2.666,0.507,27.25,1013.11,1
107.77,81.42,2.908,0.023,0.305,16.39,1002.12,1
24.62,35.25,2.756,2.321,0.207,23.55,1000.89,1
22.88,60.11,1.142,1.412,0.87,28.02,1018.55,0
4.39,73.79,1.546,1.572,0.748,29.09,1006.58,1
56.65,22.1,1.398,0.625,0.345,32.86,995.77,0
67.78,83.27,2.647,1.822,0.765,31.83,1004.17,1
7.89,64.55,2.066,1.612,0.628,17.33,1005.56,1
93.06,95.46,0.834,0.493,0.004,27.18,1019.66,0
54.39,40.56,1.341,0.714,0.38,26.93,1011.55,0
62.93,19.73,1.287,0.201,0.29,21.07,1005.58,0
52.89,55.59,2.878,0.199,0.218,18.68,1002.96,0
48.09,17.72,0.526,0.041,0.252,18.99,1017.46,0
67.16,97.26,0.269,0.661,0.942,18.55,1009.38,1
18.63,13.48,2.642,2.039,0.486,31.13,1000.68,0
21.83,77.82,2.69,0.949,0.848,17.97,1003.94,1
103.41,57.26,2.615,1.028,0.214,20.29,998.34,1
113.53,43.18,1.533,0.396,0.174,19.36,1018.81,0
44.8,15.93,1.979,1.726,0.889,29.26,1011.06,1
32.49,66.0,1.69,1.026,0.496,18.17,1001.77,1
77.28,62.67,0.208,2.029,0.895,15.48,995.5,1
49.05,35.28,1.788,2.224,0.063,22.48,995.31,0
3.05,91.92,0.041,1.754,0.916,21.1,1004.33,1
18.74,37.37,0.975,0.828,0.415,22.95,1004.03,0
85.92,50.48,2.797,1.526,0.155,30.08,1002.53,0
79.07,58.94,0.912,0.756,0.683,15.25,1015.55,1
3.25,19.02,2.819,2.709,0.797,15.75,1019.38,1
26.64,93.89,0.75,2.299,0.047,20.11,1000.64,0
27.73,43.71,0.944,1.479,0.987,32.78,998.84,0
80.63,17.27,1.885,2.896,0.697,18.38,1013.1,0
2.37,44.86,2.285,1.64,0.321,34.94,1003.49,0
12.49,64.02,1.504,0.986,0.151,31.11,996.53,0
95.99,56.23,2.646,0.286,0.393,24.12,995.43,0
21.43,72.51,0.121,1.631,0.221,29.96,998.42,0
78.33,14.99,2.767,2.581,0.494,25.38,990.04,1
28.58,35.61,0.589,2.6,0.782,26.32,1018.24,0
11.93,83.73,2.653,1.814,0.66,26.62,1002.91,1
29.18,17.19,1.203,1.18,0.436,27.97,992.49,0
86.67,86.99,2.498,1.951,0.119,16.22,994.95,1
102.68,18.27,2.015,2.286,0.957,27.33,999.7,1
99.63,85.1,0.528,1.235,0.27,29.34,1006.55,1
47.66,42.47,2.754,1.429,0.278,21.21,1011.11,0
80.17,65.1,0.737,2.042,0.646,34.57,999.24,1
24.6,23.76,0.732,2.63,0.771,17.89,1018.73,0
35.18,15.96,2.443,2.373,0.984,33.21,1012.81,0
107.56,29.43,0.318,0.067,0.969,28.53,1014.77,1
1.56,21.51,0.666,0.373,0.914,28.29,999.71,0
10.26,38.12,1.511,2.558,0.435,32.52,1001.43,0
24.95,56.29,2.491,2.501,0.167,31.63,1006.14,0
3.18,62.99,0.442,1.166,0.584,21.91,1003.55,1
21.77,81.09,1.643,1.753,0.017,29.11,997.8,0
69.96,69.06,2.134,2.718,0.196,16.01,1019.92,1
50.57,64.79,2.582,2.735,0.003,24.28,1015.45,0
107.12,47.06,2.807,2.349,0.181,33.76,997.14,1
98.09,52.64,2.354,0.629,0.475,20.48,1016.77,1
41.02,47.31,1.958,2.191,0.393,16.0,1007.61,1
31.13,85.79,1.301,0.303,0.369,26.66,990.38,0
45.56,30.7,0.336,2.682,0.831,22.1,1000.38,0
70.84,10.51,2.129,0.447,0.675,22.59,990.77,1
32.17,68.62,2.978,1.987,0.936,26.65,992.63,0
74.9,28.22,2.21,1.831,0.445,27.43,995.37,1
49.13,90.11,0.05,2.331,0.272,23.75,1004.53,0
66.25,87.31,1.489,1.655,0.123,25.15,1001.44,1
52.34,16.91,1.844,0.179,0.672,34.87,994.47,0
35.34,19.57,2.069,2.118,0.842,34.14,1001.84,0
113.81,54.57,2.159,1.149,0.184,29.15,999.13,1
91.63,64.83,1.674,0.961,0.879,18.23,1002.3,1
16.81,34.74,0.67,2.975,0.526,22.2,995.17,0
104.22,74.51,2.827,1.771,0.144,32.66,1008.29,1
58.49,63.54,2.09,2.132,0.643,23.47,991.34,1
107.35,39.23,0.711,1.579,0.52,34.11,1001.64,1
95.98,12.28,0.967,2.31,0.028,24.77,1016.85,1
51.03,77.51,2.766,2.256,0.399,32.24,1002.59,1
2.7,29.33,2.662,1.971,0.785,15.71,1003.23,0
32.24,85.1,1.215,2.993,0.555,23.68,992.04,1
65.0,47.83,0.115,1.379,0.282,29.01,1008.16,0
76.02,61.94,0.145,2.119,0.929,32.27,1018.09,0
30.95,88.57,0.852,2.393,0.238,27.19,998.75,1
16.72,87.73,1.887,1.128,0.253,18.47,1001.8,0
100.19,43.44,1.753,1.372,0.355,32.72,1007.64,1
118.13,28.8,1.901,2.908,0.895,26.5,992.8,1
63.08,79.76,2.152,0.097,0.508,17.16,1018.51,1
20.6,48.98,0.057,1.006,0.682,24.28,1004.03,0
32.68,27.28,0.315,1.459,0.976,28.98,993.45,1
2.21,91.4,1.078,0.004,0.783,24.02,1000.06,0
109.72,27.83,0.465,2.697,0.173,32.42,1001.21,0
14.13,12.32,0.226,0.859,0.788,23.47,1000.36,0
69.18,11.83,1.923,0.773,0.748,26.67,1010.8,0
32.89,66.01,2.446,2.461,0.233,19.22,1000.37,0
66.5,69.55,2.258,0.834,0.325,25.25,999.72,1
78.17,37.99,2.451,1.973,0.71,19.46,999.66,1
99.57,38.8,1.998,2.465,0.238,19.5,1013.34,0
24.77,40.55,2.206,2.377,0.208,20.6,999.25,0
1.32,71.21,0.815,2.346,0.703,15.88,990.42,0
16.43,15.23,2.979,0.266,0.881,18.27,1000.97,0
108.0,93.62,0.549,0.24,0.075,23.49,998.35,0
104.87,30.03,0.643,0.92,0.446,17.62,1017.27,0
71.69,99.97,0.867,0.108,0.607,17.67,1004.34,1
72.06,25.44,2.926,1.501,0.676,34.36,997.04,1
79.8,79.44,2.965,1.184,0.996,23.54,1019.45,1
21.04,30.11,2.385,1.671,0.683,23.07,997.4,0
109.73,17.28,1.887,0.896,0.62,20.35,1012.89,1
50.25,88.74,1.56,1.457,0.99,25.25,1009.49,1
45.98,87.29,2.912,1.004,0.061,26.92,1003.87,0
62.27,46.32,2.087,0.586,0.074,23.36,1002.18,1
5.64,73.22,2.834,1.948,0.561,22.88,1016.17,0
19.95,60.14,0.95,2.02,0.359,29.01,1004.25,0
88.56,86.77,1.001,2.488,0.097,34.0,1001.26,1
9.94,38.36,2.564,2.624,0.306,32.56,1000.63,0
72.38,57.13,0.45,2.113,0.674,17.37,998.28,1
29.44,53.68,2.838,2.062,0.881,28.05,1002.27,0
46.72,41.85,1.522,0.17,0.094,15.14,993.6,0
34.64,90.23,2.779,0.329,0.54,27.66,991.95,1
42.68,24.93,1.01,2.438,0.296,24.29,1006.24,0
86.29,23.46,2.148,0.699,0.667,24.82,1003.63,1
35.65,61.92,1.449,1.067,0.549,26.76,995.2,0
67.97,69.17,1.88,0.436,0.927,29.85,993.2,0
57.13,27.52,1.513,0.585,0.038,29.59,994.3,0
79.64,45.16,2.901,2.326,0.47,15.89,999.46,0
112.42,95.19,2.076,0.786,0.193,29.73,1003.54,1
87.91,32.2,0.754,1.347,0.537,31.6,995.8,1
25.79,70.15,2.729,0.455,0.854,16.36,1012.67,1
3.74,76.61,0.882,2.034,0.911,21.46,995.8,1
31.47,50.33,1.115,2.185,0.398,30.84,993.72,0
71.41,94.38,0.306,1.085,0.812,24.86,1019.84,1
6.17,76.3,2.7,2.354,0.281,28.9,1003.43,0
59.56,51.21,0.858,0.72,0.006,25.05,995.1,1
71.62,61.24,0.777,2.076,0.855,34.56,1016.84,0
40.11,72.34,2.761,2.19,0.119,33.72,996.93,0
92.51,63.3,2.417,2.906,0.018,20.62,1017.77,0
12.79,89.08,0.423,0.697,0.354,22.72,993.57,1
9.02,42.12,2.308,0.281,0.379,23.63,1015.25,0
87.38,36.99,2.739,0.789,0.077,17.08,995.53,1
59.46,29.25,0.236,0.369,0.814,23.08,1018.15,1
82.61,13.4,2.476,0.509,0.406,30.5,1007.23,0
52.18,13.87,1.642,1.002,0.49,31.94,995.7,1
29.57,88.3,2.008,1.242,0.265,32.72,1015.34,0
98.29,71.06,1.479,2.711,0.512,15.29,1001.72,1
95.93,69.45,2.093,0.587,0.767,30.78,1011.98,1
83.36,65.32,0.102,2.915,0.906,25.05,1009.3,1
32.66,86.43,2.288,2.43,0.971,19.12,1011.43,0
70.83,53.22,0.1,2.644,0.427,24.97,1000.31,0
43.32,88.34,1.366,2.788,0.99,31.89,1018.16,1
10.99,42.35,0.453,2.26,0.295,23.68,1006.79,0
110.08,93.4,2.471,2.366,0.007,34.81,992.33,1
16.42,72.88,0.941,1.313,0.768,27.33,992.0,0
114.03,33.15,1.362,1.531,0.178,24.8,1012.15,1
53.52,60.77,1.286,2.797,0.052,20.9,1015.5,0
22.22,57.97,2.318,1.135,0.924,15.22,1010.86,1
65.03,22.41,1.443,0.126,0.792,27.21,998.32,0
104.75,63.21,2.367,2.288,0.103,26.55,996.78,0
87.87,38.33,0.221,1.719,0.777,25.34,1006.96,0
96.79,14.71,0.575,2.445,0.844,25.75,995.9,0
79.05,95.38,1.655,0.227,0.905,31.87,1001.37,1
83.07,67.73,2.841,1.864,0.544,21.34,1008.86,1
101.9,88.92,0.224,0.743,0.703,26.01,998.55,1
29.96,70.85,0.129,2.71,0.762,28.6,1001.26,1
58.73,42.13,0.47,0.33,0.689,19.2,1000.82,0
26.55,56.14,1.923,2.529,0.647,33.5,1003.82,0
118.52,70.82,1.197,0.266,0.548,29.74,1010.23,1
113.29,96.42,2.477,0.075,0.479,16.07,1013.47,1
4.73,32.83,0.216,0.705,0.996,32.3,1009.95,0
84.67,88.75,0.589,0.999,0.338,33.6,990.79,1
111.03,93.17,0.9,1.88,0.088,30.87,1016.91,1
21.67,70.34,1.88,0.395,0.765,23.52,1007.44,0
68.15,93.81,2.056,1.312,0.214,34.89,1017.61,0
109.86,45.81,0.373,0.613,0.533,17.49,1018.92,1
4.07,95.77,2.831,2.566,0.096,25.73,1004.04,0
83.69,73.25,1.023,0.135,0.619,18.41,1017.49,0
35.68,13.78,2.14,1.068,0.944,23.79,1000.96,0
110.93,91.62,1.573,1.894,0.723,33.55,997.81,1
116.53,53.6,0.668,2.739,0.215,30.89,992.21,1
113.31,51.43,2.539,2.604,0.971,30.64,1003.55,0
56.91,60.98,2.455,2.686,0.307,22.08,1010.66,1
103.45,23.44,1.188,0.189,0.437,33.69,1019.31,0
101.35,52.22,1.766,2.523,0.498,22.37,1005.64,1
38.29,84.8,0.773,2.34,0.991,15.8,1012.03,1
99.47,11.39,2.07,2.707,0.069,27.76,1016.88,1
4.44,34.56,0.927,0.935,0.697,22.25,1006.3,1
71.55,10.22,2.532,2.735,0.362,18.07,995.0,1
27.6,47.41,0.652,1.208,0.078,33.69,1015.45,0
14.47,75.55,0.044,1.902,0.935,27.74,1007.23,0
9.23,81.89,0.806,1.273,0.59,33.81,1012.76,1
83.55,95.07,0.573,1.283,0.754,26.66,1009.75,1
40.78,64.77,1.525,1.64,0.24,16.28,991.83,1
86.97,32.92,0.611,1.068,0.762,15.6,995.07,1
7.84,93.17,2.29,2.378,0.828,33.01,998.59,0
37.83,79.78,0.724,1.901,0.431,15.77,998.54,1
64.74,61.7,2.121,2.069,0.572,27.3,1015.18,1
94.89,72.61,1.735,0.693,0.972,20.96,1007.95,1
38.25,93.19,2.959,2.909,0.847,28.75,992.5,1
75.11,74.12,3.0,1.981,0.445,20.69,1001.62,1
106.32,43.15,2.609,0.592,0.665,15.74,1006.69,1
73.9,74.17,2.28,2.251,0.784,29.62,997.55,1
27.96,13.63,1.159,0.521,0.024,21.22,991.2,0
2.93,44.78,2.26,0.19,0.588,26.02,1001.41,0
104.41,46.57,2.87,1.583,0.985,30.48,1003.84,1
2.55,25.02,0.07,1.661,0.947,29.06,1017.14,0
104.96,12.08,1.614,0.567,0.832,21.97,1017.25,1
63.47,22.0,0.654,1.045,0.106,29.96,1005.01,1
112.69,68.92,1.674,2.837,0.994,33.51,1004.14,1
95.85,82.21,1.399,0.855,0.61,27.2,1009.22,1
119.75,98.94,1.727,0.467,0.223,29.07,997.74,1
42.09,41.17,1.653,2.978,0.674,32.32,998.57,1
92.06,63.94,2.88,0.907,0.857,31.87,990.08,1
48.23,94.34,1.657,2.041,0.112,22.03,992.35,1
57.59,25.03,2.539,0.695,0.916,34.83,995.36,1
75.3,74.59,0.959,1.65,0.92,15.57,1009.22,1
104.84,77.95,1.314,1.159,0.013,34.73,996.38,1
118.09,18.01,1.411,2.885,0.9,19.92,993.72,1
92.19,87.51,0.836,1.298,0.947,23.81,1008.49,1
50.13,83.18,1.139,1.753,0.038,32.67,1009.55,1
50.56,13.01,1.796,2.834,0.294,19.89,991.79,0
88.51,18.2,1.741,2.968,0.373,19.5,1013.19,0
28.65,14.42,1.909,0.305,0.349,27.86,1008.18,0
13.26,40.13,1.055,2.503,0.759,29.11,1001.91,0
42.55,55.84,0.947,1.146,0.358,15.15,1019.5,0
34.47,57.91,1.835,1.784,0.957,24.01,990.31,1
35.56,34.09,0.399,1.125,0.995,24.78,1006.35,0
28.03,92.04,0.759,1.203,0.317,20.44,994.79,1
5.05,43.14,0.126,0.477,0.509,25.92,999.88,0
2.14,14.1,0.218,1.718,0.558,18.09,994.0,0
118.53,37.02,0.73,1.64,0.579,21.47,1010.05,0
51.33,57.8,0.059,0.568,0.374,29.26,1002.05,1
46.12,46.74,0.736,1.625,0.166,32.48,1019.59,0
81.56,34.65,1.965,2.919,0.055,26.79,1009.62,0
26.19,21.82,0.183,2.143,0.106,16.5,1017.52,0
114.0,83.72,1.31,1.443,0.901,28.57,997.22,1
94.36,99.65,2.739,2.748,0.28,32.95,999.56,0
10.73,39.66,2.374,1.726,0.077,25.09,1000.88,0
50.11,44.35,0.916,0.405,0.624,24.87,1015.16,0
105.49,65.62,2.774,1.643,0.075,34.83,996.35,1
113.37,74.66,0.989,0.543,0.07,27.73,1018.4,1
56.09,45.28,0.218,2.303,0.622,31.12,991.31,0
73.61,91.44,2.982,2.902,0.591,27.93,1016.7,1
20.04,60.4,2.61,1.082,0.041,19.42,1003.54,0
118.94,50.54,1.398,1.305,0.46,20.68,1005.78,0
27.8,68.2,1.999,1.264,0.436,28.31,1019.92,0
113.13,95.75,2.014,0.856,0.547,24.12,1016.1,1
77.96,81.51,0.583,2.383,0.738,23.09,1017.12,1
72.93,13.6,0.6,1.853,0.283,15.45,1007.57,0
61.52,39.91,1.409,0.192,0.433,32.69,1018.69,0
27.68,52.35,2.735,2.516,0.793,32.69,1010.63,1
21.18,38.31,0.03,0.561,0.923,24.22,1014.58,0
26.46,73.02,2.348,2.937,0.891,29.01,1011.63,1
22.37,84.36,0.173,1.13,0.478,18.56,1013.43,0
93.55,75.82,1.435,1.849,0.521,25.08,1009.14,1
42.02,99.04,1.914,0.233,0.529,23.78,1011.79,0
6.94,34.53,2.06,1.034,0.869,28.13,1003.08,1
116.29,88.75,0.175,2.407,0.84,24.39,1011.21,1
106.05,79.0,1.256,1.432,0.312,24.97,998.3,1
111.33,42.6,1.752,2.714,0.163,20.91,1009.05,1
119.39,76.07,0.198,1.725,0.379,15.97,1005.71,1
20.87,19.37,0.405,2.786,0.288,33.34,1016.96,0
47.55,81.04,1.991,2.948,0.951,15.24,1010.2,1
90.99,57.91,1.565,1.362,0.266,20.63,1007.9,1
83.52,36.31,0.485,1.695,0.181,23.95,999.39,0
18.47,69.02,1.606,2.505,0.899,21.38,1015.88,0
97.9,67.75,2.738,0.665,0.086,26.04,991.62,1
26.93,28.85,0.047,2.585,0.26,24.23,1016.99,0
26.86,12.74,1.928,1.776,0.439,20.11,1009.59,0
64.44,49.03,0.221,2.177,0.595,16.76,995.68,0
71.15,61.26,0.019,0.24,0.328,17.75,1017.09,0
69.61,88.89,0.452,2.299,0.496,24.73,999.79,1
10.98,93.54,1.269,0.932,0.199,31.92,995.05,0
105.3,57.59,2.407,2.416,0.574,17.01,999.57,1
31.87,77.84,0.845,1.527,0.408,28.54,1018.83,0
15.54,49.54,1.877,0.824,0.849,30.84,1012.58,0
106.65,77.15,1.233,2.858,0.416,20.54,1017.5,1
114.68,28.43,0.703,2.295,0.444,28.36,998.97,1
103.46,43.4,1.543,2.957,0.592,28.73,992.47,0
97.14,67.08,2.392,1.093,0.123,29.16,1006.88,1
78.63,11.63,2.497,1.948,0.157,32.82,1004.49,1
66.1,75.02,2.54,1.835,0.79,22.97,1011.62,0
10.44,85.2,1.016,2.063,0.273,19.87,1006.28,0
49.01,45.92,2.38,0.115,0.685,25.88,1001.89,0
44.72,50.31,0.637,0.875,0.097,16.25,990.14,0
31.17,86.62,2.215,2.728,0.822,21.68,1004.03,1
86.81,79.81,2.845,1.271,0.988,32.66,993.62,1
59.51,35.93,0.041,2.882,0.374,25.64,1017.66,0
9.73,39.16,1.321,0.641,0.506,23.73,1017.65,0
26.42,71.1,1.943,2.992,0.443,20.31,1014.11,0
81.99,60.69,2.105,2.093,0.894,20.01,994.74,0
9.14,24.6,0.528,2.329,0.01,19.73,994.42,0
102.14,37.89,2.917,1.191,0.653,31.58,1006.9,1
59.42,91.0,1.846,2.721,0.652,34.7,1011.82,1
57.67,71.94,0.493,1.636,0.382,25.7,1017.14,1
71.09,98.74,0.062,2.043,0.219,16.6,1016.82,0
98.96,79.03,2.35,0.284,0.24,30.02,994.66,1
41.74,94.78,0.239,1.895,0.8,32.54,1019.86,1
81.36,29.46,0.423,2.637,0.066,33.62,994.7,1
67.89,79.43,1.724,0.535,0.564,27.58,1015.2,1
32.04,11.82,1.811,2.213,0.307,25.14,1007.61,1
105.44,70.37,2.061,0.076,0.265,27.41,1010.35,1
95.69,52.24,1.181,2.779,0.506,15.26,1008.12,1
79.01,41.21,2.322,2.949,0.898,28.11,1016.09,1
102.07,87.62,2.923,1.063,0.618,29.19,1009.11,1
104.08,86.88,0.813,0.321,0.789,29.44,1015.46,1
85.0,12.01,2.109,1.976,0.601,26.26,994.63,0
100.44,64.86,2.785,0.09,0.698,29.0,1016.0,1
83.7,43.1,2.059,1.447,0.432,27.78,1019.79,0
81.62,47.41,2.043,0.815,0.926,17.31,1009.85,1
74.23,84.88,0.671,1.42,0.502,32.97,1019.29,1
90.33,37.89,1.605,0.055,0.552,27.45,996.6,1
19.03,94.87,1.688,0.155,0.525,29.56,1014.88,0
105.7,26.17,2.1,0.048,0.316,21.86,995.07,1
104.62,69.65,2.99,1.857,0.231,33.38,1005.48,1
3.51,70.49,0.101,1.68,0.074,25.05,1009.92,0
99.1,32.7,0.196,0.699,0.718,28.58,1009.81,0
15.46,39.23,0.234,1.94,0.289,34.04,1010.13,0
40.21,85.13,2.229,2.653,0.389,33.32,999.63,1
89.22,78.56,0.409,0.832,0.92,27.9,1019.21,1
19.29,39.62,1.867,2.496,0.566,18.31,990.2,0
98.16,58.06,0.974,1.988,0.097,34.01,1008.63,0
99.86,15.55,1.372,0.101,0.8,34.68,1015.98,1
60.9,28.79,0.647,1.125,0.256,17.07,1016.73,0
0.77,53.72,2.598,1.523,0.553,24.01,1011.61,0
34.44,17.74,1.758,2.195,0.51,25.97,1007.24,0
74.03,85.9,2.834,0.861,0.238,16.84,1003.72,1
117.74,74.62,1.724,2.948,0.116,18.79,1003.49,1
75.82,94.93,0.372,2.054,0.211,25.75,1002.75,1
31.18,72.41,0.513,1.118,0.097,34.26,1011.0,0
76.08,94.64,2.967,0.291,0.276,15.56,1011.94,1
64.8,59.91,2.177,0.544,0.997,33.25,1005.44,1
93.58,64.02,0.148,1.463,0.402,32.97,1012.22,0
12.84,97.93,2.111,1.484,0.864,32.14,1005.85,1
91.32,67.79,1.237,2.303,0.549,22.55,992.92,1
64.95,12.77,0.922,2.179,0.667,24.82,1015.55,1
115.56,75.14,0.462,0.604,0.156,23.07,1016.11,1
41.02,91.49,2.52,1.785,0.275,33.95,997.99,1
75.91,81.6,0.192,0.062,0.51,25.43,1013.59,1
111.84,62.54,0.87,1.196,0.881,16.61,1005.34,1
12.3,70.42,0.919,2.292,0.043,20.48,993.72,0
112.47,99.12,0.483,1.199,0.507,24.24,1001.94,1
82.55,18.16,1.525,2.507,0.051,34.07,992.3,0
8.14,70.05,0.035,2.928,0.457,26.38,1013.59,1
36.12,35.51,0.903,1.822,0.629,28.92,995.89,0
84.98,67.61,2.801,0.435,0.745,16.77,994.93,1
8.08,64.69,0.932,1.139,0.139,32.55,996.26,0
69.86,23.81,1.081,0.028,0.167,25.78,996.78,1
41.51,28.61,1.419,1.808,0.47,33.42,1010.22,0
74.51,65.95,1.685,2.465,0.998,23.91,1009.16,1
5.49,21.54,2.426,1.89,0.356,28.66,993.88,0
104.58,33.87,0.571,2.358,0.428,24.42,1011.73,1
116.82,85.17,2.615,2.4,0.432,17.85,1000.47,1
116.27,39.44,2.273,2.553,0.081,20.44,1003.72,1
89.96,53.93,2.168,0.8,0.774,16.35,993.75,1
15.61,94.7,0.26,2.614,0.253,23.81,1011.26,0
90.99,30.44,0.065,1.962,0.704,27.99,1001.29,1
2.95,45.07,1.782,0.869,0.475,19.87,1008.96,0
2.65,64.58,2.589,2.962,0.612,24.81,1002.82,1
38.83,77.98,1.753,2.851,0.054,24.18,991.47,1
58.64,91.15,0.64,1.723,0.89,25.67,1011.1,1
92.45,92.39,0.272,2.53,0.244,18.69,1006.58,0
82.0,79.9,2.099,0.784,0.67,25.68,1003.03,1
53.51,30.55,2.165,1.248,0.798,22.28,996.05,0
32.84,12.23,0.518,0.552,0.54,20.72,1008.73,0
119.65,44.54,0.085,1.56,0.337,26.72,998.26,0
51.14,22.74,1.225,1.488,0.978,17.96,1002.88,1
54.17,73.93,1.748,0.638,0.278,33.01,991.69,1
19.63,69.5,2.118,2.018,0.949,33.7,1013.3,1
95.38,13.96,2.43,0.353,0.156,28.21,992.7,0
83.24,85.29,1.832,0.185,0.389,21.06,1016.73,1
26.49,32.39,0.333,1.155,0.138,27.52,1016.03,0
9.89,48.9,2.048,1.229,0.002,27.03,1019.13,0
81.66,70.11,2.953,0.959,0.26,22.83,1017.25,0
78.54,48.65,2.717,0.774,0.087,20.74,1019.14,0
32.79,49.72,2.615,1.016,0.986,18.37,1016.62,1
114.1,15.91,0.907,0.49,0.762,19.35,993.38,1
18.13,46.13,2.252,1.21,0.004,28.06,1003.13,0
51.88,78.84,2.553,2.714,0.224,32.72,992.28,1
113.23,92.37,2.035,0.673,0.67,22.7,1006.36,1
50.37,47.21,0.752,2.053,0.399,17.44,1005.89,1
76.62,48.12,2.862,0.425,0.832,15.26,1017.67,0
47.71,73.24,1.352,1.062,0.505,23.12,1019.09,0
32.91,94.85,0.389,0.964,0.654,19.65,997.79,0
118.08,34.04,0.329,2.811,0.597,21.45,1007.47,1
49.12,49.61,1.943,1.284,0.638,19.83,1003.93,1
107.29,81.64,1.313,2.071,0.23,28.28,1006.4,1
27.59,64.87,0.283,1.807,0.373,27.77,1005.95,0
25.57,19.95,2.221,0.423,0.051,33.25,1017.42,1
3.74,66.5,2.398,2.819,0.588,28.99,1016.88,0
78.2,26.81,2.176,1.038,0.459,18.3,993.68,0
44.22,55.92,0.607,0.134,0.761,30.03,1000.35,0
103.72,57.62,2.069,0.901,0.206,18.63,1012.58,1
56.79,88.86,0.032,1.007,0.437,26.17,1010.52,1
116.18,51.62,0.915,0.278,0.181,16.54,1008.94,0
22.26,35.15,1.196,1.86,0.614,15.95,1019.81,0
104.23,30.79,2.506,1.04,0.848,24.28,1000.11,1
93.19,88.68,1.171,1.887,0.765,17.1,1005.46,1
92.51,25.39,0.034,0.02,0.944,21.13,1019.37,1
101.37,48.33,1.057,2.946,0.972,21.78,1010.87,1
91.32,26.85,1.497,0.512,0.772,30.39,1009.46,0
75.15,79.6,2.847,1.978,0.287,21.65,994.64,1
15.75,52.69,2.823,2.147,0.219,24.89,997.4,0
3.9,41.6,0.543,0.515,0.448,30.45,1001.32,0
110.5,42.5,0.555,0.335,0.994,19.1,1003.95,0
74.0,86.7,0.49,0.458,0.413,31.1,1004.92,0
95.58,59.84,2.367,0.74,0.199,31.64,1017.06,0
57.78,74.61,0.018,0.505,0.944,34.78,993.22,1
14.08,90.73,0.382,2.022,0.386,23.88,997.45,1
15.02,91.16,1.614,1.262,0.691,22.41,994.31,0
82.27,39.57,0.743,1.613,0.788,29.04,1012.06,1
51.64,95.72,0.277,0.142,0.843,16.16,1019.12,1
24.06,12.24,1.08,2.584,0.821,15.8,1016.82,0
58.99,43.92,0.823,0.512,0.836,21.7,1011.7,0
7.71,90.62,1.533,1.08,0.668,29.59,990.65,1
69.84,34.72,2.938,0.216,0.404,17.33,1000.41,1
32.28,34.58,0.373,0.41,0.667,27.71,1015.91,0
95.71,37.24,1.118,1.997,0.837,20.39,1009.59,1
37.24,65.11,2.796,2.078,0.351,28.03,996.29,1
54.63,49.45,2.631,2.031,0.297,24.14,1003.99,1
1.39,75.41,1.183,1.656,0.344,17.3,992.64,0
8.69,90.54,2.097,2.858,0.551,19.95,1005.62,1
47.1,70.68,0.264,1.522,0.052,19.39,1017.03,0
57.59,28.4,2.138,1.348,0.779,18.29,991.16,0
72.0,93.94,2.919,0.743,0.139,24.37,1008.42,1
35.0,33.8,1.612,0.297,0.133,34.09,996.99,0
83.4,23.49,1.495,1.644,0.198,28.16,1019.71,0
103.21,18.1,0.562,0.945,0.577,31.72,991.95,0
93.58,60.7,1.901,1.572,0.286,34.62,1008.52,1
4.75,20.24,1.771,0.618,0.368,25.81,997.69,0
57.66,22.49,1.956,2.515,0.932,19.76,1016.47,1
12.59,37.0,0.078,2.999,0.847,33.56,993.66,1
29.05,35.35,1.646,0.967,0.852,28.98,1002.88,0
118.4,64.38,1.785,2.527,0.578,34.18,995.56,1
17.1,83.51,0.623,2.619,0.866,28.02,1013.98,1
59.87,78.52,0.625,2.988,0.779,30.5,1000.54,1
74.18,33.62,0.829,1.028,0.953,32.81,995.6,0
84.3,32.08,2.135,2.268,0.064,30.18,1011.78,1
67.16,96.92,1.819,0.686,0.029,26.25,1014.52,1
1.17,10.74,2.537,1.874,0.175,24.44,1003.87,0
39.18,89.17,0.887,2.115,0.929,31.47,1001.37,1
62.13,27.98,2.736,2.223,0.606,30.44,1008.96,0
10.54,95.26,2.231,0.622,0.426,22.33,1009.54,0
42.08,40.81,1.185,2.546,0.513,24.97,1009.82,0
3.98,49.63,0.286,1.263,0.83,27.7,998.27,1
9.43,73.64,0.771,0.649,0.929,15.57,1018.24,0
47.63,62.89,2.87,1.628,0.73,19.95,996.4,0
15.93,38.61,0.931,2.59,0.76,20.0,1001.22,1
68.1,59.84,0.99,2.901,0.32,32.66,998.51,0
82.74,75.76,0.569,2.245,0.467,21.63,1017.93,1
96.07,13.81,2.421,0.017,0.885,25.9,1014.85,1
24.02,11.01,0.827,0.404,0.786,31.63,1014.34,0
20.1,51.23,0.991,0.229,0.684,20.19,990.14,0
12.55,21.87,1.243,0.304,0.065,17.48,1010.58,0
76.37,69.79,1.301,1.149,0.04,33.97,996.91,0
84.78,29.26,1.234,1.015,0.13,29.09,1019.03,0
3.79,48.96,1.511,0.341,0.581,18.54,1005.92,0
112.35,27.79,2.444,2.647,0.536,31.39,1006.94,1
6.24,59.36,2.458,1.846,0.943,30.74,1000.69,0
64.96,20.44,2.395,2.389,0.695,31.75,1006.1,0
85.09,12.08,0.303,1.115,0.294,20.52,1012.49,0
104.52,14.6,2.399,1.231,0.161,23.97,1006.86,1
85.69,95.88,0.361,0.953,0.85,28.87,1009.24,1
96.21,22.81,0.374,1.315,0.46,22.81,1004.17,0
40.73,73.76,2.844,1.831,0.653,16.4,1011.49,0
97.78,16.11,2.458,1.479,0.565,17.73,1016.99,1
9.61,19.73,1.657,2.514,0.107,26.94,991.53,0
107.38,55.8,2.625,2.7,0.057,22.5,993.22,1
65.71,51.84,2.968,1.409,0.377,15.11,1010.57,1
98.08,95.64,1.832,0.719,0.362,30.34,1001.33,1
54.28,95.04,1.839,2.836,0.674,23.33,998.45,1
77.23,80.16,2.263,2.205,0.632,21.28,995.36,1
63.17,64.19,0.696,1.92,0.969,29.27,1007.18,1
87.79,50.95,0.501,2.236,0.858,24.1,1000.43,0
9.8,42.06,2.279,0.228,0.497,28.9,1005.24,0
7.24,95.24,1.035,0.203,0.5,15.26,1018.76,0
29.65,64.26,0.405,0.459,0.674,15.19,1012.75,0
19.15,62.12,0.945,0.442,0.114,26.2,1013.88,0
104.61,30.87,1.076,1.262,1.0,34.64,993.73,1
26.31,14.2,2.896,0.472,0.519,20.45,999.75,0
117.1,95.07,2.094,2.564,0.91,28.66,993.19,1
40.43,38.24,1.593,1.734,0.967,18.45,1019.06,1
21.85,49.83,2.907,1.105,0.582,21.23,1010.47,0
94.76,20.32,2.709,0.209,0.103,16.56,990.58,0
79.04,85.32,1.536,1.773,0.573,32.62,1004.27,0
59.78,12.49,2.717,0.35,0.598,21.21,997.91,1
66.64,85.06,1.213,2.23,0.789,19.61,1006.2,1
86.3,22.63,0.691,2.408,0.048,29.61,995.36,1
27.41,89.79,0.698,1.632,0.466,18.99,991.71,1
119.56,75.68,1.987,0.449,0.923,19.81,999.7,1
116.98,24.82,1.503,2.361,0.991,17.07,998.87,1
78.04,60.92,1.977,0.923,0.191,34.26,1011.51,1
23.95,38.14,2.058,0.668,0.871,19.95,1004.24,0
81.63,26.04,0.067,1.412,0.146,34.91,998.74,1
8.66,87.33,0.162,2.768,0.841,18.52,1007.11,0
3.68,46.32,1.598,0.892,0.277,15.41,992.14,0
30.92,45.87,0.573,2.717,0.96,32.91,1009.87,0
55.51,25.29,1.898,0.161,0.695,26.6,994.42,0
104.19,44.48,1.657,0.251,0.399,22.03,998.39,1
87.26,88.45,1.757,2.096,0.281,25.27,998.46,1
89.12,42.68,0.907,0.572,0.235,20.21,1003.98,0
51.06,95.64,1.92,0.95,0.681,27.7,1018.59,1
41.51,95.17,2.488,0.409,0.896,27.33,999.74,1
44.52,23.04,2.994,0.997,0.755,16.6,998.44,0
118.52,25.96,2.515,0.841,0.835,33.21,995.06,1
4.81,87.64,1.672,2.209,0.781,24.21,1001.76,1
104.04,45.35,0.58,2.106,0.979,18.9,995.46,1
69.44,10.39,2.044,2.865,0.758,21.15,994.13,0
52.63,34.65,2.813,2.173,0.21,32.32,1015.72,0
87.03,63.79,0.636,2.084,0.792,22.66,991.58,0
58.4,81.93,0.768,2.083,0.322,26.24,1011.32,1
104.81,22.0,0.447,2.649,0.996,33.95,996.08,0
108.08,19.95,2.21,0.889,0.377,28.03,990.35,1
50.61,92.99,1.22,0.9,0.293,28.51,1013.85,0
33.22,77.6,0.188,2.224,0.239,19.97,1011.07,0
71.08,63.08,2.625,0.686,0.659,28.37,1000.03,1
109.48,79.23,1.673,2.736,0.109,22.88,992.38,0
25.28,48.6,0.993,1.604,0.954,33.22,1000.82,1
74.76,78.26,1.032,0.9,0.294,17.59,995.44,0
75.79,43.46,0.871,2.328,0.295,20.71,1017.98,1
87.97,31.97,1.366,0.937,0.046,16.32,1005.89,0
15.79,75.61,1.011,2.89,0.246,22.62,1018.92,1
85.9,47.77,1.644,2.949,0.419,17.97,1000.54,1
109.08,98.32,2.321,2.0,0.37,31.9,1006.69,1
21.56,41.45,2.023,0.341,0.273,33.5,995.7,0
28.51,92.96,0.883,0.79,0.041,28.39,1014.25,0
116.57,93.97,1.586,1.546,0.301,17.07,991.23,1
21.72,31.77,2.52,2.554,0.778,21.83,1010.87,1
102.53,81.84,0.205,0.555,0.439,34.29,1001.75,0
59.07,48.98,0.235,0.313,0.291,17.73,1007.35,0
29.67,92.58,1.669,0.223,0.305,26.13,1007.77,0
104.49,50.51,1.917,1.521,0.554,22.06,1011.32,1
53.44,76.99,0.634,2.654,0.302,34.98,996.13,1
61.78,52.03,2.236,0.127,0.631,20.71,1005.94,0
43.11,30.5,1.939,0.637,0.989,15.96,1002.81,1
71.15,27.94,2.77,2.08,0.041,29.04,998.47,1
19.62,48.29,0.507,2.478,0.169,21.53,1004.87,0
46.93,77.99,2.254,2.422,0.179,28.15,1018.56,0
116.33,64.46,0.251,2.355,0.447,17.09,1018.47,1
30.98,71.98,1.696,0.389,0.041,25.46,998.36,0
78.81,35.41,1.656,1.192,0.478,22.5,1016.53,1
39.02,53.33,1.165,2.954,0.929,25.74,1016.3,1
92.82,14.0,2.534,2.967,0.012,32.07,997.49,1
15.7,83.58,0.013,1.807,0.365,34.45,1007.97,0
116.38,99.09,1.561,2.128,0.761,30.06,1016.1,1
54.45,46.62,0.651,2.854,0.154,30.34,1005.45,0
28.33,10.99,2.23,1.35,0.078,25.58,1001.09,0
8.82,25.28,0.129,0.411,0.631,16.95,1009.52,0
20.37,68.73,2.495,2.007,0.01,28.34,995.17,1
62.37,65.09,2.514,2.88,0.802,17.96,994.85,1
40.44,80.91,2.499,2.092,0.067,19.91,1014.98,1
99.47,32.85,0.458,2.41,0.524,29.15,991.26,1
51.71,78.73,1.891,1.268,0.74,28.14,1014.11,1
29.85,71.92,0.043,0.289,0.242,21.29,998.71,0
74.06,39.05,2.544,0.507,0.104,30.44,1004.49,1
84.81,59.09,2.169,2.948,0.176,33.79,1006.31,1
20.05,23.25,1.593,1.48,0.855,25.91,1013.01,0
20.11,50.73,2.192,0.036,0.706,28.55,1016.52,1
4.4,89.31,0.283,2.866,0.198,20.44,1014.13,0
88.37,47.91,1.586,1.493,0.716,34.42,1007.17,1
79.66,85.56,0.874,2.509,0.709,20.47,1000.44,1
56.96,63.12,2.918,1.645,0.998,32.75,1005.8,1
101.3,27.27,2.571,0.305,0.392,33.56,990.9,0
96.68,62.3,2.2,1.847,0.865,29.39,997.35,1
70.24,55.54,2.801,2.992,0.446,31.23,1000.98,1
104.19,45.88,1.041,0.104,0.898,24.16,999.59,1
24.7,20.77,2.703,2.525,0.092,33.39,992.85,0
13.43,47.5,0.976,0.706,0.175,29.85,991.52,0
32.37,16.55,2.198,1.182,0.85,21.53,1002.62,0
6.85,18.89,2.209,1.118,0.819,15.7,992.24,0
63.74,47.43,0.055,2.696,0.305,25.82,998.59,0
112.39,37.48,1.083,1.513,0.597,31.81,1004.24,1
4.72,93.3,0.058,1.342,0.383,32.21,996.3,0
14.65,43.81,2.991,2.454,0.01,31.7,992.39,0
54.26,78.21,0.367,0.147,0.026,19.29,1002.96,0
112.07,57.72,1.628,0.259,0.054,23.52,1003.45,0
37.94,73.37,2.372,0.065,0.594,27.28,1017.47,0
60.87,33.41,0.604,2.064,0.279,28.35,993.84,0
4.99,94.77,1.455,1.577,0.144,21.69,1008.45,1
17.8,57.71,1.822,2.628,0.941,28.85,999.59,0
118.4,84.82,0.481,1.496,0.121,26.82,993.71,1
115.81,42.85,2.336,0.665,0.674,26.34,1001.79,1
0.59,19.02,0.898,2.415,0.894,28.26,1002.84,0
114.22,70.63,0.633,0.883,0.164,27.07,1000.91,1
76.69,10.7,1.675,2.807,0.215,18.34,1012.97,0
104.15,52.78,1.231,0.751,0.574,32.49,1015.18,0
54.57,27.35,2.761,0.503,0.508,19.81,994.46,1
61.87,66.46,2.64,1.48,0.521,29.89,995.04,1
58.66,98.15,1.45,0.152,0.555,18.53,1002.64,1
80.02,51.8,1.078,0.109,0.95,28.22,999.61,1
16.76,83.57,0.977,1.488,0.054,32.91,1014.59,0
3.6,55.7,0.803,0.645,0.76,15.19,1019.9,0
36.95,54.63,1.634,0.028,0.233,34.59,995.43,0
84.56,93.74,2.415,0.888,0.374,15.59,1012.88,1
24.22,90.1,0.932,1.432,0.089,15.23,1008.22,0
80.81,80.72,0.57,1.183,0.446,32.15,1009.33,0
116.39,36.66,1.426,0.406,0.804,29.17,997.93,1
11.27,59.05,0.207,1.739,0.099,17.12,992.92,0
80.71,30.15,2.104,2.131,0.276,33.75,1006.3,1
53.25,49.95,1.555,2.027,0.373,28.44,1008.41,0
104.18,53.58,1.489,1.181,0.104,17.22,1018.89,0
21.26,84.85,0.901,0.413,0.762,32.21,1010.26,0
83.12,90.64,2.714,1.498,0.787,24.62,1003.31,1
100.57,47.32,0.271,2.671,0.836,20.56,1019.82,0
113.35,11.59,2.609,1.406,0.584,31.5,1001.2,0
81.99,87.56,1.13,0.587,0.507,29.77,994.88,0
59.66,25.69,2.642,0.279,0.263,27.46,1008.54,0
74.14,65.97,2.186,2.832,0.655,32.97,997.99,1
104.27,12.25,0.313,2.229,0.445,32.23,1017.67,0
68.47,45.96,2.495,0.939,0.971,19.54,1002.84,0
3.65,98.74,2.047,0.886,0.968,32.57,994.49,0
111.71,19.06,0.097,2.686,0.905,22.48,994.25,1
82.74,48.13,0.401,0.533,0.36,23.64,1009.49,1
81.18,37.64,1.907,1.605,0.368,34.45,1000.98,1
25.88,91.46,1.988,2.141,0.853,30.2,1000.91,1
79.07,88.24,2.24,1.189,0.729,21.43,1008.37,1
47.26,31.39,2.161,0.12,0.704,27.96,996.65,1
78.15,17.31,1.979,0.683,0.28,25.79,994.36,0
12.79,66.44,2.299,2.705,0.833,17.33,1009.72,0
78.94,40.27,1.725,1.569,0.579,32.76,990.16,1
119.93,70.49,0.782,2.446,0.447,31.44,1017.22,1
5.79,12.89,2.737,1.667,0.865,30.55,995.49,0
117.26,22.01,0.055,2.831,0.394,26.18,1003.44,1
48.83,71.77,1.1,2.727,0.654,19.42,996.34,1
104.49,29.11,2.187,1.449,0.466,32.68,996.55,1
93.89,87.18,1.281,0.955,0.593,22.06,1015.05,1
68.04,15.27,0.075,1.805,0.041,15.4,1007.55,0
88.61,29.39,0.198,2.025,0.461,34.64,999.34,0
105.42,99.87,1.946,1.495,0.556,32.22,997.53,1
48.5,48.98,2.895,2.467,0.493,27.45,996.39,1
39.24,73.27,1.656,0.55,0.847,15.25,1006.63,1
80.11,26.44,1.52,1.003,0.311,19.55,1011.92,0
96.94,64.89,0.955,2.059,0.884,24.04,997.61,1
91.47,75.35,0.77,0.74,0.403,27.56,999.97,1
95.74,38.3,0.063,1.32,0.695,29.16,1011.61,1
52.27,84.6,0.819,2.891,0.087,30.77,1012.12,1
98.14,64.31,1.347,1.878,0.2,26.11,996.22,1
14.43,45.02,0.594,2.847,0.761,28.12,1001.47,0
65.34,60.19,0.262,2.167,0.012,31.22,1016.1,0
0.69,61.91,2.153,2.174,0.969,29.4,1012.21,1
38.95,24.9,2.684,1.776,0.191,34.1,994.87,1
43.98,46.25,2.81,0.427,0.901,32.49,1001.58,0
47.54,40.91,1.854,1.559,0.516,18.39,1019.2,0
83.46,46.08,0.158,0.758,0.565,33.95,1005.76,1
46.63,78.5,2.223,2.996,0.084,19.08,1011.58,0
53.84,53.43,0.33,0.801,0.365,34.83,992.76,0
28.51,94.63,2.009,0.692,0.156,29.03,1014.98,0
44.79,36.43,2.338,1.872,0.526,27.55,1008.14,0
27.27,47.41,2.178,1.533,0.551,21.49,995.27,0
8.78,80.83,2.856,0.064,0.71,17.66,1001.41,1
72.41,59.14,2.214,0.389,0.878,17.52,992.49,1
80.19,59.23,2.08,2.433,0.468,32.33,1013.31,0
74.34,14.8,0.785,1.451,0.233,23.65,1012.35,0
55.62,45.87,2.774,0.438,0.334,26.2,1004.71,0
45.57,34.37,0.539,1.396,0.847,33.64,1003.56,0
103.6,99.94,2.715,0.759,0.146,20.11,1003.9,1
62.29,37.75,0.938,0.671,0.627,30.28,991.12,1
57.5,89.6,0.39,2.873,0.013,24.41,1001.05,0
3.08,70.86,2.48,1.086,0.246,19.26,993.86,1
40.95,40.68,0.007,0.139,0.591,32.06,995.54,0
45.62,58.92,2.496,2.911,0.456,28.6,1018.86,1
47.86,85.65,0.787,2.385,0.494,16.9,997.85,0
69.62,89.5,2.654,0.763,0.661,25.84,1004.51,1
64.03,24.44,2.074,1.227,0.235,32.04,1016.63,0
72.95,40.56,1.999,2.587,0.281,16.34,1002.4,0
91.79,40.17,1.096,1.072,0.684,23.33,1005.86,1
97.56,13.78,0.178,1.702,0.538,31.1,995.06,0
86.17,63.84,2.49,1.605,0.015,32.17,998.55,0
114.66,86.93,0.513,1.204,0.67,30.51,1005.18,1
2.19,44.34,1.117,1.919,0.62,21.11,1000.95,0
23.49,76.6,1.801,1.42,0.079,25.14,991.15,0
0.91,66.49,1.447,0.064,0.748,29.83,1002.02,0
77.7,43.81,0.596,2.443,0.522,18.05,1014.45,0
107.76,22.7,0.422,0.339,0.205,26.9,993.48,0
29.22,73.84,0.37,1.392,0.559,29.41,990.56,1
111.24,86.91,2.589,1.74,0.595,32.0,993.56,1
7.23,71.73,0.095,2.117,0.92,17.23,1010.61,1
112.13,11.61,2.931,1.232,0.742,21.59,1013.84,1
42.19,29.46,0.596,2.207,0.302,25.83,991.46,1
12.17,16.25,0.331,0.394,0.118,29.02,1016.63,0
58.3,61.33,1.731,1.96,0.853,29.6,1008.82,1
30.81,78.08,0.24,2.479,0.846,20.07,1005.54,1
34.18,19.95,1.807,2.668,0.175,15.28,997.61,0
36.87,85.45,2.552,1.739,0.062,28.88,1001.15,1
96.36,60.0,0.144,0.939,0.712,33.18,1018.41,1
64.7,72.1,2.4,0.49,0.723,30.95,1017.35,1
37.36,97.43,1.183,1.037,0.177,27.45,1008.76,0
73.24,17.53,0.478,1.62,0.668,34.55,1007.37,0
85.94,91.11,0.528,0.589,0.279,23.66,996.32,1
32.71,21.35,2.756,2.858,0.261,25.5,1018.6,0
49.63,45.37,0.332,2.691,0.325,15.25,1012.66,1
14.63,86.63,2.6,0.099,0.52,33.92,1001.47,1
21.74,91.56,1.633,1.686,0.804,26.67,1014.47,1
81.73,55.57,0.117,2.368,0.499,22.82,996.36,1
21.77,63.47,1.393,0.736,0.298,15.89,996.4,0
63.02,73.73,2.452,1.572,0.884,22.25,1013.73,1
85.09,84.95,2.179,1.218,0.055,15.07,1006.78,1
12.83,20.94,1.466,0.59,0.797,21.49,1006.68,0
68.08,82.91,2.58,1.844,0.784,34.03,1007.21,0
30.79,53.31,0.361,2.981,0.254,18.09,993.77,1
115.55,50.56,2.73,1.096,0.198,25.91,1000.49,1
58.03,48.15,2.539,1.657,0.875,18.73,1007.19,0
96.72,55.83,2.125,0.984,0.559,30.67,997.43,1
66.03,95.05,2.454,2.631,0.046,26.25,1005.12,1
5.21,59.34,1.631,2.594,0.891,19.04,1006.71,1
75.98,95.79,2.025,0.536,0.349,32.32,1018.28,1
114.17,26.23,1.682,2.7,0.342,30.68,997.37,1
72.19,75.17,1.066,0.455,0.643,34.03,1003.18,1
98.3,83.1,1.707,0.286,0.661,15.01,1019.45,1
106.1,71.12,0.772,1.959,0.353,24.14,995.6,1
27.37,64.62,1.321,1.158,0.143,35.0,1013.4,0
25.45,60.83,0.842,1.592,0.552,31.22,995.31,0
73.32,87.48,0.369,1.958,0.625,31.63,1015.5,1
49.32,83.95,0.966,0.159,0.86,27.42,1004.64,1
100.78,21.01,2.556,0.879,0.484,29.26,1019.16,0
108.0,86.37,1.143,1.383,0.646,31.11,995.1,1
42.41,47.27,2.244,0.8,0.054,16.85,1010.64,0
28.42,32.83,0.526,0.147,0.895,28.85,1010.86,1
93.66,88.28,1.273,0.26,0.327,31.31,1011.57,0
32.98,48.88,0.345,2.405,0.632,15.82,993.03,0
98.71,82.75,0.416,2.734,0.916,20.94,998.66,1
50.85,33.71,1.852,0.457,0.811,21.48,1000.14,0
80.11,10.35,1.822,0.748,0.638,32.09,999.73,1
11.46,54.59,0.64,1.957,0.704,30.61,1010.25,0
74.86,19.02,1.423,2.863,0.921,28.13,991.64,0
54.21,77.89,2.59,0.899,0.812,31.09,1011.9,0
70.39,34.85,0.523,2.566,0.61,24.07,1005.8,1
20.16,49.93,0.058,1.518,0.659,32.5,995.19,0
88.42,17.83,1.956,2.87,0.147,19.68,996.78,1
103.54,35.8,0.16,0.409,0.47,29.09,992.93,1
26.01,80.33,2.94,2.921,0.301,19.84,1003.77,1
11.49,23.64,1.829,1.323,0.432,15.8,1007.85,0
2.84,68.24,1.411,2.859,0.662,20.68,1007.43,1
77.04,92.57,1.29,1.376,0.149,24.86,1018.87,1
72.85,71.19,1.719,1.59,0.017,31.87,998.88,0
65.6,82.99,0.272,2.414,0.397,25.18,1012.86,1
27.83,19.81,2.79,2.168,0.322,18.58,1011.69,0
46.91,32.57,1.877,1.859,0.42,34.86,991.84,0
71.34,90.51,0.552,1.251,0.931,20.4,1017.9,1
59.61,74.36,1.688,2.377,0.707,34.71,1017.94,1
118.53,67.56,0.4,2.845,0.327,33.73,1001.89,1
16.37,69.74,0.053,0.029,0.179,25.85,1002.53,0
83.42,47.28,1.892,1.764,0.618,16.84,1014.59,0
48.52,14.01,1.945,2.598,0.658,28.91,1004.85,0
51.38,80.6,1.751,1.959,0.484,31.91,1013.98,0
86.11,71.08,0.55,2.402,0.213,23.91,991.08,1
83.09,52.55,1.81,2.685,0.029,19.78,997.51,1
118.95,90.98,0.17,2.253,0.266,31.06,992.73,1
15.41,40.25,1.828,2.151,0.457,25.9,1003.63,0
12.49,36.49,1.662,2.894,0.788,18.95,1015.62,0
86.92,88.55,1.966,2.591,0.854,33.99,1007.09,1
69.41,81.73,2.686,2.446,0.413,33.96,1005.61,1
32.9,56.35,2.551,0.259,0.796,22.34,1000.98,0
9.53,21.77,2.942,0.717,0.993,16.28,991.91,0
10.28,29.36,2.929,1.67,0.717,27.62,1012.99,0
107.3,69.06,2.317,2.129,0.729,21.34,1007.12,1
23.02,44.65,2.869,0.91,0.91,16.33,1017.93,1
38.8,85.28,2.602,0.28,0.338,32.84,1002.96,0
27.2,95.5,2.183,0.933,0.011,34.96,1002.04,0
42.6,82.51,0.226,2.313,0.987,22.01,1019.23,1
8.33,43.98,0.147,2.632,0.49,29.89,994.23,0
62.29,80.98,2.513,2.739,0.786,16.32,997.57,1
8.11,41.63,1.469,1.137,0.812,22.39,1004.64,1
96.04,25.04,2.444,1.118,0.398,17.18,1005.71,1
28.05,13.01,0.939,1.22,0.541,16.11,1006.46,0
64.8,44.71,1.193,1.127,0.54,26.78,996.36,0
105.61,91.32,2.101,1.999,0.22,31.04,1017.81,1
78.11,31.51,2.746,1.075,0.118,24.06,1011.11,1
63.95,28.59,0.263,0.061,0.544,25.48,997.75,0
38.92,97.28,2.584,1.317,0.12,20.41,998.83,0
39.96,12.25,2.379,0.672,0.346,29.73,1016.41,0
80.34,80.72,0.947,0.086,0.186,22.22,1001.41,1
119.3,38.92,1.066,1.413,0.707,16.35,1006.69,0
79.42,13.37,0.139,0.618,0.872,18.31,993.61,0
66.93,92.6,0.047,1.358,0.578,17.57,997.55,1
87.68,22.57,1.431,0.833,0.41,23.72,1002.5,0
55.82,59.66,0.287,1.811,0.997,16.3,1009.68,1
7.22,34.66,0.582,2.973,0.021,31.13,998.41,0
67.48,15.87,2.54,1.642,0.304,33.16,1018.52,1
114.92,14.49,1.713,1.941,0.279,19.97,996.61,1
21.04,20.4,1.901,2.758,0.356,24.71,1013.37,0
82.8,16.42,0.562,1.122,0.231,25.38,1000.94,0
24.11,78.45,2.486,0.5,0.264,34.7,1015.0,0
64.3,53.7,2.604,0.848,0.258,16.31,1017.69,0
11.6,40.86,1.57,1.208,0.506,28.36,995.61,0
54.04,47.65,2.738,1.935,0.391,21.92,1004.74,0
90.74,93.61,2.534,0.014,0.639,25.04,994.63,1
41.71,91.97,2.194,2.56,0.514,19.34,1011.17,1
79.79,74.41,2.202,0.228,0.183,18.2,1014.97,0
95.45,89.62,0.316,2.702,0.81,19.87,1001.68,1
111.26,38.77,0.813,2.848,0.472,16.43,1001.9,1
28.16,44.3,0.201,2.97,0.153,20.56,996.12,1
47.92,65.23,0.026,2.429,0.167,28.81,999.2,0
18.29,66.13,0.475,0.426,0.797,28.03,999.72,1
119.1,53.35,2.641,2.119,0.703,26.09,994.67,1
111.24,46.06,0.72,0.61,0.507,15.01,999.3,0
64.79,98.76,2.91,2.691,0.306,17.52,1017.22,1
101.04,83.9,1.792,0.95,0.461,31.86,999.76,1
62.51,49.15,0.712,0.98,0.636,20.43,998.23,1
74.83,75.46,1.491,2.753,0.879,33.24,1001.54,1
10.69,34.26,0.657,0.04,0.556,32.49,1018.81,0
90.63,19.02,2.952,0.582,0.277,18.1,1012.94,1
15.33,41.72,2.542,1.266,0.043,32.96,996.05,0
99.13,46.27,0.079,2.102,0.175,27.56,1012.58,1
93.84,11.49,2.843,1.943,0.65,27.61,1012.99,1
85.05,83.33,2.163,2.008,0.16,32.05,1018.5,1
4.34,42.33,0.247,2.64,0.482,23.1,1016.73,0
36.38,62.24,2.012,0.363,0.699,29.71,992.86,0
31.57,16.66,1.941,1.566,0.308,28.36,1003.64,0
43.22,25.75,0.656,2.176,0.669,30.43,1011.09,1
10.52,90.07,2.275,1.908,0.581,28.2,1019.2,1
112.43,64.78,0.261,1.345,0.439,16.6,992.55,1
66.46,95.53,1.468,0.051,0.897,20.85,1001.05,1
36.66,99.89,0.03,0.181,0.692,33.8,1004.77,0
47.64,43.47,2.906,0.357,0.361,19.47,1002.4,1
53.66,36.89,2.255,1.03,0.804,24.45,1003.67,0
72.07,87.25,0.477,0.353,0.738,22.14,1001.07,1
61.88,99.88,1.025,1.278,0.792,16.73,1019.12,1
110.33,66.67,0.482,0.536,0.641,18.62,1014.1,0
59.64,81.56,2.3,2.337,0.379,20.73,1012.1,0
119.06,80.36,0.177,2.614,0.349,24.27,1002.32,1
102.17,41.98,2.521,1.169,0.654,32.49,1016.45,1
25.02,61.68,2.827,1.534,0.131,25.31,992.8,0
111.67,84.98,2.03,2.86,0.82,28.04,994.3,1
13.96,71.93,0.639,1.607,0.37,23.52,1018.62,1
98.09,11.9,1.08,2.985,0.63,32.4,1007.01,0
45.67,40.3,1.432,0.426,0.499,28.25,994.78,0
105.36,23.0,1.814,2.587,0.519,16.81,1018.47,1
104.17,30.97,2.006,1.492,0.738,24.55,1019.25,0
96.71,91.49,1.663,0.068,0.627,31.54,1016.44,1
94.8,13.32,1.054,2.917,0.25,29.67,997.16,0
36.56,29.78,2.673,2.895,0.074,33.11,998.35,0
9.71,37.86,0.244,1.15,0.84,19.55,1002.21,0
48.36,65.52,1.399,2.862,0.885,34.54,1007.38,1
20.82,58.07,2.327,0.423,0.164,20.7,1019.77,0
83.39,29.64,0.183,2.04,0.309,16.0,1018.68,0
41.53,24.78,2.116,0.576,0.282,24.91,1017.63,0
117.07,31.31,2.459,0.74,0.937,17.21,992.68,1
76.92,55.23,1.982,2.338,0.205,28.63,1012.71,1
98.7,34.41,0.039,1.132,0.167,33.01,1016.31,1
15.9,95.28,0.54,0.021,0.182,33.43,1000.0,0
103.44,51.75,1.026,1.243,0.73,27.14,996.59,1
110.73,15.29,0.701,0.684,0.888,25.71,1012.45,1
58.45,75.63,2.888,2.05,0.393,34.88,992.73,1
72.75,39.6,1.955,0.583,0.136,26.59,1018.23,1
91.78,68.81,0.891,2.527,0.586,33.55,994.68,0
20.98,35.16,2.789,0.801,0.21,33.33,1003.73,0
60.31,61.37,2.222,1.179,0.064,20.79,1019.48,0
47.84,79.49,0.854,0.894,0.886,15.28,1019.65,1
17.56,93.52,1.137,1.932,0.871,23.78,1013.28,0
44.1,33.5,0.598,0.303,0.976,32.23,1015.18,0
8.18,40.14,2.913,1.434,0.474,31.72,1019.02,0
3.1,51.78,1.552,1.003,0.294,27.07,1017.82,0
16.22,93.45,2.688,2.652,0.77,18.13,1008.66,0
115.57,91.12,1.039,0.22,0.18,17.15,1012.04,1
65.94,18.09,2.583,2.489,0.243,34.09,1007.81,0
115.9,21.87,0.162,0.503,0.256,23.43,1005.19,0
51.9,54.6,2.946,0.266,0.952,27.96,1016.42,1
37.42,19.6,2.736,0.607,0.73,33.12,1012.14,0
60.74,41.1,1.09,0.308,0.134,32.4,1015.79,0
52.74,23.35,2.324,1.563,0.093,26.34,992.88,0
12.68,67.24,2.257,2.965,0.843,24.76,1007.29,1
76.9,95.45,2.704,0.103,0.802,29.71,999.89,1
25.92,99.71,0.922,1.383,0.671,21.99,1005.4,0
74.35,43.77,1.397,1.158,0.196,27.51,1008.39,0
78.02,63.91,2.595,1.019,0.48,15.46,1015.37,1
18.24,87.06,2.336,0.996,0.603,31.49,990.96,1
7.36,20.57,1.18,2.685,0.932,34.96,994.92,0
93.69,72.06,2.537,0.057,0.169,34.09,1017.64,1
55.18,46.8,0.141,2.325,0.515,22.2,1019.02,1
6.98,28.55,2.346,0.759,0.158,25.62,991.66,0
119.38,46.25,0.62,1.15,0.444,19.72,999.95,1
6.93,16.84,0.858,1.26,0.2,21.06,990.29,0
83.4,72.59,1.48,0.914,0.836,24.15,1012.72,1
118.04,32.75,1.349,0.281,0.255,29.94,1010.46,0
28.7,38.03,1.562,0.343,0.417,15.36,1006.94,0
17.07,20.9,1.634,0.894,0.408,22.88,1010.75,0
14.57,87.82,0.995,2.465,0.866,26.13,1006.13,1
36.39,54.41,0.526,0.404,0.758,19.3,997.17,0
12.13,61.49,2.305,2.228,0.058,16.57,1012.63,0
83.06,61.25,1.2,0.867,0.067,25.79,1013.5,1
7.48,46.94,1.518,2.65,0.551,27.76,1015.63,0
61.13,27.33,1.934,1.285,0.428,27.82,1018.62,1
119.6,77.06,2.729,0.515,0.276,22.13,1012.43,0
97.68,21.44,2.123,2.958,0.793,19.75,991.64,1
73.83,19.35,0.136,0.53,0.129,19.41,990.63,0
36.75,73.91,2.516,1.703,0.974,15.81,1012.2,1
74.87,28.8,2.968,1.708,0.024,18.69,991.68,0
63.24,37.61,1.417,1.118,0.118,31.37,999.48,0
51.13,52.77,2.909,2.854,0.311,15.06,994.08,0
15.69,50.44,1.642,2.532,0.509,15.88,1019.07,0
106.39,73.77,1.379,2.489,0.216,17.54,999.49,1
53.97,66.11,0.994,2.922,0.736,23.4,991.65,0
23.35,68.0,1.973,1.371,0.358,21.67,1018.49,0
44.13,74.26,0.689,0.292,0.039,18.56,1008.26,0
49.7,36.34,0.315,2.296,0.878,17.22,991.08,1
99.3,39.01,0.082,1.142,0.944,33.78,1015.0,1
88.03,49.42,0.877,0.571,0.619,33.23,994.58,1
92.32,37.67,1.187,1.45,0.807,30.44,1014.07,1
1.32,98.64,1.656,2.777,0.121,20.04,1008.08,0
49.94,83.26,0.878,0.514,0.269,21.47,995.31,0
57.76,24.82,2.952,2.546,0.325,28.32,1012.58,1
2.3,10.5,0.875,1.255,0.961,20.83,1003.64,0
31.18,13.85,1.323,0.41,0.512,25.61,1009.14,0
91.23,31.97,0.31,2.545,0.007,28.03,1016.09,0
16.45,20.29,0.782,2.909,0.38,25.38,997.81,1
64.24,58.0,0.145,0.874,0.008,23.27,1000.98,0
25.82,87.22,1.679,0.911,0.238,21.96,1019.92,0
1.45,76.31,2.253,1.172,0.455,30.55,1005.24,0
28.94,29.4,0.587,2.442,0.323,29.78,1006.76,0
117.1,45.94,1.104,0.031,0.033,28.92,998.56,1
96.18,55.71,0.05,0.672,0.116,22.49,1002.48,0
115.15,82.92,2.519,2.118,0.551,30.51,1005.05,1
58.54,85.52,2.34,1.217,0.696,34.15,997.75,1
13.17,91.87,0.19,0.991,0.405,28.78,997.14,0
65.76,55.83,1.095,2.617,0.731,23.16,1008.01,1
54.53,72.48,2.866,2.752,0.163,30.93,995.51,1
101.32,20.06,1.176,2.844,0.122,27.19,1006.6,0
11.77,60.88,1.579,0.818,0.839,32.55,1011.19,0
58.59,32.38,1.066,2.738,0.339,29.26,995.95,0
18.01,48.85,1.788,2.211,0.432,30.4,1012.38,0
38.96,67.06,2.934,0.463,0.948,28.35,1000.79,1
88.48,33.13,2.993,1.831,0.424,16.84,1019.78,0
57.12,14.7,2.324,0.079,0.003,24.7,1019.37,0
45.11,10.92,1.213,2.125,0.938,16.13,1013.96,0
47.34,11.99,1.483,2.201,0.014,23.95,1000.28,0
55.13,10.75,1.07,2.368,0.662,29.33,1018.12,0
94.2,19.93,2.957,0.518,0.323,23.43,1019.96,1
107.05,31.55,2.123,1.885,0.47,15.03,1003.87,1
114.64,29.91,1.347,0.537,0.547,22.39,1008.44,1
94.43,98.81,0.036,2.84,0.408,16.36,990.18,0
37.85,37.54,1.561,2.025,0.774,30.61,991.31,0
82.58,21.47,2.952,0.286,0.931,30.68,1005.02,1
52.51,59.1,1.569,0.561,0.086,31.13,1008.28,0
30.56,87.22,0.547,1.99,0.8,15.61,999.37,1
100.9,71.03,0.066,1.43,0.129,15.65,992.97,1
4.61,36.65,1.064,2.209,0.08,33.07,1013.47,1
108.21,60.55,2.755,0.842,0.956,17.47,1002.56,1
55.38,74.34,2.99,1.974,0.489,28.4,1009.47,1
76.46,75.53,2.836,0.531,0.153,30.91,1009.51,0
79.12,69.99,2.188,1.631,0.57,23.96,1006.41,0
107.41,88.37,1.674,2.873,0.263,25.93,995.35,1
76.4,88.31,1.772,1.885,0.464,19.55,1008.48,0
73.67,62.1,1.617,0.15,0.625,33.47,999.66,1
8.0,48.69,2.121,2.966,0.869,21.04,1014.57,0
62.21,67.74,1.257,0.471,0.003,19.36,995.8,0
18.02,83.64,2.008,2.154,0.214,25.51,998.73,0
88.49,10.51,0.365,1.598,0.096,18.81,1003.21,0
61.47,99.28,0.797,0.883,0.097,28.73,1012.2,0
81.63,26.46,2.508,0.532,0.946,25.3,1011.62,1
5.0,52.32,2.711,0.533,0.936,17.96,1000.11,0
10.18,88.48,1.617,2.575,0.749,16.34,1005.32,1
85.96,30.25,0.095,2.619,0.643,17.74,997.03,1
8.65,52.91,2.781,1.395,0.848,17.73,1013.11,0
8.55,21.93,2.106,0.311,0.058,21.26,995.9,0
1.45,45.56,1.242,2.652,0.119,31.67,1014.58,0
114.78,25.94,1.795,1.461,0.317,16.15,1018.11,0
88.5,42.73,1.289,1.316,0.832,17.56,1019.75,1
42.39,43.61,1.396,1.222,0.472,21.06,1015.71,0
35.58,99.39,2.66,1.095,0.504,26.07,996.65,0
41.96,99.53,0.483,1.578,0.229,30.26,1002.5,1
92.96,20.33,0.311,1.814,0.648,33.42,992.67,1
79.36,75.34,0.008,1.399,0.888,23.24,994.94,1
22.22,14.66,0.942,2.69,0.33,17.12,991.49,0
20.89,12.72,0.442,0.953,0.619,19.27,1009.23,0
11.81,19.48,0.66,1.735,0.332,20.74,1006.0,0
79.24,96.89,0.034,0.9,0.793,30.72,1017.51,1
91.72,94.68,0.682,2.26,0.475,28.73,1003.89,1
31.81,27.45,0.998,0.306,0.339,19.18,1009.27,0
2.51,24.55,0.095,0.566,0.42,31.77,1002.05,0
9.86,31.65,1.824,2.404,0.091,32.18,1014.88,0
116.14,56.4,1.706,0.55,0.866,32.65,1017.79,0
35.45,61.27,0.291,1.877,0.958,20.5,1002.95,1
92.31,29.94,1.785,2.911,0.477,17.67,992.48,0
74.96,78.1,2.996,1.569,0.221,17.08,994.91,1
45.83,37.86,2.833,0.562,0.665,23.0,1011.62,0
24.68,92.99,0.008,0.962,0.452,23.59,999.76,1
14.57,69.11,2.386,2.47,0.252,32.36,1013.56,1
73.8,49.27,1.061,1.055,0.038,20.36,1012.49,1
92.96,81.09,0.191,2.171,0.89,27.54,1010.83,1
77.27,83.61,0.888,2.332,0.797,30.76,1014.43,1
63.64,36.14,0.965,1.504,0.829,20.38,1012.7,0
5.03,40.57,1.57,2.35,0.44,20.34,1008.98,0
116.22,94.24,1.983,0.951,0.753,28.38,990.13,1
95.85,24.83,2.247,1.548,0.581,29.52,1005.47,1
35.14,13.79,0.738,2.06,0.375,34.2,1007.86,0
117.6,50.86,0.965,0.504,0.843,32.0,1018.82,0
72.23,82.11,0.925,0.821,0.999,31.44,1009.51,0
69.89,79.45,1.088,1.956,0.899,28.85,1007.26,1
89.77,92.76,2.999,1.966,0.776,17.37,1006.24,1
97.41,57.99,2.334,1.48,0.748,31.18,993.1,1
78.78,19.01,2.925,2.387,0.65,33.71,1002.83,1
15.37,62.98,2.079,1.446,0.854,22.81,994.03,1
40.59,80.06,1.219,2.644,0.493,21.27,991.58,0
111.37,18.4,1.169,2.208,0.182,25.45,999.88,1
26.95,25.54,1.466,0.944,0.768,34.13,1009.36,0
44.66,11.11,1.251,1.186,0.92,16.02,1016.0,0
51.85,63.43,2.485,2.003,0.341,29.18,1014.31,1
52.73,89.81,1.395,2.683,0.783,31.29,998.84,1
73.55,70.36,0.887,0.536,0.274,30.77,991.38,0
113.17,98.38,2.325,1.544,0.943,26.34,1002.08,1
28.88,15.67,2.563,0.356,0.683,33.41,999.44,0
14.58,91.27,1.261,0.838,0.569,17.69,1001.14,1
23.7,83.27,2.003,2.058,0.78,19.9,1006.77,0
106.43,38.28,0.176,0.233,0.813,21.14,990.91,0
77.5,97.62,1.588,1.987,0.892,15.17,1001.12,1
34.31,35.91,0.135,2.702,0.901,22.41,1006.76,0
97.91,90.04,0.088,2.908,0.053,18.21,1002.93,1
103.36,89.27,1.839,0.65,0.123,29.49,1010.02,1
101.58,78.19,0.91,2.247,0.826,23.3,995.58,0
110.27,60.71,2.228,2.779,0.946,29.09,994.61,1
30.27,20.8,2.688,0.274,0.308,20.87,999.24,1
90.61,57.88,0.418,1.242,0.009,17.64,993.05,0
55.26,42.11,2.174,2.758,0.323,17.64,997.09,1
101.04,81.3,1.544,0.608,0.383,19.07,992.61,1
87.42,78.23,0.336,2.801,0.761,17.3,1002.06,1
93.17,91.96,1.955,1.582,0.048,19.41,1011.34,1
78.74,11.33,1.828,0.3,0.213,26.58,998.6,0
21.29,82.82,1.547,1.35,0.894,20.13,990.11,1
65.4,94.46,2.779,0.979,0.155,21.86,1006.71,1
118.16,81.04,1.563,0.847,0.759,16.05,1010.76,1
112.49,21.72,2.972,1.624,0.361,32.84,1001.74,1
5.18,17.32,1.528,1.451,0.663,17.76,998.91,0
19.78,11.88,0.348,1.446,0.074,21.97,1004.72,0
15.81,66.59,1.411,0.264,0.287,22.59,993.04,0
87.12,66.67,0.547,2.407,0.425,30.44,1009.32,1
98.13,98.82,1.791,1.444,0.857,24.67,1012.0,0
25.62,45.82,2.079,2.463,0.563,22.66,1011.14,0
60.7,39.87,1.405,2.474,0.045,28.92,999.86,1
100.88,66.2,0.293,0.951,0.802,26.94,1015.28,1
87.94,84.3,1.406,0.013,0.055,16.56,1018.41,0
65.07,94.31,0.244,2.734,0.934,21.25,998.91,1
70.84,82.28,2.046,2.282,0.212,34.57,997.88,1
61.0,48.4,2.371,0.322,0.488,24.67,1011.12,1
35.71,67.14,2.887,2.105,0.072,23.48,1011.25,0
67.8,87.07,0.446,0.06,0.562,18.0,1005.31,1
82.67,54.15,1.597,0.083,0.497,31.78,1017.7,0
104.8,29.5,1.703,1.577,0.41,17.67,994.39,1
76.35,25.28,2.767,0.288,0.036,17.1,1004.32,0
91.33,10.01,1.882,2.893,0.879,23.78,991.06,1
19.21,74.64,0.437,2.681,0.803,23.73,991.58,1
55.39,20.0,1.309,1.949,0.633,34.63,991.61,0
1.12,31.95,1.964,0.191,0.572,17.55,1004.75,0
29.6,36.81,2.101,0.975,0.695,24.68,1007.67,0
87.18,60.43,2.589,1.115,0.144,19.02,990.1,1
119.02,45.82,0.542,1.443,0.933,29.04,1008.98,1
11.9,70.72,2.855,0.507,0.285,22.83,1004.69,0
48.18,15.01,0.177,1.733,0.656,27.97,996.71,1
96.01,21.15,2.951,1.307,0.607,21.77,990.45,1
24.48,54.93,2.573,2.842,0.637,26.29,994.68,1
66.61,40.33,1.981,2.809,0.879,24.38,1008.01,1
87.97,36.62,2.205,1.696,0.296,22.49,1009.77,1
73.92,16.03,0.218,1.933,0.749,25.75,1009.41,1
22.56,90.61,0.124,0.413,0.598,22.68,994.59,1
42.65,72.26,0.305,0.67,0.076,31.12,1017.34,0
94.06,20.95,0.262,2.702,0.414,24.9,1002.33,1
66.51,15.85,1.642,2.097,0.838,33.06,1013.04,1
0.63,97.74,0.646,0.568,0.315,19.46,994.99,0
91.32,71.31,2.581,1.711,0.482,17.24,1004.12,1
4.24,47.57,1.337,2.804,0.489,22.62,1005.65,0
89.49,73.16,2.087,1.036,0.618,18.67,1013.11,1
24.3,78.07,1.959,0.557,0.884,22.86,1008.65,1
114.97,80.2,0.96,2.826,0.174,19.15,1001.98,1
44.15,53.01,0.73,1.384,0.505,32.36,998.48,1
39.23,48.69,1.027,1.252,0.424,26.36,1019.19,0
17.87,10.99,2.39,0.803,0.296,24.95,998.54,0
36.67,93.39,1.759,2.675,0.92,30.75,993.88,1
105.2,64.3,0.761,2.537,0.008,17.61,999.01,1
119.56,28.28,2.454,1.209,0.122,32.14,999.81,0
44.2,92.76,0.164,0.092,0.733,24.67,993.84,0
53.83,92.34,2.098,1.34,0.263,17.73,1011.24,1
86.65,99.03,1.317,0.543,0.723,31.39,1008.57,1
106.34,88.67,2.194,0.428,0.832,24.22,999.5,1
71.17,99.8,2.782,1.179,0.255,27.09,1019.79,1
46.98,32.02,2.25,0.297,0.192,32.87,1009.65,0
49.51,85.8,1.326,2.872,0.145,32.81,1011.1,1
83.47,84.07,0.453,0.143,0.2,32.86,1006.72,1
0.39,30.78,2.419,1.204,0.267,23.34,1006.55,0
74.35,18.86,1.382,0.488,0.869,29.99,990.6,0
42.66,98.15,0.226,2.066,0.77,19.67,1013.13,0
95.3,36.64,2.157,0.236,0.002,31.62,1017.32,1
11.16,88.38,0.876,1.64,0.874,21.83,993.67,0
70.58,10.37,0.147,2.319,0.079,24.28,1013.87,1
57.72,11.89,2.708,2.85,0.655,32.83,1006.03,0
77.08,51.93,1.449,2.096,0.151,31.11,998.56,0
7.78,31.48,0.843,0.298,0.062,34.05,1017.63,0
69.6,72.09,2.149,0.266,0.76,22.27,990.52,1
67.38,60.9,2.658,2.195,0.467,18.02,998.22,1
67.28,16.97,0.001,0.646,0.599,33.21,1016.59,1
72.42,24.64,2.064,1.342,0.425,24.86,1004.43,0
81.18,44.92,2.301,2.93,0.067,32.79,1007.97,1
96.6,26.7,0.63,2.46,0.74,29.64,1012.49,1
32.38,81.3,1.469,2.54,0.82,32.5,994.44,1
99.01,47.45,0.268,2.582,0.041,28.09,996.46,0
59.79,18.41,2.24,1.859,0.376,31.25,1019.96,1
9.25,53.59,2.542,2.232,0.557,17.41,997.12,1
7.03,18.18,0.325,1.077,0.605,34.37,1006.18,0
40.11,21.6,2.449,2.995,0.578,18.62,998.96,1
94.19,31.56,2.315,0.839,0.693,15.49,1015.54,1
84.92,87.36,1.041,1.77,0.967,25.62,1018.85,1
94.63,93.22,2.071,0.846,0.391,29.24,994.24,1
62.07,84.36,0.0,0.336,0.557,29.33,1008.02,0
52.82,40.07,2.795,1.703,0.699,21.78,1014.35,1
17.69,34.52,1.651,1.06,0.592,30.08,1014.69,0
39.38,59.42,1.861,1.75,0.387,31.85,1003.21,1
52.08,74.97,1.994,1.676,0.624,27.2,996.76,1
10.63,99.4,1.684,1.627,0.65,22.72,1001.61,0
26.47,21.84,2.57,0.37,0.585,27.27,1012.53,0
71.79,14.44,1.829,1.321,0.205,32.24,1019.81,0
88.28,72.49,2.723,2.436,0.506,33.01,1006.63,1
119.8,84.9,1.747,0.945,0.884,15.63,995.85,1
111.97,86.17,0.513,1.331,0.869,17.45,991.26,1
77.11,71.06,2.741,1.481,0.751,15.09,1018.31,1
50.55,95.86,2.045,2.588,0.697,24.85,1004.49,1
76.34,55.99,2.098,1.967,0.153,23.73,1011.5,0
94.28,92.24,2.956,0.301,0.459,25.92,1009.81,1
14.2,97.1,0.226,2.596,0.111,28.67,1016.73,0
49.19,86.24,1.286,2.496,0.817,22.32,997.98,0
100.78,37.88,0.717,2.261,0.291,19.17,1003.25,1
46.06,27.66,1.891,1.398,0.767,22.9,1017.41,1
68.62,59.33,2.42,2.273,0.815,15.18,1007.57,1
70.53,50.77,2.899,1.436,0.892,31.59,992.14,1
22.14,89.0,1.364,2.21,0.754,22.67,995.83,1
43.47,19.0,2.359,2.64,0.565,27.46,997.12,1
40.14,33.2,2.751,2.672,0.598,21.49,1019.81,0
3.14,77.66,2.05,1.364,0.321,27.3,996.72,0
2.9,18.55,0.728,2.578,0.177,25.81,1016.09,0
99.8,38.87,1.824,0.304,0.131,19.17,992.34,1
32.77,44.84,2.91,0.305,0.182,27.51,995.45,0
62.17,66.03,2.963,1.645,0.934,17.19,1016.16,1
35.85,24.23,1.927,1.956,0.164,24.62,1016.97,1
112.88,87.45,2.661,0.459,0.724,29.4,995.29,1
31.12,50.28,0.601,1.417,0.185,25.98,996.9,0
51.56,92.53,0.738,0.283,0.975,29.93,1005.92,0
104.73,52.11,2.859,1.806,0.367,20.46,991.58,1
101.03,34.75,0.406,2.565,0.412,15.98,1018.36,1
22.33,22.76,0.573,2.213,0.405,16.12,1000.86,1
96.32,10.34,1.262,1.135,0.816,20.37,1004.68,0
54.98,57.89,1.769,2.981,0.218,23.15,993.15,1
57.96,19.64,1.811,1.989,0.831,25.75,990.98,1
16.02,45.26,0.876,2.446,0.657,30.15,1004.03,0
9.67,63.03,2.762,2.009,0.22,31.79,993.65,0
87.35,34.81,2.745,2.968,0.065,28.87,1008.91,1
59.58,25.77,1.176,2.464,0.775,24.26,1013.83,1
52.42,79.72,1.303,1.558,0.219,20.29,990.95,1
87.54,95.21,2.107,1.101,0.889,23.56,1008.37,1
91.86,19.04,1.989,2.046,0.13,20.47,1014.47,0
19.07,24.0,1.147,1.771,0.616,27.49,1003.18,0
73.23,96.4,1.243,1.888,0.692,31.36,1018.79,1
16.24,13.4,1.044,1.029,0.658,25.36,993.34,0
90.17,97.99,0.706,1.286,0.316,15.92,999.69,1
78.83,10.42,1.374,1.674,0.876,33.79,996.9,0
114.79,88.63,2.059,2.518,0.77,20.89,1019.89,1
8.27,37.66,2.226,2.289,0.51,33.29,998.83,0
6.85,94.47,2.337,0.356,0.603,31.26,1001.64,0
33.86,38.53,1.124,0.737,0.566,23.26,1015.43,0
31.4,68.89,2.294,0.08,0.947,16.13,1017.9,0
29.64,17.2,0.02,0.024,0.896,33.95,1018.13,0
108.75,31.81,1.431,0.673,0.235,28.18,1006.75,0
29.95,79.63,2.382,2.398,0.263,19.99,1009.9,0
32.63,57.58,1.89,2.714,0.981,25.67,1000.48,1
91.13,93.52,1.422,1.175,0.237,27.71,1008.21,1
53.97,48.59,1.934,1.69,0.953,19.53,999.08,0
93.21,88.28,2.721,2.118,0.65,16.87,1012.38,1
7.84,50.41,1.699,2.859,0.05,20.35,999.22,0
58.51,98.13,2.399,2.739,0.336,15.95,1016.38,1
4.03,96.39,2.942,0.172,0.476,16.4,994.3,1
7.52,39.62,2.117,0.744,0.833,18.13,1007.15,0
108.77,89.73,1.72,0.147,0.329,18.17,1005.62,1
16.71,86.29,0.112,1.85,0.311,19.96,997.91,1
63.89,28.96,1.123,2.131,0.92,33.75,990.84,1
49.33,66.19,1.696,0.925,0.079,26.52,994.46,1
41.68,16.54,2.392,2.562,0.552,23.45,1019.04,0
107.98,85.3,1.314,1.358,0.504,26.28,1018.24,1
2.62,25.71,2.88,2.995,0.057,15.11,993.58,0
79.65,16.37,0.815,0.001,0.088,32.89,1001.25,0
115.61,46.02,2.234,0.328,0.382,25.65,1003.95,1
67.22,61.92,1.257,0.905,0.134,24.03,1004.34,0
112.42,86.94,1.458,0.077,0.478,33.83,998.96,1
6.27,97.68,2.408,2.347,0.609,29.61,1017.39,0
50.26,49.55,0.889,0.158,0.691,21.75,1017.25,0
31.22,15.44,0.29,2.247,0.546,33.72,990.57,0
87.7,77.42,1.561,0.158,0.38,32.04,1009.5,1
117.76,60.87,1.586,0.758,0.13,34.09,992.23,0
30.78,50.31,2.392,2.524,0.247,16.92,1007.92,0
78.5,37.83,2.905,2.853,0.419,34.11,1016.01,1
23.77,55.22,0.166,1.244,0.924,25.86,1009.49,0
67.84,40.48,1.775,2.91,0.203,28.44,1004.07,0
55.67,78.13,2.044,1.881,0.413,19.24,1018.74,1
116.64,58.95,2.957,1.248,0.732,17.81,1012.4,1
73.02,88.92,2.828,2.408,0.705,16.59,997.48,1
41.94,58.92,2.137,0.886,0.966,23.45,1001.61,1
13.69,31.44,1.565,0.797,0.191,19.43,1012.8,0
18.15,86.6,0.485,1.97,0.017,16.63,990.58,0
27.04,60.15,1.153,1.171,0.322,34.1,991.92,1
30.12,28.62,1.755,0.408,0.15,29.67,1015.78,0
102.07,66.12,2.176,0.201,0.548,25.36,991.29,1
67.35,42.19,1.906,2.364,0.899,29.87,1010.36,1
62.81,86.0,2.142,2.028,0.688,27.23,999.57,1
13.77,50.8,1.287,1.235,0.136,18.56,1014.78,0
103.22,75.38,2.183,2.689,0.116,27.67,1015.42,0
86.74,18.6,0.431,1.233,0.911,28.62,1018.6,0
8.12,45.64,0.488,2.131,0.488,19.75,992.87,0
84.94,98.49,0.488,2.727,0.924,21.4,1002.69,1
65.22,82.76,2.673,2.522,0.736,22.67,1007.22,1
9.81,24.39,0.228,1.533,0.993,27.05,1017.48,0
55.0,35.0,2.405,2.042,0.871,17.54,998.0,1
58.16,39.68,0.701,1.241,0.414,29.87,992.15,1
19.89,68.53,1.405,1.942,0.758,21.92,996.05,0
113.48,78.13,2.748,0.773,0.471,28.84,1004.87,1
102.0,77.46,1.758,1.304,0.233,33.66,1010.43,1
80.28,55.89,0.63,0.629,0.241,32.4,1010.72,1
55.48,82.97,0.852,0.115,0.397,29.75,992.24,0
49.41,49.34,2.761,1.766,0.111,18.87,1012.84,1
78.12,21.15,1.281,2.593,0.178,29.64,1009.81,0
65.45,60.8,1.761,0.077,0.501,27.72,1002.23,0
7.47,95.71,1.38,0.588,0.954,30.45,1007.13,1
61.5,81.37,1.135,1.381,0.578,32.38,1013.03,1
96.77,62.08,0.67,1.998,0.408,21.23,997.86,1
55.11,68.21,2.059,0.514,0.243,27.89,1018.2,0
6.23,93.75,2.155,0.17,0.196,20.5,994.13,0
94.35,48.55,0.825,1.557,0.658,21.93,1017.07,0
24.16,39.83,2.367,2.456,0.848,25.41,1012.23,1
31.03,97.95,2.564,0.106,0.399,23.68,1009.82,0
19.76,87.71,2.762,1.048,0.551,27.01,992.49,0
39.63,39.07,0.484,1.991,0.707,30.18,1017.57,0
90.81,51.74,0.912,0.392,0.058,27.1,998.86,0
62.33,47.36,2.581,0.708,0.351,34.4,1012.37,0
24.59,23.42,0.596,1.606,0.73,29.76,1016.54,1
105.34,96.2,0.01,2.86,0.685,34.7,997.33,1
105.55,46.39,2.612,0.862,0.053,29.87,1017.44,1
104.47,88.78,0.979,1.463,0.238,25.16,1008.36,1
28.66,27.04,1.243,1.2,0.68,23.22,1009.77,0
54.15,59.31,1.339,2.692,0.271,29.71,1017.44,1
118.2,12.16,2.545,0.216,0.814,28.74,1005.8,1
92.64,78.78,1.014,1.698,0.03,28.38,1003.22,1
3.26,62.28,2.677,2.538,0.19,29.44,1009.0,0
7.82,66.3,1.851,2.964,0.281,32.44,1006.62,0
55.67,14.65,1.582,2.096,0.925,19.56,991.84,0
109.11,28.99,0.977,1.14,0.796,26.3,995.41,1
64.64,16.69,0.731,1.235,0.884,27.07,990.41,0
59.74,36.0,1.872,1.055,0.44,20.86,993.24,0
12.66,66.47,1.341,1.811,0.823,34.76,1011.9,1
78.81,60.96,2.732,2.218,0.853,30.71,990.14,1
98.65,65.09,1.475,2.458,0.4,21.43,999.13,1
45.65,59.43,1.535,1.25,0.994,22.17,1003.48,0
93.07,34.57,1.25,2.15,0.851,29.37,1018.13,1
115.74,32.01,2.368,2.749,0.974,15.23,999.81,1
24.45,22.34,1.275,2.762,0.866,24.28,1013.49,1
62.8,86.42,0.808,2.112,0.776,21.86,1002.26,1
34.46,65.48,2.586,1.911,0.944,32.08,992.95,1
95.14,26.79,1.79,1.595,0.42,30.83,992.97,1
69.31,25.95,1.775,0.55,0.783,21.64,1002.97,1
76.15,88.57,1.832,0.371,0.213,32.3,991.74,1
95.75,76.85,2.157,1.457,0.733,33.27,1007.15,1
47.52,69.35,0.939,0.478,0.785,26.05,1004.81,1
109.81,46.62,0.102,1.731,0.717,18.18,1011.08,1
63.96,33.58,2.432,1.937,0.85,30.41,995.57,1
18.95,98.15,0.387,1.577,0.413,21.39,1007.79,1
83.51,81.75,2.165,0.109,0.545,25.55,995.24,1
95.19,37.16,0.247,0.173,0.011,15.91,1011.67,1
38.01,86.28,1.126,0.34,0.146,25.0,999.21,1
102.86,78.3,0.189,0.461,0.644,22.61,1008.43,1
108.74,36.74,1.567,2.97,0.562,28.72,1016.48,1
33.23,48.39,1.959,1.033,0.197,15.82,1004.65,0
118.02,26.74,0.514,0.876,0.243,27.5,995.77,1
16.89,19.99,1.115,0.157,0.344,30.44,1016.58,0
24.24,75.05,2.791,1.906,0.716,15.26,1000.76,0
22.11,34.08,1.327,1.957,0.61,30.0,1011.91,0
107.28,83.81,2.408,0.526,0.07,17.6,999.6,0
78.52,99.6,2.782,2.758,0.76,28.96,998.95,1
18.25,16.9,2.923,2.401,0.263,24.11,1009.26,0
52.84,52.57,2.695,0.691,0.672,26.04,994.69,1
73.84,82.19,0.952,1.458,0.123,21.75,1016.01,1
10.02,81.01,2.888,1.375,0.998,19.91,1001.63,1
105.89,78.4,2.437,1.046,0.08,16.42,990.58,1
96.43,41.41,2.512,2.453,0.742,32.29,999.16,1
60.62,50.85,0.046,0.328,0.541,27.21,1013.55,0
116.06,63.55,2.863,1.246,0.086,34.66,1015.78,1
50.13,97.65,2.334,1.284,0.027,32.01,1007.04,0
118.09,39.48,2.304,1.406,0.363,32.39,998.82,1
80.15,93.08,0.245,2.584,0.802,26.96,1005.84,1
76.16,34.24,0.698,0.655,0.041,16.62,1015.09,0
19.91,99.02,2.887,0.309,0.704,33.27,999.48,0
105.83,70.32,1.502,1.853,0.655,17.36,1001.56,1
51.3,51.72,1.194,0.522,0.266,25.34,1006.19,0
19.47,65.21,2.52,0.225,0.077,32.14,1016.61,0
1.51,34.53,0.262,1.28,0.915,24.45,1007.46,0
67.17,34.68,1.251,0.659,0.3,18.31,996.23,0
63.29,20.22,1.127,1.084,0.111,22.46,992.67,0
86.32,20.26,1.05,0.779,0.682,34.77,992.85,1
106.83,41.29,0.923,0.278,0.217,35.0,1018.51,0
9.53,78.66,0.63,1.681,0.476,29.22,1014.67,0
87.78,64.72,0.519,0.081,0.05,32.76,1012.98,1
22.49,19.23,1.921,2.899,0.993,15.88,1004.89,0
102.98,86.7,2.758,1.024,0.448,20.52,1010.18,0
98.29,64.12,1.527,2.085,0.999,22.38,993.82,1
64.9,96.48,0.894,2.431,0.386,15.24,1008.63,0
85.23,70.32,0.477,0.837,0.348,22.54,1014.32,1
37.72,25.77,2.49,2.246,0.915,16.86,991.86,1
56.54,52.64,2.914,2.497,0.329,25.35,998.88,1
98.6,68.36,1.047,0.724,0.432,15.09,993.31,1
55.11,12.54,0.873,2.977,0.078,20.41,997.81,0
42.94,11.34,1.804,0.062,0.955,32.33,1013.18,1
59.31,21.65,2.326,0.651,0.085,19.26,999.96,0
99.39,32.65,1.366,2.34,0.771,16.3,1010.69,1
40.22,48.66,1.89,0.582,0.539,19.99,1013.2,0
20.85,53.87,2.15,2.095,0.061,31.55,1014.5,0
85.44,22.42,2.882,2.567,0.002,26.74,1016.2,0
99.12,70.61,0.495,2.878,0.936,26.72,1007.93,1
12.08,63.65,2.992,1.423,0.742,15.01,998.42,0
28.78,36.5,1.176,2.913,0.686,24.44,994.52,1
17.04,11.23,2.17,1.235,0.439,20.31,1005.11,0
41.75,16.99,1.717,0.654,0.239,21.72,993.11,0
54.04,45.25,1.46,1.542,0.68,26.97,1017.32,0
89.86,23.86,2.094,1.949,0.608,32.49,1003.27,0
78.14,43.91,1.187,1.374,0.726,18.63,1016.19,1
74.51,66.54,0.378,1.701,0.366,30.36,1011.28,1
42.28,59.25,1.467,1.249,0.987,15.98,1015.72,0
100.97,30.81,1.566,1.574,0.067,21.53,1016.52,1
56.55,40.94,0.606,2.858,0.08,19.38,991.6,0
117.49,65.26,2.807,1.499,0.917,33.31,1011.76,1
76.1,87.48,0.682,0.76,0.648,18.56,996.8,1
15.15,77.79,1.228,2.276,0.326,26.57,1019.68,0
81.14,59.81,0.465,1.013,0.762,18.3,1013.35,1
39.01,42.61,1.607,2.449,0.453,24.47,990.11,0
82.36,42.85,0.923,0.171,0.021,23.27,1017.82,0
8.36,89.15,1.468,0.997,0.651,15.83,998.77,0
20.99,13.53,0.674,0.283,0.243,31.52,1002.5,0
102.69,98.92,0.161,0.256,0.115,30.6,1008.37,0
27.26,69.79,2.338,1.975,0.225,20.56,1017.49,0
100.44,71.3,1.923,1.156,0.476,27.28,1017.82,1
33.51,13.42,1.022,2.614,0.05,22.25,1006.9,0
77.15,64.5,0.142,1.549,0.883,30.38,999.5,1
83.3,53.63,2.597,0.886,0.56,28.85,998.38,1
61.52,19.52,0.509,2.163,0.293,16.81,1000.93,0
36.64,35.01,2.792,1.872,0.687,31.88,995.42,1
25.52,90.13,1.436,2.399,0.804,18.59,1010.09,0
3.98,59.5,1.021,1.931,0.614,18.48,1005.83,0
36.47,47.21,2.225,0.501,0.202,29.67,1013.2,1
78.38,16.54,2.631,2.011,0.11,18.67,992.82,1
112.6,74.27,1.112,1.175,0.86,17.45,1002.0,1
104.54,73.26,1.222,1.389,0.235,21.71,997.2,1
91.93,65.26,1.299,2.765,0.02,31.77,1006.06,1
94.61,55.92,2.767,1.08,0.643,18.54,1004.05,1
79.8,49.04,2.078,1.836,0.153,21.78,1003.49,1
31.23,63.39,0.743,1.09,0.991,20.73,999.47,0
108.86,31.01,0.555,0.284,0.87,22.12,1011.81,1
80.49,94.71,0.691,1.361,0.608,29.29,1004.45,0
67.25,62.99,0.791,1.791,0.834,23.11,996.07,1
13.32,38.01,0.691,1.223,0.471,30.19,1006.42,0
53.65,50.47,1.976,1.172,0.788,27.81,1007.9,1
55.24,82.51,0.348,2.461,0.647,22.22,990.64,0
103.75,24.55,1.162,0.089,0.029,23.64,996.11,0
65.6,36.36,1.875,0.887,0.949,29.07,997.27,1
45.65,71.16,0.873,2.435,0.861,25.7,997.44,0
117.22,38.39,0.196,2.762,0.953,32.37,997.17,1
13.29,81.33,0.245,1.237,0.731,33.66,998.15,1
50.71,21.74,0.378,2.666,0.412,29.35,997.88,0
5.04,78.64,2.508,0.597,0.207,34.78,1016.52,0
88.79,16.15,1.974,0.664,0.18,26.93,999.59,1
110.17,11.13,0.194,2.539,0.145,15.8,1000.49,1
33.6,90.84,1.173,2.71,0.221,25.1,997.99,0
103.0,62.32,0.836,0.668,0.551,19.6,1019.03,0
35.07,41.66,1.734,0.178,0.684,21.67,1006.06,0
109.29,30.93,1.568,0.271,0.314,24.8,1008.32,1
90.48,65.52,1.443,0.784,0.549,20.9,1012.06,1
96.59,55.81,0.944,2.284,0.341,21.19,1000.01,1
2.16,99.24,0.413,1.53,0.697,23.04,1019.06,0
115.54,98.49,2.227,1.367,0.988,20.73,994.57,1
87.2,67.15,2.64,1.752,0.689,18.39,1003.73,1
36.57,49.86,2.832,2.671,0.059,30.31,994.36,0
99.53,54.2,0.176,0.271,0.477,22.9,1013.71,0
33.78,71.42,2.22,2.084,0.77,31.64,993.22,1
104.73,19.14,2.18,2.78,0.542,32.65,1006.62,1
13.51,39.55,2.841,0.64,0.951,30.02,993.14,1
84.44,16.77,0.759,2.513,0.055,22.93,1003.58,0
64.88,16.6,2.227,2.094,0.291,29.43,998.41,0
11.58,27.63,0.164,0.043,0.221,18.1,1017.1,0
29.03,53.67,1.894,0.695,0.768,28.22,991.59,1
1.49,80.63,1.053,1.818,0.524,23.12,1009.5,1
56.25,53.69,2.307,1.507,0.138,28.11,1010.86,0
36.15,40.19,2.59,1.584,0.286,30.1,1016.67,0
71.8,17.41,1.094,0.696,0.523,26.25,1016.33,0
35.67,59.53,1.577,2.025,0.996,27.85,1019.31,1
35.99,34.41,0.352,0.799,0.364,19.27,997.62,0
89.18,65.34,1.251,1.168,0.157,26.85,998.24,0
5.78,97.95,1.082,1.107,0.497,24.21,1001.92,1
108.35,20.02,0.549,2.016,0.31,23.56,1006.13,1
102.27,29.09,2.683,0.271,0.566,23.21,1001.01,1
80.14,52.58,0.444,0.617,0.467,21.22,1012.21,1
71.19,97.18,1.907,0.601,0.689,21.11,990.26,1
107.08,79.46,2.67,0.325,0.914,28.99,990.53,1
22.24,90.84,2.736,0.623,0.201,26.16,1011.48,0
9.48,40.03,2.38,1.821,0.821,15.6,1016.49,0
28.74,99.28,0.528,2.197,0.949,15.97,1013.3,1
95.35,19.25,2.452,1.981,0.374,26.4,993.51,1
4.16,14.77,0.83,1.426,0.114,31.93,1018.05,0
69.94,87.0,2.767,0.157,0.822,15.88,1005.66,1
119.45,93.45,2.127,2.877,0.701,25.14,1012.27,1
102.68,18.15,2.356,0.504,0.213,32.02,996.03,1
62.57,20.21,0.255,2.005,0.445,15.09,1006.46,0
7.64,12.99,1.748,2.739,0.578,20.52,999.9,0
99.76,19.41,2.463,2.093,0.17,33.4,1019.24,0
71.88,28.85,2.585,0.654,0.715,16.63,1004.23,1
13.79,97.31,0.086,0.947,0.69,27.14,1012.67,0
11.26,70.11,2.817,0.091,0.887,25.15,1008.1,0
109.16,80.07,0.13,1.838,0.567,18.03,992.83,1
80.3,79.85,1.844,1.839,0.574,15.85,1006.29,1
99.51,58.16,2.08,2.177,0.619,25.05,1006.21,1
105.48,81.77,0.322,0.033,0.274,29.7,1011.47,1
68.61,63.62,0.144,2.454,0.759,18.54,999.66,1
62.09,38.31,2.355,2.216,0.662,28.83,1015.82,1
51.65,60.5,1.154,0.423,0.839,25.93,1008.68,1
38.03,58.02,0.321,1.043,0.769,22.16,991.18,0
52.15,84.11,2.288,1.916,0.639,28.29,1011.21,1
92.87,98.36,2.547,1.487,0.161,18.84,1017.21,1
72.23,46.99,1.762,0.345,0.919,24.14,1010.49,1
107.1,78.71,0.484,0.262,0.367,25.99,1001.4,1
53.21,18.98,0.046,2.344,0.964,24.17,1007.72,1
72.85,79.91,2.102,0.468,0.402,22.95,995.14,1
75.76,43.43,1.65,0.516,0.146,29.82,1008.04,0
71.0,13.55,1.952,2.493,0.885,28.12,1005.03,1
84.32,42.69,2.44,1.836,0.795,27.79,990.78,1
28.49,64.96,1.303,1.814,0.786,32.84,999.66,0
61.48,20.73,0.374,1.438,0.089,34.87,995.74,0
12.51,93.16,2.82,1.707,0.879,26.34,1001.72,1
46.14,16.99,1.636,1.805,0.596,21.97,997.25,0
58.52,93.7,1.846,2.903,0.47,30.58,1015.03,0
78.27,73.64,2.8,0.669,0.913,17.84,1010.93,1
114.06,39.67,2.795,0.644,0.666,25.26,1012.2,1
72.08,45.17,1.716,0.172,0.133,25.49,1000.83,1
89.23,76.67,0.893,1.975,0.52,34.67,990.1,1
60.75,64.13,2.991,1.647,0.637,34.82,996.57,1
76.09,70.45,2.042,0.334,0.899,30.98,1012.66,1
8.51,45.02,1.225,1.094,0.28,24.46,1008.09,1
30.53,53.9,1.68,0.536,0.794,25.94,1006.16,1
43.42,99.09,1.248,0.994,0.8,21.39,998.42,1
56.7,29.25,2.665,2.854,0.128,31.6,992.27,0
5.48,47.61,1.447,2.05,0.017,29.93,1013.55,0
16.8,36.26,2.471,0.023,0.581,30.43,991.16,0
33.22,78.86,2.521,0.758,0.789,17.77,991.77,1
116.58,78.76,2.473,0.031,0.554,22.97,998.85,1
39.76,36.32,2.167,2.145,0.813,25.75,1007.19,1
57.84,17.33,2.565,1.408,0.622,17.49,1019.77,1
23.53,11.03,1.162,2.982,0.653,22.37,992.72,0
73.29,48.47,0.344,2.201,0.028,16.75,1004.2,1
33.68,46.93,2.527,1.554,0.089,34.18,1008.05,0
24.84,98.96,1.495,2.414,0.725,30.03,1014.69,1
61.99,52.28,0.382,2.114,0.763,27.41,1010.69,0
0.66,33.08,0.346,0.731,0.542,19.1,1014.23,0
0.92,90.21,0.478,1.591,0.59,21.68,1005.67,0
26.29,54.2,2.253,1.668,0.614,17.89,1003.02,0
4.41,63.93,2.133,1.354,0.105,25.72,1008.56,0
12.96,18.61,0.611,0.538,0.668,31.41,1017.03,0
40.66,44.46,2.541,0.67,0.478,15.38,1006.53,1
96.31,94.98,0.844,0.843,0.603,17.07,1008.17,1
68.65,63.06,2.379,0.031,0.563,19.59,1000.14,0
61.52,41.01,1.466,2.751,0.763,29.28,1007.88,0
35.22,66.31,2.195,2.058,0.319,32.88,1008.83,1
111.81,91.94,1.144,2.069,0.374,30.06,1012.6,1
47.64,34.66,1.041,1.717,0.392,25.5,1007.17,0
10.45,55.46,2.524,2.068,0.762,17.1,995.93,1
74.05,96.28,0.106,2.946,0.431,30.1,1007.46,0
13.66,25.52,2.924,1.155,0.177,17.11,998.94,0
41.43,74.77,1.945,2.138,0.983,21.95,992.62,1
60.89,65.3,1.297,1.079,0.493,21.16,1014.76,1
104.91,71.17,1.884,2.563,0.109,22.18,991.98,0
59.23,41.61,0.368,2.574,0.67,21.59,1008.95,0
84.27,38.25,1.542,2.707,0.739,30.38,1019.65,1
119.14,71.58,2.955,0.016,0.5,18.43,992.63,1
15.78,29.4,0.706,0.895,0.646,31.92,996.6,0
32.97,47.77,2.167,0.402,0.173,32.17,1012.82,0
47.35,26.94,1.305,1.362,0.368,24.82,992.91,0
50.62,10.75,1.957,1.486,0.162,17.12,1014.98,0
49.32,97.31,0.615,0.768,0.387,26.51,990.01,1
108.91,48.85,1.411,2.17,0.563,31.42,1016.7,1
85.68,97.24,2.94,0.809,0.443,20.79,992.0,1
72.95,22.63,0.586,2.562,0.593,31.75,1017.66,0
37.12,62.86,1.909,0.533,0.502,28.54,1015.94,0
98.85,28.09,1.727,1.102,0.318,34.74,1006.19,1
114.61,81.11,1.695,1.867,0.143,31.49,1013.34,1
98.54,80.53,1.845,1.816,0.253,19.03,992.25,1
0.19,20.13,1.507,0.234,0.201,23.98,994.05,0
76.37,92.09,0.051,2.539,0.707,17.07,1001.08,1
6.14,27.52,2.7,1.794,0.82,16.39,1006.12,0
30.91,65.17,2.481,2.61,0.72,29.12,1016.05,1
7.14,98.71,0.523,2.603,0.644,33.26,1006.28,1
72.46,89.42,1.24,1.638,0.308,34.47,1009.96,1
82.39,96.09,2.312,2.732,0.711,20.41,1010.4,1
13.74,40.83,2.94,2.545,0.605,19.04,1016.33,0
46.06,19.5,2.853,2.874,0.047,26.2,1013.3,0
54.75,26.95,2.698,2.551,0.908,19.02,1019.31,1
44.29,55.04,0.475,2.464,0.08,20.92,990.6,1
14.52,81.39,2.743,1.408,0.503,31.74,996.23,1
50.27,23.51,2.635,0.636,0.513,31.21,1017.91,1
90.14,69.38,1.131,2.732,0.837,32.9,1013.77,1
8.52,39.12,1.184,2.168,0.913,24.64,998.02,1
9.62,40.71,1.38,0.845,0.94,26.28,1019.23,0
42.57,69.57,1.969,1.023,0.57,30.41,1016.1,0
113.01,52.03,0.783,2.058,0.679,19.79,991.94,1
80.23,83.08,0.069,1.433,0.089,31.46,1014.34,1
81.44,24.03,0.424,0.244,0.488,15.35,1013.53,1
43.43,81.1,1.32,0.424,0.898,30.95,996.63,1
71.24,15.78,0.846,2.237,0.456,30.52,1010.08,1
1.22,27.46,2.294,0.986,0.07,21.04,1019.11,1
76.33,69.05,0.32,1.523,0.201,29.56,1010.28,0
109.59,86.94,2.752,2.3,0.43,19.28,1014.41,1
73.51,32.74,2.686,2.254,0.238,26.52,992.98,1
104.84,39.45,2.726,0.501,0.392,29.01,1011.82,1
86.88,58.34,2.219,0.295,0.333,29.29,996.14,1
14.47,29.04,0.321,1.773,0.319,34.66,992.16,0
108.29,83.0,1.314,2.225,0.091,18.64,1006.56,0
7.97,79.63,0.394,0.447,0.883,24.62,1012.52,0
64.08,23.08,2.963,1.116,0.693,32.6,1006.4,0
17.06,51.74,0.999,2.611,0.623,26.23,1017.95,1
1.4,79.73,1.756,2.833,0.606,32.53,1010.87,0
50.64,40.36,2.338,1.362,0.397,23.68,993.53,1
35.4,66.98,2.762,0.239,0.823,30.91,1018.04,1
58.32,14.52,2.267,0.773,0.93,32.4,994.59,0
69.26,64.78,2.024,0.699,0.006,31.93,1012.75,0
5.25,23.74,1.398,0.717,0.079,32.43,994.46,0
14.76,84.75,1.816,1.482,0.675,19.39,1019.96,0
67.04,41.99,0.282,1.75,0.236,23.78,999.97,0
41.18,35.34,2.652,0.368,0.912,18.49,1004.88,0
87.5,85.68,1.631,2.668,0.667,18.61,1004.01,1
78.27,14.51,0.12,1.86,0.368,24.76,993.06,0
101.47,45.69,2.76,1.792,0.415,34.2,1004.82,1
83.1,43.3,1.468,2.962,0.691,26.84,994.49,1
51.59,35.63,2.606,1.884,0.141,32.08,1014.06,1
80.76,92.06,2.571,2.787,0.883,33.74,1018.75,1
33.05,77.58,2.447,0.859,0.005,16.73,1014.24,0
36.76,15.75,0.184,0.72,0.979,18.24,1002.93,0
94.68,74.32,0.741,1.55,0.168,20.82,990.07,1
53.57,57.46,2.627,1.526,0.742,27.34,991.1,1
95.81,91.08,2.697,0.679,0.04,16.23,1004.85,1
98.69,38.17,1.374,2.099,0.431,30.73,1010.38,1
102.91,61.67,1.32,0.089,0.63,16.28,1014.59,1
110.0,55.07,0.525,2.072,0.07,18.17,1007.99,1
51.72,54.06,2.905,1.372,0.443,22.63,1019.35,1
38.26,51.05,0.639,2.067,0.303,26.15,1004.81,0
69.86,28.51,0.573,1.431,0.498,32.63,1008.0,0
44.54,78.01,1.982,2.932,0.505,34.27,996.9,0
72.13,50.62,0.729,1.004,0.785,32.69,1000.19,0
84.67,96.27,2.816,2.948,0.124,17.14,1010.49,1
82.61,33.47,0.033,0.195,0.083,27.62,1008.05,0
44.95,71.45,0.017,2.051,0.402,23.83,1001.09,1
20.02,94.66,1.515,1.363,0.888,17.52,993.36,0
51.66,69.71,1.464,2.466,0.855,26.1,1000.28,1
17.11,88.41,0.49,2.369,0.56,22.13,991.32,0
106.81,84.47,1.484,2.401,0.889,21.92,1007.42,1
41.51,42.41,1.235,0.284,0.805,16.89,999.69,0
18.54,64.01,2.671,2.467,0.278,34.58,1001.4,1
3.05,24.06,0.028,0.642,0.17,29.52,1007.25,0
77.5,58.2,2.929,0.077,0.301,20.61,1007.44,1
76.43,30.74,1.873,0.653,0.227,33.35,1007.65,0
40.87,76.94,0.456,1.438,0.623,33.96,1004.75,1
8.61,57.53,0.14,2.226,0.585,31.21,1004.64,0
49.16,47.01,1.614,0.656,0.598,28.19,1014.64,1
37.35,34.19,0.705,0.339,0.189,22.53,1004.03,0
81.25,99.88,0.903,1.938,0.792,23.69,1006.08,1
72.69,16.45,0.735,2.952,0.434,24.1,1019.65,1
43.75,13.92,1.951,1.803,0.472,33.98,995.43,1
26.15,29.55,1.661,2.073,0.997,30.2,1011.79,0
118.56,97.4,0.234,1.684,0.282,20.84,1004.2,1
54.48,98.13,1.58,2.347,0.394,27.49,1014.92,0
82.59,68.94,2.374,2.927,0.676,26.88,1002.12,1
16.87,89.21,0.244,1.632,0.88,31.24,999.09,0
58.27,29.26,2.669,1.25,0.127,16.91,996.23,0
3.3,97.48,1.735,2.581,0.735,29.03,1016.17,0
60.65,22.85,2.852,2.909,0.918,21.62,1011.55,1
115.68,19.1,0.444,0.388,0.423,17.59,992.31,0
46.1,20.1,2.981,1.735,0.287,29.64,1011.4,0
4.68,61.58,1.933,2.377,0.678,21.63,991.05,0
3.71,80.29,1.702,1.6,0.246,29.6,995.45,0
46.56,43.0,1.546,1.228,0.384,18.25,1007.78,0
19.2,98.01,0.071,1.966,0.897,34.72,1003.91,1
2.8,49.1,2.819,0.81,0.59,31.07,1015.21,1
90.75,23.54,1.932,1.047,0.095,20.78,1008.24,0
55.02,51.94,0.275,2.977,0.33,29.81,1018.95,0
34.71,71.11,0.063,1.909,0.627,17.72,1015.66,1
108.01,84.9,0.152,2.619,0.481,28.07,1000.21,1
13.94,51.29,1.828,2.423,0.66,16.19,1015.02,1
114.71,63.42,1.842,1.957,0.761,21.67,1016.1,1
37.68,34.06,1.499,2.522,0.481,34.57,1019.09,1
106.61,68.13,0.92,0.861,0.987,17.42,990.38,1
72.35,98.74,1.595,1.911,0.915,26.95,1016.24,1
99.2,14.41,1.549,1.772,0.06,16.41,992.1,0
118.08,89.79,0.058,1.867,0.266,28.39,1005.84,1
34.61,60.61,0.847,0.506,0.301,20.57,1002.44,0
115.34,32.69,0.16,0.832,0.184,21.2,1017.6,0
46.74,95.94,2.7,0.86,0.312,21.76,1002.15,0
46.26,53.5,2.176,1.806,0.425,19.1,1007.88,0
40.85,39.85,2.988,2.918,0.052,33.83,1010.76,0
64.97,26.33,0.907,2.862,0.127,33.12,990.57,0
18.5,32.0,2.635,0.682,0.096,32.4,1007.73,0
66.45,84.96,1.809,0.915,0.046,17.13,1005.54,1
65.0,65.3,1.359,0.108,0.481,19.67,1007.82,1
91.43,92.19,0.668,1.196,0.334,27.24,992.27,1
100.04,30.88,2.215,2.504,0.935,34.41,991.67,1
52.85,20.9,2.712,2.747,0.103,27.1,995.33,0
36.28,10.55,0.706,0.709,0.926,21.54,1016.09,0
31.12,55.71,0.526,0.797,0.087,31.35,1000.69,0
23.35,99.85,2.089,0.663,0.619,17.71,1003.02,0
6.92,72.55,2.931,1.05,0.248,32.63,1001.7,0
41.09,37.76,2.25,2.414,0.827,34.49,1011.43,1
32.43,88.92,0.854,1.941,0.061,34.35,997.78,1
115.97,80.36,1.26,2.358,0.953,17.95,992.05,1
66.93,11.39,1.153,1.749,0.047,25.99,1001.35,0
41.67,83.52,2.556,0.773,0.241,26.7,1011.84,0
69.66,37.05,2.314,0.684,0.464,18.9,1017.45,1
16.7,23.47,1.767,0.027,0.756,25.94,991.52,0
53.29,30.37,0.825,2.343,0.951,27.93,1014.31,0
75.15,52.17,2.814,2.541,0.428,21.58,991.99,0
58.67,48.24,1.96,2.305,0.757,21.31,999.92,1
48.21,36.0,2.911,0.223,0.727,16.2,990.67,0
119.26,25.5,1.74,2.287,0.571,34.14,1017.35,1
105.64,78.6,2.464,0.137,0.691,31.07,1011.2,1
74.81,99.11,2.439,0.317,0.038,30.19,1001.07,1
68.33,80.0,1.012,1.321,0.442,15.44,1001.32,0
74.48,36.63,2.892,1.428,0.786,27.49,1009.2,1
24.16,32.03,0.066,2.448,0.474,18.61,992.69,0
47.42,29.59,2.306,2.039,0.874,28.23,994.35,0
4.74,22.3,2.897,0.46,0.834,27.42,1015.42,0
57.07,59.62,1.017,0.678,0.863,32.04,996.07,0
65.16,64.49,1.944,0.857,0.13,20.11,1011.8,0
27.33,73.5,1.687,0.371,0.244,15.55,996.77,0
115.68,71.22,2.285,0.863,0.03,33.28,992.64,0
109.13,36.31,2.599,2.186,0.983,33.17,1017.0,1
86.66,39.73,1.809,0.724,0.236,24.12,1017.05,0
64.01,71.34,2.448,2.506,0.367,16.56,1008.16,1
104.4,41.45,0.937,1.409,0.275,24.96,1003.86,0
15.68,29.14,0.686,0.969,0.04,25.48,1006.58,0
94.86,43.69,1.292,1.237,0.261,31.43,1002.24,0
14.98,34.49,2.033,2.128,0.098,29.34,1012.72,0
95.31,17.95,0.562,1.55,0.394,16.42,1012.64,1
33.09,84.71,2.041,0.022,0.967,29.11,1014.57,0
105.25,86.78,1.182,2.767,0.698,17.71,1005.69,1
113.29,29.78,2.387,0.198,0.707,16.79,1014.04,1
17.86,15.83,0.111,2.816,0.453,22.97,994.67,0
55.52,76.49,2.004,0.084,0.811,16.55,990.9,0
117.72,29.04,1.949,2.313,0.908,31.59,1009.44,1
58.01,45.41,2.823,1.604,0.962,24.26,993.16,1
103.63,15.77,2.14,1.517,0.099,26.74,1006.52,1
70.65,30.36,2.389,0.218,0.88,26.54,1011.63,1
45.04,81.36,2.714,0.716,0.225,34.56,1002.21,1
34.29,82.4,2.025,2.333,0.397,33.32,991.32,1
24.39,28.64,0.87,2.674,0.345,31.98,1016.61,0
91.42,40.23,2.609,1.587,0.675,22.67,991.3,0
46.38,22.08,2.243,1.06,0.598,17.9,1017.14,0
61.35,16.68,1.273,0.18,0.109,26.84,991.58,0
59.08,99.3,2.132,2.047,0.783,23.81,1012.05,1
69.27,69.0,2.603,0.835,0.44,19.51,1017.75,1
103.87,58.79,2.927,0.165,0.002,16.95,1017.21,1
117.69,78.89,2.857,1.998,0.415,23.72,1016.8,1
48.91,85.61,0.976,1.457,0.516,28.02,1016.49,1
99.3,82.6,1.265,0.036,0.069,27.51,1005.31,0
91.74,11.49,0.329,0.333,0.151,30.48,1006.73,0
68.82,26.81,0.743,2.098,0.994,24.33,1008.59,0
114.73,68.94,2.647,0.191,0.871,21.43,1016.88,1
24.06,43.82,1.083,2.598,0.133,25.77,1015.14,0
13.11,98.42,1.862,0.934,0.58,34.5,1013.49,0
102.48,69.89,1.998,0.266,0.379,15.9,1010.27,0
52.7,96.09,2.345,2.279,0.544,25.57,1008.55,1
101.64,28.13,0.548,1.573,0.471,21.59,1017.67,0
107.17,87.76,0.914,0.92,0.048,17.11,995.78,1
7.49,38.92,1.345,1.218,0.315,23.69,995.78,0
106.02,99.06,1.095,0.064,0.126,27.82,1019.47,0
53.8,24.19,2.949,1.988,0.489,25.56,1006.59,0
61.25,56.47,2.505,1.097,0.907,15.58,1004.5,1
75.19,81.36,1.439,2.142,0.996,26.58,1015.52,1
111.17,48.94,2.638,1.885,0.944,19.64,1015.49,1
2.29,52.13,1.043,1.954,0.986,21.83,995.3,0
57.22,98.77,2.357,2.379,0.015,21.24,995.21,0
82.53,48.28,0.671,1.893,0.729,32.17,1013.86,0
86.72,64.37,2.317,1.256,0.273,15.95,1013.57,1
83.1,14.91,1.369,1.17,0.866,21.96,996.76,1
16.13,85.8,0.322,0.359,0.814,22.9,1015.25,0
35.93,68.34,0.82,2.338,0.424,27.38,1004.4,0
43.05,46.36,1.207,2.283,0.473,30.78,1004.1,1
96.53,11.46,2.248,0.739,0.265,29.55,1019.57,1
33.45,63.25,0.219,2.588,0.289,30.05,1005.58,1
25.28,11.14,1.979,1.767,0.981,18.85,994.11,0
114.89,10.11,2.148,1.436,0.889,33.23,998.4,1
1.06,65.45,1.962,0.052,0.192,23.28,1000.01,0
119.74,27.01,2.282,1.148,0.276,15.22,1018.75,1
81.22,27.27,0.535,1.922,0.109,28.36,997.92,1
99.42,68.79,1.761,0.269,0.989,27.08,1002.91,1
35.35,14.83,2.823,1.379,0.907,17.52,1012.49,1
1.72,38.21,1.832,2.98,0.552,34.2,998.22,1
88.54,23.45,1.834,2.15,0.693,26.23,1011.05,0
100.1,62.22,2.209,1.641,0.748,24.39,996.23,1
88.86,69.56,1.0,1.599,0.204,22.96,997.28,1
17.14,74.9,2.101,0.131,0.935,19.2,1019.59,1
90.41,32.97,2.749,2.872,0.527,34.06,1001.07,1
92.27,18.03,0.033,2.785,0.092,29.04,1011.89,1
79.02,17.08,2.61,2.047,0.397,26.35,1015.2,1
91.93,48.35,0.656,0.297,0.602,27.62,1000.41,1
101.51,95.13,1.368,0.624,0.353,31.81,1000.72,1
73.63,29.6,2.557,0.552,0.699,27.71,1013.19,0
10.63,33.11,2.472,1.559,0.882,17.29,1008.21,0
58.52,19.08,2.676,0.623,0.772,28.95,1000.85,1
9.32,64.5,2.821,2.087,0.643,26.3,1012.49,0
48.91,71.19,1.341,1.636,0.512,34.33,1015.91,0
48.85,67.86,1.969,0.053,0.254,29.67,997.05,1
7.92,87.5,1.171,2.232,0.455,21.88,990.73,1
41.86,53.78,1.052,0.566,0.293,17.71,998.22,0
13.32,22.1,1.295,2.475,0.934,24.65,1010.23,0
96.99,36.05,2.229,1.065,0.907,28.59,1017.46,0
113.72,69.62,1.504,1.016,0.156,18.55,1015.89,1
8.68,65.18,2.442,0.035,0.823,27.99,996.67,1
114.61,57.79,2.236,2.963,0.703,31.51,1016.43,1
62.71,71.47,0.061,1.836,0.975,18.14,1014.32,1
35.95,67.37,1.891,1.268,0.463,29.12,1012.03,0
9.22,89.32,1.31,0.29,0.722,16.37,1010.65,0
60.07,62.74,1.37,2.097,0.518,15.16,1014.21,0
95.34,80.07,2.455,0.848,0.069,15.65,1015.85,1
84.85,32.38,1.643,2.965,0.047,27.63,1014.57,0
6.03,71.04,2.657,2.852,0.122,34.47,993.66,0
8.75,91.2,2.138,2.206,0.296,30.43,1011.66,1
48.34,44.72,1.659,2.913,0.259,20.09,1015.24,0
35.43,80.12,2.264,0.317,0.728,16.43,995.57,0
27.89,75.23,0.115,0.84,0.716,27.33,996.41,0
33.72,15.36,0.081,0.76,0.971,15.06,1013.58,0
96.42,62.34,0.25,0.216,0.31,30.85,1000.32,1
111.51,21.72,1.313,2.917,0.938,19.86,1001.99,1
48.61,97.06,0.706,0.18,0.613,20.98,1001.31,0
108.73,83.03,2.953,2.57,0.495,21.88,996.38,1
38.58,19.88,1.627,2.304,0.668,30.27,1018.16,0
57.17,20.96,1.987,1.128,0.703,20.31,1014.18,0
27.12,63.5,0.836,0.056,0.172,20.69,997.52,0
76.86,41.04,0.965,0.018,0.752,25.82,993.18,0
117.48,13.14,1.006,0.612,0.725,24.26,1001.18,0
72.42,58.75,2.096,1.482,0.998,34.11,1002.46,1
42.94,44.91,1.421,1.374,0.912,20.27,990.21,1
77.74,19.1,1.553,1.756,0.685,16.84,1016.61,0
14.75,82.17,1.776,2.316,0.712,25.82,1015.54,0
106.64,92.36,2.306,1.132,0.946,18.69,1015.5,1
60.37,78.09,0.271,0.481,0.967,23.27,1014.17,1
53.92,84.02,2.331,2.4,0.827,18.74,1011.99,1
70.3,29.48,1.69,0.998,0.767,32.62,1009.04,0
74.97,33.72,2.007,0.861,0.111,21.55,1018.81,0
8.61,28.77,0.983,2.293,0.83,30.5,1011.35,0
81.91,78.86,1.228,2.802,0.253,33.97,1008.91,0
29.03,95.31,0.693,2.745,0.564,33.81,1013.66,1
85.67,74.52,2.938,0.412,0.405,25.5,997.39,1
98.7,89.33,1.491,1.509,0.346,34.67,1019.01,1
96.48,67.48,2.988,0.279,0.31,28.12,990.57,1
66.3,44.89,1.469,2.883,0.855,17.57,1009.45,0
62.42,48.32,0.659,0.646,0.769,32.77,992.31,1
17.15,16.78,1.522,0.592,0.523,24.37,1015.6,0
93.04,12.83,0.119,2.667,0.664,18.05,1019.03,1
32.57,72.59,2.714,2.904,0.985,30.83,1002.26,1
59.6,49.46,2.456,2.093,0.398,27.49,1015.71,1
34.11,59.7,2.177,0.363,0.551,32.64,1000.07,1
16.06,60.19,1.829,1.458,0.534,31.55,994.78,1
75.55,34.96,1.74,2.45,0.936,21.4,998.3,1
6.52,52.83,2.99,1.717,0.352,20.13,999.06,0
89.84,52.37,0.834,0.398,0.986,29.68,1008.92,1
38.11,44.96,2.339,0.516,0.305,26.47,1013.88,0
0.02,83.86,1.744,2.592,0.109,16.4,996.16,0
61.34,50.6,2.928,1.581,0.191,18.63,992.65,0
5.62,64.33,2.483,2.118,0.426,18.03,996.65,1
33.14,90.6,2.996,1.119,0.65,26.8,998.9,1
84.84,87.96,1.765,1.597,0.517,16.72,998.39,1
7.52,90.14,0.614,2.931,0.376,19.15,996.6,0
100.72,34.3,1.511,0.989,0.562,25.91,1003.98,1
0.46,13.15,2.133,2.024,0.839,17.66,1015.68,0
29.62,33.5,2.323,0.518,0.839,19.97,993.01,0
88.91,35.08,0.002,0.365,0.726,33.14,1015.86,1
37.95,91.84,1.515,2.351,0.952,28.94,1004.91,0
12.23,68.43,0.706,2.532,0.59,21.14,1009.81,1
43.23,17.35,2.625,2.005,0.008,32.55,1014.46,0
32.45,22.18,0.459,0.475,0.291,20.01,999.13,0
101.13,24.01,1.999,0.722,0.328,26.78,1018.63,1
37.6,66.74,0.798,2.734,0.547,22.37,992.51,0
94.67,76.19,1.07,0.866,0.905,30.04,1005.83,1
107.02,87.37,2.822,2.457,0.838,22.43,997.64,0
52.06,94.66,0.721,0.858,0.232,19.98,1002.24,1
109.19,28.15,0.285,2.818,0.519,27.15,1003.47,1
45.28,37.88,0.208,2.743,0.659,29.91,1017.44,1
115.69,31.63,1.514,0.13,0.988,25.73,1003.25,1
10.71,42.29,1.925,2.311,0.031,29.33,1010.94,0
82.44,92.32,0.982,0.508,0.464,23.44,1018.55,1
59.26,61.76,2.071,0.646,0.988,30.91,1004.84,1
46.52,76.44,0.183,1.38,0.977,26.7,1002.25,0
75.93,54.11,2.572,1.729,0.331,18.92,1019.19,0
84.46,12.6,2.45,0.977,0.0,32.82,1014.83,0
0.52,15.78,2.956,1.726,0.587,31.74,1018.19,0
20.03,58.41,2.81,0.512,0.867,34.28,1001.92,1
85.57,74.69,1.069,0.067,0.324,26.38,1010.89,0
79.97,29.38,1.198,1.714,0.934,28.51,997.49,1
115.93,74.97,2.238,1.552,0.333,32.27,1015.97,1
91.32,82.96,0.402,2.069,0.61,16.05,1017.99,1
114.09,47.07,0.942,1.949,0.722,33.24,998.04,1
84.3,77.18,0.356,2.692,0.345,20.42,993.15,1
35.77,46.36,1.365,1.378,0.352,16.14,996.02,0
12.64,71.05,1.656,0.025,0.47,19.75,1008.98,0
93.82,78.76,0.633,1.892,0.835,26.73,998.17,1
77.3,99.27,0.08,2.025,0.101,15.96,1009.16,1
5.78,41.09,2.158,1.564,0.631,15.02,1000.51,0
43.21,46.99,0.06,2.068,0.677,27.79,1017.51,0
114.82,24.91,2.92,0.971,0.558,24.07,1003.58,1
60.05,28.37,0.665,0.446,0.936,31.89,1004.93,0
51.93,72.41,1.992,1.994,0.602,20.15,1000.44,0
54.92,92.53,1.304,0.736,0.635,20.61,992.19,1
25.07,45.51,0.179,1.369,0.6,16.55,1004.81,0
44.24,26.19,1.417,1.475,0.722,25.77,1013.23,1
44.38,35.66,1.55,1.432,0.135,22.32,1018.59,0
6.28,50.95,2.564,1.795,0.894,21.79,992.3,1
92.11,36.16,2.197,0.088,0.042,24.15,1013.92,0
49.98,31.02,0.238,2.969,0.641,31.99,998.01,0
98.66,76.24,0.627,2.149,0.615,17.1,1014.68,0
102.04,10.71,0.936,1.276,0.208,25.47,1000.26,0
25.44,58.53,0.349,0.574,0.041,18.93,993.43,0
78.88,81.44,1.371,0.241,0.139,19.25,1008.36,1
56.67,33.96,2.953,2.017,0.272,20.13,1016.82,0
105.62,64.3,1.544,0.951,0.882,24.19,995.45,1
25.89,70.2,2.226,0.688,0.856,24.89,990.65,0
81.34,68.95,2.049,1.14,0.064,32.43,1016.52,0
72.93,50.13,2.55,1.779,0.289,32.84,1010.93,1
35.44,41.19,0.647,2.015,0.889,26.73,1014.26,1
16.39,85.23,2.261,1.936,0.237,20.63,991.8,1
78.2,78.26,2.644,2.59,0.996,31.37,1016.71,1
88.63,38.91,0.515,0.656,0.257,30.86,1002.57,0
37.88,19.27,1.04,1.91,0.739,30.96,1016.93,0
77.38,16.46,2.91,0.303,0.417,15.33,991.95,0
47.42,18.48,2.342,1.644,0.136,30.08,1016.54,0
85.58,62.46,0.848,1.752,0.255,32.05,1010.2,1
23.91,14.65,1.692,0.649,0.675,27.1,1006.63,0
106.83,40.32,1.213,1.175,0.337,30.02,991.85,0
34.49,77.79,1.47,2.482,0.604,30.52,1010.65,1
44.13,36.49,1.065,0.445,0.206,25.13,1007.93,0
6.97,78.7,0.838,1.304,0.449,31.27,1011.79,0
13.38,77.09,2.024,2.798,0.512,30.85,1011.5,1
61.9,32.12,2.336,1.512,0.413,33.32,1003.31,0
32.11,75.59,2.622,2.175,0.198,33.43,996.14,1
100.26,77.3,0.466,2.481,0.462,25.59,1017.57,1
1.76,45.77,2.469,0.611,0.693,15.63,1017.77,1
45.49,28.94,0.764,0.655,0.965,15.38,996.36,0
40.48,56.91,1.282,2.276,0.79,33.78,1008.92,0
2.32,92.93,2.704,2.26,0.161,21.75,996.09,1
14.92,67.57,1.364,0.181,0.273,22.55,1015.84,0
49.64,25.56,0.591,0.967,0.079,24.4,992.95,0
59.14,71.45,0.48,1.196,0.136,20.32,1019.71,0
48.51,48.45,1.419,2.487,0.251,26.81,1008.33,0
63.71,63.24,2.288,1.266,0.2,30.69,990.69,0
71.42,76.07,2.992,2.778,0.214,20.15,1016.46,1
1.19,56.35,2.362,2.99,0.231,29.86,1010.53,0
55.69,83.26,2.631,2.342,0.301,28.44,1010.92,1
115.62,74.99,2.243,1.999,0.126,25.51,998.25,1
62.28,65.36,2.686,1.176,0.278,21.51,1000.1,1
81.31,23.57,0.229,0.201,0.688,32.46,1017.43,0
37.42,85.24,2.79,1.719,0.236,23.06,1009.05,0
92.88,94.23,1.189,1.085,0.172,22.49,990.51,1
92.75,22.33,2.765,1.053,0.068,27.83,999.82,0
62.56,53.94,0.227,2.063,0.5,33.41,1007.96,0
117.12,33.3,2.146,1.391,0.842,25.16,994.44,1
15.07,77.91,2.207,2.256,0.059,29.45,992.95,0
2.03,74.95,2.991,1.195,0.542,24.14,991.78,0
92.42,22.68,2.307,0.453,0.651,19.38,1008.92,1
96.86,88.93,1.148,1.384,0.592,17.48,999.62,1
14.42,26.29,1.672,2.853,0.878,17.73,1001.21,1
31.87,81.75,1.1,2.405,0.866,15.43,991.8,1
2.11,51.13,0.588,0.617,0.057,26.06,1012.14,0
35.2,39.54,0.746,1.174,0.361,17.62,1013.0,0
92.78,24.24,0.666,2.783,0.671,32.31,1014.88,1
62.16,25.09,1.646,0.371,0.952,34.66,1009.55,0
41.77,69.57,2.718,0.762,0.805,24.92,1013.2,1
44.61,59.54,2.738,0.787,0.177,23.99,1007.32,0
0.16,20.99,0.164,1.713,0.279,21.96,1004.75,0
35.98,20.14,0.24,1.232,0.764,27.76,997.79,0
77.58,16.51,0.735,0.24,0.471,27.16,991.6,1
116.9,76.94,0.765,1.888,0.547,21.87,998.75,1
101.65,74.07,0.285,0.297,0.609,21.86,1010.51,0
2.83,15.26,1.165,1.819,0.103,27.9,1017.81,0
107.83,60.42,1.763,1.521,0.856,26.09,997.69,1
93.98,17.62,1.734,1.481,0.863,29.37,1010.1,1
93.65,91.34,1.63,0.202,0.468,33.83,1004.35,1
54.96,91.64,1.016,1.918,0.627,30.59,1008.83,1
47.76,72.84,2.119,1.294,0.66,21.09,990.05,1
36.35,93.36,2.479,1.233,0.19,30.18,993.68,0
7.88,83.03,1.039,1.789,0.113,24.0,996.51,0
27.39,84.57,0.257,1.819,0.021,30.55,1016.8,0
29.59,61.27,0.889,0.045,0.913,32.73,991.22,1
58.09,37.55,0.412,0.376,0.346,20.0,1007.09,1
89.69,29.6,1.402,0.71,0.086,19.77,1017.86,1
56.86,39.45,0.468,2.034,0.466,23.65,1009.56,1
6.94,66.56,1.389,1.73,0.076,16.03,1004.53,0
114.93,25.54,0.663,2.273,0.085,28.71,1001.58,0
113.13,33.28,2.216,2.222,0.489,29.99,1008.73,1
94.22,52.13,0.083,2.56,0.509,21.91,1004.41,1
118.96,30.97,1.664,1.13,0.58,24.31,1011.16,1
65.34,62.98,0.508,1.035,0.656,26.81,1008.53,1
115.53,93.09,0.003,2.493,0.668,16.47,1007.02,1
9.07,77.33,2.608,0.713,0.433,29.23,1018.7,0
43.88,69.98,2.015,1.384,0.644,25.53,1015.07,0
27.05,62.44,0.297,0.583,0.305,27.49,1008.27,0
23.5,53.92,1.992,2.742,0.441,29.48,1006.16,0
16.9,26.79,1.835,1.223,0.393,28.51,1011.72,0
74.69,90.52,1.42,0.637,0.329,16.91,1014.12,1
93.76,32.37,1.258,2.076,0.239,30.65,998.86,1
69.4,18.22,2.661,0.734,0.078,27.2,1010.01,0
17.64,77.5,0.735,2.831,0.506,29.3,994.05,0
97.33,25.81,1.195,1.103,0.537,20.23,1002.91,1
76.31,43.47,0.987,1.994,0.336,19.43,1018.15,1
46.58,12.55,2.314,1.036,0.976,31.52,999.79,1
80.9,22.34,2.749,2.422,0.557,22.81,994.63,1
31.19,25.59,2.549,2.691,0.889,26.51,994.38,1
41.42,14.9,2.393,2.364,0.57,26.03,1001.81,0
110.1,69.1,2.96,2.545,0.19,26.7,996.76,1
34.86,85.33,2.091,0.306,0.975,16.39,1002.81,0
56.4,43.6,2.253,2.772,0.885,21.05,1011.57,1
106.82,88.71,2.948,1.873,0.471,16.33,1016.64,1
84.93,29.2,0.021,2.608,0.243,24.6,993.3,1
7.46,39.29,1.902,2.053,0.223,33.04,1013.05,0
17.68,23.57,2.217,0.606,0.806,22.78,993.1,1
0.94,65.85,2.753,1.829,0.069,30.65,1001.38,0
75.71,47.79,2.652,0.273,0.638,20.74,1019.9,0
53.72,65.2,2.526,2.087,0.64,32.13,992.06,1
16.11,78.55,2.837,1.227,0.182,23.39,990.69,1
114.95,59.11,1.612,0.455,0.705,22.1,1000.01,1
63.56,66.49,0.021,2.938,0.705,28.95,1018.53,1
29.03,94.17,0.033,2.703,0.35,25.26,990.6,1
60.07,36.92,1.634,2.681,0.483,21.75,996.68,0
81.55,42.32,1.306,2.366,0.833,16.16,1008.09,1
9.15,74.59,1.354,2.076,0.523,18.33,997.01,1
32.96,65.02,1.201,1.965,0.618,30.45,991.61,1
96.84,26.07,2.753,0.318,0.413,33.41,991.57,1
55.16,43.85,1.078,2.702,0.15,18.38,1006.77,1
65.59,52.11,2.569,2.643,0.998,26.39,1006.86,1
51.94,47.75,2.709,2.244,0.532,15.68,1011.19,0
5.27,26.04,1.499,2.782,0.336,20.82,993.95,0
19.89,93.2,1.341,1.659,0.714,23.98,1005.0,1
53.46,78.61,2.283,1.343,0.621,29.72,1008.03,0
25.1,53.32,2.124,2.904,0.233,15.88,996.67,1
6.0,71.21,0.986,1.392,0.877,30.62,1006.42,0
101.24,90.76,0.308,1.924,0.071,19.05,1011.25,1
117.74,22.26,0.795,1.119,0.606,30.19,1019.73,1
95.18,32.53,0.393,1.909,0.478,27.51,1007.89,1
102.45,58.84,0.884,2.16,0.318,21.79,1015.84,1
29.04,81.91,0.785,1.874,0.826,29.48,1015.01,1
115.28,13.26,1.913,1.544,0.656,19.73,1018.21,0
23.63,98.56,2.863,0.9,0.759,19.39,1011.69,1
114.17,50.94,2.057,1.932,0.415,16.23,996.39,1
119.38,42.33,2.78,2.725,0.942,22.86,998.94,1
85.41,36.35,2.352,0.021,0.345,16.95,1013.54,1
117.74,25.69,2.184,0.402,0.531,23.39,1005.62,1
68.34,81.24,1.242,0.359,0.934,15.2,997.54,0
31.15,95.99,0.974,2.77,0.083,18.1,1009.7,0
52.44,47.23,2.539,1.988,0.109,33.65,1017.2,0
71.23,95.72,2.716,2.855,0.994,30.91,1000.73,1
8.77,84.14,1.356,1.748,0.971,19.72,1007.89,0
74.68,53.29,0.027,1.385,0.772,29.37,1007.45,0
117.74,70.66,2.378,2.377,0.484,28.37,993.81,1
22.81,49.15,0.855,0.483,0.506,18.54,992.71,1
95.11,60.29,0.03,1.144,0.257,22.42,1016.68,0
108.95,15.22,2.415,1.399,0.433,33.27,1018.01,0
113.24,72.66,1.552,0.895,0.431,29.77,1017.13,1
115.22,14.75,2.056,1.114,0.036,30.21,1001.9,0
62.58,83.54,2.744,0.234,0.453,26.28,998.63,1
117.28,84.25,1.624,0.594,0.48,28.31,1018.27,1
90.88,31.34,1.51,1.006,0.666,25.17,1016.48,1
19.4,39.13,0.872,2.388,0.516,29.82,1014.59,0
57.23,53.32,0.916,0.547,0.862,29.65,1000.03,0
86.2,63.7,2.39,1.04,0.368,15.62,1009.16,1
29.68,35.86,1.347,0.195,0.41,27.64,1012.51,0
76.87,63.32,0.491,1.671,0.571,27.6,1007.28,1
79.99,36.8,0.284,1.834,0.203,16.35,1008.06,0
19.52,14.99,1.419,2.597,0.393,23.21,1012.7,0
67.81,10.23,1.395,2.457,0.686,32.98,1013.0,1
92.6,19.1,1.96,0.856,0.412,34.07,997.2,1
59.87,81.3,1.413,0.411,0.907,30.64,1001.72,1
1.45,96.53,0.43,0.468,0.615,18.03,1013.44,0
1.08,48.43,1.523,2.907,0.154,22.49,997.84,0
42.84,56.14,2.72,2.02,0.487,18.65,1017.47,0
111.14,23.22,0.478,0.128,0.765,28.04,1015.17,1
27.44,59.59,2.069,0.41,0.643,30.46,1016.86,0
76.12,23.02,1.782,1.457,0.885,32.68,998.92,1
26.65,65.01,2.246,0.623,0.75,32.21,993.15,1
38.6,93.99,0.452,2.411,0.062,16.98,993.02,0
101.77,27.61,2.825,1.72,0.113,17.51,1006.68,1
87.46,78.81,1.863,1.838,0.65,33.19,999.17,1
11.45,12.12,2.541,1.388,0.238,31.88,997.91,0
51.44,43.79,0.74,0.768,0.588,24.21,996.67,0
3.5,19.97,2.218,1.768,0.792,23.6,1006.86,0
57.71,41.72,2.343,2.151,0.577,26.06,1006.44,1
79.49,25.62,1.192,1.113,0.415,26.93,1002.67,1
14.22,43.6,1.152,1.515,0.646,20.08,994.15,1
34.67,47.58,1.973,2.519,0.144,23.07,1017.86,0
47.74,37.05,0.28,0.446,0.723,27.39,1002.84,0
110.34,69.1,2.207,1.636,0.697,19.13,993.71,1
119.19,92.7,0.129,1.045,0.514,34.98,991.11,1
5.39,46.05,0.572,2.108,0.279,20.66,994.58,1
91.32,27.31,1.992,0.056,0.798,26.05,998.91,1
44.61,34.37,0.295,2.011,0.511,26.08,1008.9,1
47.09,86.86,2.916,0.309,0.059,24.03,1019.13,1
90.51,61.45,2.605,0.194,0.919,19.83,998.16,0
110.21,50.95,1.879,2.174,0.768,26.31,1013.69,1
114.11,23.47,2.457,1.921,0.585,16.82,1017.34,1
69.25,50.48,2.663,2.685,0.437,22.74,1001.75,0
42.85,35.06,0.778,1.559,0.96,19.49,997.6,1
94.51,94.88,2.548,1.59,0.775,17.48,1004.73,1
30.12,89.57,0.584,2.121,0.535,33.51,1016.9,1
67.69,17.55,1.24,0.97,0.653,29.0,990.33,1
43.03,56.5,1.675,0.111,0.281,18.38,1004.6,0
78.8,30.26,2.142,0.69,0.196,33.99,1012.73,0
28.85,46.97,0.09,0.714,0.273,19.32,1008.03,0
22.99,88.92,0.872,1.007,0.293,19.71,1004.92,1
110.19,57.48,1.826,2.83,0.74,17.67,1006.61,1
12.22,40.08,1.072,2.415,0.14,29.56,1008.58,0
60.71,28.71,2.325,2.808,0.778,26.42,1010.46,0
26.5,82.03,1.955,2.996,0.523,16.17,1000.69,0
4.67,66.21,0.703,1.301,0.385,15.51,1005.52,0
4.32,52.13,0.438,0.681,0.3,25.65,998.21,0
21.03,29.57,1.887,1.68,0.513,28.03,1019.52,0
104.01,40.08,1.351,2.643,0.318,31.46,995.62,1
33.9,96.39,0.507,1.397,0.429,24.57,994.52,1
114.06,56.81,0.979,1.516,0.739,28.53,998.06,1
69.79,46.06,0.909,0.403,0.626,29.67,1017.6,1
52.39,56.93,0.324,1.261,0.748,27.26,1009.77,1
69.61,80.11,1.641,1.161,0.713,22.04,1003.68,1
62.0,40.61,2.291,1.055,0.815,17.64,1017.76,0
91.05,26.08,1.726,2.662,0.202,27.95,1017.0,1
33.9,62.64,2.479,0.178,0.995,30.37,1002.05,0
42.37,69.87,0.383,2.916,0.476,18.8,1006.91,1
107.29,74.14,1.307,0.025,0.718,24.9,1017.16,0
113.57,89.38,1.828,2.837,0.678,22.94,999.58,1
107.11,43.41,2.028,1.644,0.566,19.11,1002.23,1
50.33,16.78,2.087,2.107,0.996,19.91,1013.79,0
93.64,96.25,2.187,0.561,0.217,19.75,1010.96,1
57.16,49.15,1.954,1.963,0.422,23.38,991.46,1
59.7,66.09,0.283,2.646,0.128,22.81,993.52,0
24.56,69.97,2.086,0.418,0.182,26.08,1015.39,0
70.94,59.19,2.174,0.381,0.713,16.86,990.89,1
22.34,28.47,2.98,0.912,0.005,26.63,1017.6,1
39.79,77.96,2.08,0.485,0.89,15.44,998.15,1
102.6,82.34,2.06,0.332,0.633,20.15,1007.95,1
24.85,59.77,1.544,2.035,0.441,25.04,1006.94,1
8.54,53.97,2.604,0.641,0.331,28.74,1001.89,0
8.28,20.25,2.991,2.001,0.126,30.43,990.94,0
112.89,17.56,2.337,2.586,0.922,15.71,995.77,1
60.83,40.56,1.838,1.956,0.712,25.75,1008.45,1
49.13,37.98,0.237,0.358,0.336,22.09,1003.39,0
97.31,95.83,2.18,1.721,0.071,28.9,1002.42,1
100.3,80.53,2.126,1.181,0.326,20.68,992.93,1
39.86,69.39,2.327,1.03,0.185,29.87,1000.41,0
83.23,56.59,0.374,0.956,0.786,27.04,1005.79,1
92.53,25.06,1.961,2.788,0.72,30.79,992.33,1
78.56,98.06,0.887,2.228,0.498,34.69,992.0,1
18.19,43.75,2.281,0.402,0.886,33.17,1004.75,0
105.11,19.62,0.721,1.428,0.181,26.87,1006.84,1
64.69,54.44,2.052,0.955,0.452,32.88,997.73,0
33.9,88.66,0.885,2.934,0.711,18.06,999.77,0
51.03,89.86,0.027,2.934,0.068,15.86,1013.91,1
4.51,10.99,1.9,0.959,0.373,25.66,1016.08,0
15.34,89.77,0.34,1.056,0.572,34.49,999.76,0
91.87,34.43,1.978,1.798,0.367,29.19,1000.67,1
0.0,13.51,2.777,1.438,0.48,21.1,1014.91,0
49.99,86.3,2.908,0.639,0.608,28.38,1019.22,1
62.7,87.75,0.708,1.981,0.368,15.8,999.62,0
6.56,63.66,2.428,1.002,0.106,24.41,1013.66,1
116.77,61.7,1.061,1.961,0.139,19.75,1004.39,1
27.14,83.18,2.701,1.151,0.527,15.98,997.91,0
36.5,80.77,2.362,2.101,0.175,20.0,1010.45,1
36.47,90.11,0.222,2.003,0.89,29.45,1003.88,0
27.65,59.75,1.221,1.526,0.834,26.02,998.04,0
0.18,97.09,1.012,2.114,0.349,15.47,993.22,0
87.52,99.65,2.356,1.383,0.831,23.19,1016.01,1
116.02,20.49,1.231,0.348,0.533,30.04,1016.36,0
26.92,86.46,2.054,0.546,0.159,34.09,992.25,0
79.57,54.98,1.807,0.738,0.614,32.49,1009.9,1
89.03,44.88,2.927,0.19,0.679,15.03,994.88,1
101.81,65.18,2.813,2.134,0.084,19.37,1009.39,1
50.72,15.04,1.283,1.102,0.314,19.15,1017.23,0
36.35,55.58,2.171,0.281,0.005,23.26,997.81,1
39.04,88.38,2.488,2.46,0.316,27.92,1000.44,1
85.51,29.21,2.697,2.051,0.335,18.06,1013.85,0
98.01,48.38,0.204,1.357,0.63,33.31,1012.06,1
21.79,94.55,0.906,0.742,0.199,30.54,1002.26,0
44.51,48.57,0.961,0.455,0.03,23.39,1015.46,0
108.23,42.25,1.303,1.375,0.316,26.68,1017.62,0
96.8,49.65,0.508,2.656,0.826,25.84,1003.58,1
118.18,56.75,1.489,0.565,0.399,26.64,991.18,0
90.51,66.88,1.99,1.706,0.415,32.2,1005.28,1
47.18,82.06,1.492,2.885,0.469,19.0,1012.19,0
70.88,50.69,1.997,1.911,0.752,28.67,996.6,1
79.32,83.57,0.199,1.32,0.48,17.14,992.98,1
9.41,58.03,2.628,2.149,0.091,24.18,998.56,0
65.34,40.46,2.817,2.474,0.206,27.72,990.35,1
85.12,69.22,1.854,1.772,0.188,15.25,1011.46,1
20.08,74.6,2.644,2.615,0.508,17.16,994.38,0
93.68,60.22,0.394,1.544,0.03,16.83,1011.71,0
70.05,15.1,2.392,2.49,0.284,22.49,997.04,1
114.27,25.29,0.357,2.856,0.607,27.44,1019.76,1
5.09,35.68,1.224,1.504,0.355,34.92,1005.95,0
31.84,35.44,0.971,1.815,0.708,20.08,991.24,0
72.19,70.61,1.757,1.828,0.391,17.72,1013.18,0
35.59,11.65,0.905,2.344,0.979,23.3,1002.3,0
85.73,78.01,1.912,2.469,0.965,17.92,1008.22,1
91.08,33.88,1.102,0.082,0.8,15.49,1018.54,1
12.3,37.9,2.582,2.2,0.954,26.28,1005.52,1
61.66,57.51,1.902,2.351,0.205,32.59,1014.13,0
61.07,29.43,0.646,2.101,0.751,32.22,999.08,1
44.31,89.6,1.008,2.141,0.322,17.02,1011.44,1
111.95,17.68,2.542,0.124,0.725,17.95,992.98,0
99.3,49.99,1.159,1.326,0.374,24.82,1016.8,1
83.67,86.45,1.607,2.455,0.289,22.35,995.99,1
85.72,65.43,1.947,2.802,0.959,29.06,999.06,1
55.41,36.31,1.043,0.688,0.21,24.9,1018.75,0
110.52,47.87,0.882,1.738,0.759,15.4,994.66,0
83.35,73.6,1.426,2.413,0.675,20.69,997.63,1
87.48,97.59,0.645,2.257,0.303,33.03,1007.41,1
103.4,90.38,0.853,1.857,0.458,25.23,1019.42,1
32.89,40.82,0.186,0.056,0.143,30.96,1010.74,0
96.85,99.84,0.912,2.172,0.921,23.05,993.43,1
23.43,10.32,0.962,2.32,0.968,28.54,1012.44,0
41.44,12.49,2.885,2.169,0.732,18.38,1002.79,1
40.27,84.15,1.769,2.297,0.849,29.73,1019.77,0
117.42,27.95,2.362,1.293,0.083,30.73,1008.86,0
102.78,15.47,0.136,2.981,0.384,16.8,1005.96,1
84.14,31.34,0.32,2.312,0.331,18.67,1006.72,1
87.25,48.35,2.444,1.736,0.565,24.26,1009.25,1
67.45,75.75,1.871,2.803,0.183,27.75,1011.95,0
113.65,66.19,0.573,2.725,0.563,27.75,992.35,1
59.55,31.39,1.214,2.444,0.654,28.36,993.92,0
45.66,55.29,1.616,1.691,0.132,29.29,999.01,1
19.56,93.36,2.531,1.581,0.132,25.12,1004.34,0
94.34,83.35,0.181,0.986,0.035,26.5,999.33,0
88.13,39.09,1.79,0.753,0.761,15.17,996.42,0
46.12,98.4,2.151,1.537,0.331,18.33,1017.75,1
3.02,73.78,2.934,1.733,0.225,24.97,990.98,0
100.68,15.62,2.421,0.734,0.778,29.91,1018.16,0
1.37,13.16,0.829,2.768,0.143,31.18,1017.22,0
84.44,25.16,2.129,1.672,0.427,29.58,1010.51,0
116.43,75.51,2.29,1.58,0.745,24.73,990.98,1
52.52,26.54,2.189,1.307,0.574,20.63,996.76,1
28.2,56.03,2.46,0.174,0.554,23.89,1019.37,0
84.58,18.39,2.711,2.647,0.157,15.19,1017.18,0
98.06,92.88,0.295,0.951,0.181,26.96,1018.94,1
65.57,40.96,0.314,1.927,0.583,16.49,1019.88,0
116.04,91.73,2.389,1.822,0.024,17.91,991.92,1
6.2,95.04,0.757,1.753,0.869,27.52,1007.13,1
60.58,10.55,0.176,1.577,0.35,15.27,1015.02,0
86.21,51.77,1.204,0.544,0.417,26.47,999.59,1
103.52,12.22,2.46,0.842,0.258,27.77,1003.07,0
21.51,91.78,0.38,1.573,0.877,30.77,998.51,1
96.0,56.66,2.016,2.368,0.643,16.36,991.14,1
66.32,16.74,0.011,1.296,0.45,15.06,992.18,1
47.59,19.92,0.329,0.612,0.585,30.34,990.64,1
15.81,44.52,1.053,0.264,0.38,20.8,1005.82,0
103.84,94.62,0.251,1.989,0.466,32.74,1008.55,1
18.87,72.36,2.538,1.27,0.358,18.7,999.23,1
37.17,88.09,2.592,0.376,0.411,26.71,1014.78,1
34.81,42.98,2.267,2.023,0.315,17.19,1016.64,1
104.57,13.89,0.727,0.623,0.078,23.05,994.19,0
80.72,97.69,1.57,1.527,0.037,32.64,991.56,1
95.6,11.55,0.553,0.919,0.174,27.17,999.58,0
30.06,95.29,0.844,2.795,0.252,28.79,1011.39,1
74.98,43.18,1.548,0.685,0.89,19.52,1005.22,1
68.61,10.91,2.205,1.26,0.611,33.46,1004.64,0
99.94,72.02,0.284,2.878,0.958,27.47,994.57,1
108.73,98.25,0.89,0.956,0.34,17.12,1000.54,1
1.46,96.91,2.78,1.934,0.402,15.31,1018.77,1
80.88,24.48,1.287,0.95,0.72,15.32,1000.22,1
6.22,26.31,2.817,0.332,0.578,16.02,1007.74,0
65.86,60.9,2.974,1.883,0.528,33.23,991.75,1
34.52,67.36,1.58,2.748,0.576,22.17,991.92,1
36.81,76.55,0.864,1.358,0.584,20.96,1002.73,0
42.36,26.29,2.372,1.879,0.766,23.33,1008.12,0
74.56,96.31,0.478,1.827,0.668,23.19,1001.17,1
40.09,67.49,0.756,1.245,0.957,19.77,995.37,1
87.92,86.23,2.355,1.845,0.948,16.84,1012.08,1
48.54,58.61,1.301,0.778,0.422,17.17,994.2,0
8.2,47.28,0.605,1.134,0.036,26.98,1010.04,0
94.05,97.95,1.953,1.327,0.011,22.94,1018.7,1
34.29,62.39,2.198,2.592,0.123,33.05,1004.12,1
51.93,88.02,0.375,1.045,0.075,24.27,996.01,0
82.25,95.8,0.831,1.905,0.373,25.07,1015.26,1
39.89,70.78,0.664,0.64,0.053,33.56,1005.16,0
6.79,59.4,1.14,0.758,0.625,25.03,1017.7,0
44.87,10.32,2.29,1.945,0.19,25.04,1011.62,0
113.33,13.6,2.141,2.287,0.514,22.26,1002.92,0
77.01,28.08,1.988,1.386,0.103,29.21,1008.52,0
80.58,26.74,0.019,1.005,0.828,22.84,995.1,1
75.87,32.93,0.426,2.731,0.78,26.77,1001.62,1
23.88,37.44,0.67,0.407,0.386,23.95,1007.82,0
50.2,42.41,0.816,2.162,0.911,25.57,1007.7,1
90.11,47.85,0.439,2.071,0.186,31.54,1007.62,0
12.16,18.9,1.231,2.071,0.814,23.27,1012.31,0
33.34,13.81,0.226,2.806,0.546,19.6,993.17,0
33.16,70.66,2.25,2.185,0.33,26.41,992.21,0
51.84,58.36,2.363,0.905,0.084,33.75,994.44,0
117.64,49.97,1.723,1.06,0.171,28.86,1013.77,1
8.1,67.1,0.269,1.173,0.863,21.17,991.95,0
62.24,84.49,2.67,0.092,0.607,34.26,996.76,1
21.52,48.49,2.897,2.741,0.237,21.85,997.64,1
116.48,67.7,0.607,0.221,0.496,34.67,1009.42,1
13.6,95.82,2.114,2.099,0.108,18.84,1002.05,0
48.43,85.57,2.526,2.19,0.099,34.99,995.97,1
88.55,48.34,1.62,2.531,0.908,16.52,1003.49,1
84.55,68.02,0.97,1.66,0.458,29.26,1010.56,1
50.73,25.94,1.436,2.176,0.362,29.81,1013.58,0
41.58,60.45,1.537,0.908,0.949,28.59,993.72,1
47.71,98.32,1.202,2.237,0.399,30.55,1011.44,1
31.71,56.65,2.79,1.03,0.336,24.44,990.14,0
24.64,93.49,2.232,2.709,0.273,16.08,1011.73,0
57.96,46.66,0.724,0.49,0.565,22.16,1009.83,0
32.22,99.9,1.757,0.947,0.558,27.85,1004.06,1
34.5,62.13,2.066,1.496,0.016,27.92,994.11,0
78.81,13.8,0.42,2.328,0.654,18.9,1012.94,1
116.22,62.81,1.075,2.246,0.788,20.06,992.15,1
72.44,34.71,2.717,0.632,0.616,24.73,1016.87,0
9.24,12.92,1.702,0.433,0.87,29.57,1013.2,0
9.07,83.88,0.651,0.912,0.276,32.06,1012.23,0
114.17,34.82,0.368,1.451,0.192,16.73,1012.63,1
35.67,81.69,1.555,1.617,0.697,33.51,992.03,1
11.05,35.94,1.643,1.287,0.189,33.55,1019.7,0
71.89,27.49,1.003,1.989,0.091,15.16,1015.76,0
74.84,97.65,1.891,1.283,0.097,25.13,1005.24,1
77.82,42.55,0.206,2.839,0.768,26.74,1011.58,1
32.09,64.12,0.435,0.783,0.029,26.07,1012.18,0
1.81,64.9,1.639,1.882,0.289,27.32,1014.89,0
115.8,60.44,0.185,1.834,0.129,25.07,997.66,1
30.11,92.32,2.643,0.845,0.755,20.88,1001.16,1
81.12,70.7,0.426,1.235,0.503,16.91,1013.99,1
84.8,46.34,2.022,1.096,0.205,19.17,1013.07,0
73.2,87.61,1.174,0.517,0.75,29.81,1005.68,1
37.55,26.3,1.199,1.432,0.75,19.82,1001.89,0
32.53,58.98,2.295,1.16,0.523,31.59,1019.05,1
71.72,95.55,1.498,0.535,0.276,23.07,1002.45,1
103.93,66.29,2.177,1.35,0.586,23.29,1012.92,1
113.61,83.53,1.516,1.266,0.934,32.37,1002.38,1
12.71,68.82,1.779,0.394,0.052,19.29,999.3,0
18.58,85.54,2.282,0.394,0.267,18.79,1009.23,0
113.37,95.0,1.822,1.943,0.285,34.71,1014.23,0
88.38,34.56,1.847,2.12,0.632,25.81,1019.44,0
105.96,25.27,2.368,2.824,0.651,18.81,994.47,1
24.32,53.56,2.847,0.261,0.206,18.32,1016.28,0
70.51,73.17,1.13,0.354,0.216,32.23,1005.72,0
84.14,30.45,1.731,0.155,0.928,27.0,993.23,1
81.61,10.37,0.259,1.597,0.756,17.3,1013.83,0
48.98,40.86,1.076,1.868,0.934,32.74,999.95,1
1.85,97.2,1.236,1.211,0.83,23.88,1016.05,0
69.95,72.55,2.506,2.394,0.402,34.79,994.73,1
30.37,46.12,1.54,2.06,0.122,20.64,1011.33,1
54.03,27.33,2.193,2.958,0.63,25.58,999.02,0
114.91,42.05,0.057,0.414,0.352,18.46,997.72,0
47.88,25.29,1.393,0.175,0.425,23.79,991.51,0
100.78,19.57,2.704,0.824,0.426,18.53,1004.46,0
22.62,91.61,0.673,0.057,0.937,21.14,1001.75,1
80.7,99.79,0.095,2.798,0.069,20.4,991.85,1
117.24,24.77,1.3,0.912,0.193,20.66,996.8,0
12.23,14.91,2.113,1.657,0.608,34.4,1004.62,0
1.0,39.68,1.363,0.954,0.884,15.77,1014.25,0
52.03,51.55,1.38,0.737,0.918,24.94,1017.88,1
11.12,28.43,2.009,0.457,0.559,27.58,1005.46,0
89.81,37.13,0.763,0.961,0.035,28.22,1002.1,1
109.75,28.08,2.256,1.846,0.363,30.09,1018.64,0
52.08,79.68,0.459,2.915,0.919,30.22,1018.89,1
31.05,74.13,1.187,1.674,0.5,34.11,995.71,1
52.13,67.15,1.968,1.598,0.727,30.11,1005.94,0
86.81,44.85,2.485,0.106,0.269,31.47,1014.63,1
1.09,91.81,2.375,2.52,0.025,25.65,1014.67,0
70.73,97.26,2.165,0.135,0.578,28.15,1010.55,1
73.6,25.63,1.077,2.719,0.835,24.56,1004.14,0
76.52,30.07,0.367,1.616,0.99,20.53,1002.11,1
29.04,57.31,0.651,0.505,0.847,21.27,1014.19,0
85.69,18.21,2.595,1.355,0.554,22.21,996.77,0
10.97,49.28,2.572,2.985,0.609,21.81,1002.85,1
23.91,62.36,2.855,0.915,0.824,25.66,1007.01,0
105.3,56.99,0.228,0.808,0.02,19.95,1014.95,0
88.65,39.78,1.61,0.354,0.952,25.33,1001.22,0
1.65,58.82,1.946,1.791,0.531,33.32,1006.46,0
29.81,96.29,2.132,0.268,0.952,23.12,998.37,1
25.73,28.54,1.932,2.298,0.765,19.45,1015.11,0
32.5,68.93,2.31,2.758,0.152,21.94,1013.57,0
29.71,13.91,1.078,2.796,0.165,32.54,1014.6,1
7.5,15.98,0.538,0.324,0.354,33.83,991.72,0
55.07,59.66,0.614,1.675,0.264,32.73,1004.61,1
87.93,19.44,0.036,0.291,0.439,20.75,994.08,0
72.81,12.01,1.051,1.716,0.604,22.76,1010.21,0
80.74,25.44,0.275,2.445,0.437,34.5,999.34,0
9.74,60.84,0.964,1.613,0.056,21.48,1013.24,0
114.18,73.3,1.885,2.616,0.976,17.76,991.96,1
100.62,28.22,2.683,2.405,0.425,20.64,1005.4,1
96.61,70.14,2.519,0.83,0.851,34.28,993.71,1
98.76,26.42,0.758,1.89,0.074,23.32,1006.74,0
111.93,65.21,0.402,0.022,0.81,33.68,1008.22,0
65.31,47.08,0.579,1.188,0.173,17.08,1003.86,0
24.03,68.84,2.913,0.714,0.679,30.32,998.39,0
74.01,99.55,1.648,2.811,0.662,16.87,990.97,1
89.15,94.4,0.548,1.216,0.91,18.95,1009.86,0
88.55,10.39,2.522,1.962,0.321,27.32,1016.11,1
62.57,89.69,1.186,2.196,0.109,23.69,1012.01,1
8.22,15.98,2.698,2.32,0.865,28.33,1016.79,0
44.53,95.77,0.782,2.207,0.332,34.47,1017.89,0
110.49,35.36,1.18,0.867,0.233,16.05,1003.49,0
70.13,44.38,1.515,2.058,0.486,18.83,1010.94,0
64.6,18.25,2.678,1.647,0.146,27.8,1001.92,1
32.26,20.1,2.606,1.792,0.297,32.93,1017.59,0
44.21,75.41,1.723,0.002,0.385,30.95,1006.89,0
107.44,94.99,0.665,0.775,0.277,24.31,1012.57,1
79.98,64.97,1.21,2.792,0.45,29.91,990.44,1
94.49,74.43,2.927,0.87,0.385,19.16,1007.27,1
54.52,78.58,1.823,1.314,0.775,15.27,1012.26,1
75.63,33.65,2.343,0.56,0.918,26.4,997.71,0
29.81,14.07,1.35,0.416,0.101,31.26,990.43,0
84.66,10.17,1.596,0.626,0.823,23.67,1012.31,1
51.31,41.56,1.287,1.661,0.932,26.38,1000.14,1
53.11,31.73,2.109,2.757,0.687,23.44,1002.86,1
77.92,15.61,2.554,0.979,0.996,25.28,1006.86,0
112.35,26.16,1.522,0.97,0.335,32.69,993.31,0
7.68,21.2,1.443,1.692,0.83,24.56,993.11,0
98.97,92.34,1.021,1.07,0.674,15.15,1018.83,1
35.09,22.62,0.531,2.731,0.323,31.0,1000.17,0
53.27,58.39,2.818,1.134,0.705,27.35,997.67,1
2.63,63.38,0.948,1.471,0.51,29.61,991.43,0
36.13,58.91,2.402,1.6,0.189,33.02,995.22,1
60.32,18.92,2.146,2.346,0.174,20.72,1002.93,0
6.74,38.69,2.373,1.692,0.713,25.06,1000.26,0
58.93,14.61,2.81,0.717,0.712,27.05,1002.74,1
111.25,45.61,1.87,0.372,0.531,21.91,1011.12,0
12.65,26.97,2.694,2.813,0.501,31.92,1009.25,0
91.73,60.55,0.503,2.405,0.18,28.95,1004.79,0
49.16,72.35,1.88,0.069,0.429,29.67,1014.44,1
78.62,57.89,2.317,2.465,0.871,31.16,1015.72,1
31.23,49.08,0.815,1.772,0.855,20.16,1007.72,1
19.14,44.86,2.222,1.557,0.661,29.91,993.53,0
19.26,85.75,2.335,0.037,0.997,30.48,1002.19,1
8.46,29.74,2.494,2.343,0.893,31.85,1009.03,0
22.28,76.08,0.939,0.594,0.145,24.77,991.89,0
79.71,78.17,2.045,2.184,0.399,25.08,990.6,0
105.8,47.73,0.913,0.048,0.132,16.96,1018.45,1
97.7,36.76,2.217,2.389,0.466,32.04,1011.9,0
82.22,52.35,1.389,0.069,0.776,25.67,994.59,0
13.25,18.39,1.793,0.708,0.156,26.89,1003.35,0
34.7,14.13,1.248,0.805,0.88,17.43,995.81,0
37.18,20.04,0.486,0.473,0.569,27.04,990.31,0
29.99,26.84,0.534,1.443,0.749,15.84,1001.75,0
61.8,55.38,0.233,0.851,0.045,33.46,1009.45,0
64.27,86.42,1.854,2.98,0.094,32.27,1018.62,1
42.83,31.21,2.546,1.74,0.621,18.89,1013.1,0
42.45,94.16,0.063,1.699,0.838,26.88,996.9,1
99.43,95.94,0.199,0.663,0.874,27.05,1000.09,1
94.72,96.3,1.372,1.226,0.688,31.07,1005.62,1
36.94,85.38,2.213,0.372,0.201,30.14,995.74,0
109.65,42.74,0.473,2.288,0.195,34.86,1014.99,1
114.34,16.54,0.815,0.993,0.881,22.02,995.04,1
39.21,61.19,0.696,2.256,0.113,17.49,998.7,0
42.53,60.28,1.197,1.115,0.686,26.47,1007.33,0
60.68,86.5,0.675,2.966,0.534,30.28,993.7,0
112.93,99.64,1.058,0.513,0.421,20.72,1008.74,1
105.16,55.73,2.186,0.005,0.44,19.72,1018.33,1
12.31,41.07,1.833,1.784,0.945,31.05,1010.75,0
47.13,26.73,0.244,2.859,0.861,30.07,1014.38,0
66.4,10.43,1.913,1.941,0.865,19.07,1003.15,0
60.38,55.82,1.431,0.257,0.407,32.39,1000.96,0
23.26,60.0,2.804,1.621,0.107,17.69,999.86,0
103.06,84.24,0.868,2.728,0.998,17.18,1009.81,1
81.23,55.41,2.178,0.02,0.145,22.02,1005.56,0
100.55,92.48,2.193,0.501,0.516,32.73,1004.17,1
103.05,66.53,0.665,2.444,0.265,28.91,993.02,0
89.8,85.63,2.71,2.682,0.511,22.89,1010.2,1
52.71,23.35,1.474,2.121,0.305,18.15,1011.76,1
73.27,86.98,2.037,2.975,0.897,29.27,995.89,1
19.24,70.76,0.438,0.271,0.968,26.98,1012.79,0
80.84,25.32,0.773,1.637,0.41,34.75,1016.38,1
21.51,27.08,1.758,2.055,0.07,30.31,995.24,0
83.27,93.39,0.957,2.108,0.663,17.04,1003.56,1
27.55,12.9,1.499,2.38,0.377,29.56,1016.29,0
14.11,51.63,1.122,2.753,0.986,20.15,1004.62,1
19.83,38.21,1.922,1.085,0.089,34.24,1014.46,0
0.24,69.86,1.461,0.129,0.119,15.39,996.47,0
86.25,85.57,0.014,1.087,0.699,19.77,991.92,1
87.89,42.43,1.949,2.015,0.759,24.98,991.78,1
61.79,48.42,1.266,0.64,0.471,16.58,1019.17,0
19.36,98.37,1.025,2.43,0.277,21.88,994.94,0
10.03,80.55,0.282,0.659,0.31,24.94,1015.95,0
2.3,90.75,0.661,0.03,0.338,23.94,999.47,0
19.89,49.49,0.671,1.524,0.225,24.21,991.2,0
106.9,31.07,2.806,2.179,0.851,32.58,997.23,1
28.98,47.07,1.298,1.049,0.065,25.11,1005.16,1
42.51,74.45,0.126,2.247,0.407,33.82,993.2,1
12.64,19.85,0.416,1.315,0.748,17.95,1017.66,0
26.68,34.34,0.237,0.515,0.004,20.61,1017.0,0
62.31,14.2,1.767,0.272,0.878,28.13,994.47,0
72.93,48.91,0.56,2.132,0.706,20.66,1012.11,1
29.44,84.47,1.496,1.157,0.073,21.95,1003.82,0
6.93,12.22,1.11,2.738,0.895,33.02,1019.46,0
46.92,70.78,2.412,1.621,0.487,25.77,991.66,0
28.1,93.92,0.961,1.045,0.652,21.69,1004.13,1
26.35,31.32,1.375,1.047,0.882,30.53,998.56,1
115.18,72.43,2.164,0.394,0.881,16.41,1011.79,1
73.96,97.76,1.3,1.781,0.409,26.27,993.33,1
66.83,96.61,2.38,1.747,0.238,16.99,1008.84,0
49.89,31.14,1.985,2.4,0.257,18.54,1018.44,0
51.47,19.03,1.232,0.604,0.766,16.25,1003.62,0
64.91,23.35,1.512,0.872,0.929,33.03,1003.63,0
83.57,73.18,2.902,0.292,0.072,15.96,1004.87,1
84.26,75.32,1.985,0.886,0.015,25.33,1002.47,1
20.6,70.68,2.715,1.284,0.823,19.5,1003.42,0
60.01,40.25,0.536,2.892,0.387,22.67,1003.9,1
49.43,25.28,1.45,1.959,0.276,24.87,1019.94,1
104.46,62.27,2.726,2.349,0.188,24.0,993.49,1
75.77,53.53,0.968,0.977,0.346,29.96,998.56,1
63.9,75.6,2.903,0.434,0.971,33.24,996.32,1
13.85,49.72,0.291,0.77,0.977,21.01,1006.33,0
72.68,40.48,2.708,0.769,0.332,15.49,990.08,1
14.06,36.41,1.336,1.749,0.964,32.88,1017.63,1
40.46,29.03,0.221,1.024,0.3,34.58,1005.93,0
17.14,33.92,2.639,2.572,0.854,23.67,1016.88,1
83.05,18.53,0.756,2.966,0.212,24.12,1000.35,1
24.75,41.22,0.067,1.03,0.826,17.88,994.5,0
47.02,13.29,0.407,2.115,0.354,24.51,995.77,0
107.48,26.78,1.977,1.972,0.196,21.07,1004.12,0
24.52,77.21,2.933,0.583,0.935,34.89,991.21,0
60.94,39.29,0.334,2.754,0.214,18.7,1013.45,0
50.31,70.14,1.386,0.598,0.992,22.57,1013.72,0
2.17,74.52,0.542,2.211,0.109,27.33,1011.06,0
95.13,62.31,2.235,1.043,0.01,21.9,1016.89,0
8.29,96.28,0.354,1.101,0.871,24.49,1006.48,0
56.91,11.93,0.72,1.366,0.587,34.47,1004.38,0
67.28,76.48,0.589,2.594,0.422,25.16,1005.88,1
75.41,96.29,1.658,0.421,0.082,33.21,995.46,1
82.64,87.6,2.62,0.164,0.575,15.86,1005.37,1
30.39,25.11,1.533,1.206,0.394,17.4,1006.25,1
1.2,39.41,0.175,0.167,0.484,33.89,1012.94,0
86.81,25.52,1.69,2.063,0.63,17.57,1000.44,1
64.28,64.12,2.393,2.281,0.64,29.73,992.77,1
100.33,74.1,0.396,2.564,0.961,23.92,1007.92,1
98.57,38.54,0.218,2.232,0.655,23.13,1013.64,0
101.2,58.56,0.563,2.749,0.339,28.18,1019.09,1
58.21,72.18,2.238,2.245,0.33,29.55,992.71,1
40.04,47.92,1.775,2.808,0.477,33.64,1012.39,0
94.99,86.86,1.622,0.579,0.259,20.14,1007.88,0
54.16,79.44,0.748,1.5,0.376,28.96,990.46,1
22.01,15.82,0.997,2.982,0.842,21.85,1011.55,0
102.6,65.9,2.898,2.045,0.86,29.35,990.79,1
105.91,31.18,0.722,2.636,0.628,17.84,1013.56,0
55.96,60.18,2.705,0.091,0.583,24.15,1011.64,1
9.08,96.12,1.742,2.615,0.427,18.67,1010.64,1
46.54,89.12,0.37,2.093,0.636,21.73,993.6,0
96.42,46.41,1.402,0.512,0.806,29.31,1017.57,0
108.21,36.24,2.846,0.077,0.738,19.67,1016.97,1
24.42,31.1,1.256,0.78,0.035,28.7,1017.01,0
8.04,57.93,2.59,2.747,0.731,24.92,1000.81,1
105.28,20.28,0.769,2.004,0.72,16.84,1004.77,1
46.73,59.43,1.713,2.758,0.099,22.73,993.45,1
65.01,10.12,2.532,1.338,0.15,32.38,991.53,1
116.17,39.15,2.762,2.81,0.788,34.79,991.76,1
7.99,29.79,1.457,1.389,0.559,22.38,1007.06,0
77.8,97.41,1.919,0.613,0.822,16.1,999.64,1
8.89,75.45,0.009,0.454,0.185,17.6,1007.39,0
45.06,41.47,0.76,2.981,0.031,30.76,1007.78,0
96.46,18.36,0.836,1.002,0.162,28.12,1017.21,0
52.02,56.51,0.28,0.48,0.453,20.7,1016.47,0
119.66,29.21,0.839,0.025,0.523,22.83,1011.56,1
67.09,58.28,0.963,0.857,0.858,31.22,1014.56,0
38.54,85.18,2.906,2.667,0.716,23.26,990.09,0
26.41,65.42,2.006,1.602,0.99,30.12,990.47,0
42.06,67.04,1.278,1.897,0.079,20.9,1003.76,0
44.7,58.69,2.964,2.767,0.13,29.5,1009.61,1
8.25,93.45,0.46,1.539,0.084,24.33,1013.82,0
44.35,93.87,1.428,2.515,0.538,25.91,1003.42,1
55.71,56.15,1.941,0.971,0.267,26.97,1018.21,0
86.73,37.52,0.167,2.931,0.684,24.01,1014.45,0
78.81,51.36,2.151,0.236,0.133,24.32,993.08,0
85.05,26.79,0.3,2.174,0.103,20.31,1003.21,0
1.0,67.27,0.421,1.982,0.46,34.72,1019.85,1
26.12,55.01,0.479,0.575,0.376,33.12,1002.3,0
79.4,19.3,2.787,1.167,0.829,25.55,1001.59,0
58.08,27.79,2.05,0.938,0.838,15.69,998.82,0
0.64,53.17,1.966,0.283,0.117,18.37,1004.59,1
96.54,89.88,1.666,1.754,0.812,32.08,1011.9,1
92.74,60.98,0.878,2.981,0.564,33.62,991.42,1
65.81,71.34,1.863,1.679,0.504,18.23,1015.07,1
7.98,40.51,1.23,1.636,0.095,29.69,1017.53,0
91.98,61.43,0.436,0.121,0.74,27.46,1013.43,1
70.05,50.26,2.069,0.418,0.06,21.07,1017.47,1
93.84,69.32,0.389,1.54,0.278,23.72,992.85,0
90.21,14.55,0.572,2.956,0.095,28.55,1003.5,1
96.36,54.4,2.453,2.63,0.531,17.03,992.13,1
62.16,36.64,1.98,1.021,0.645,18.78,1015.11,1
16.84,39.36,1.893,1.629,0.891,15.67,1018.58,0
80.54,96.48,1.255,1.658,0.734,33.04,998.93,1
74.46,26.44,1.189,2.056,0.961,26.48,1006.06,1
89.07,38.01,2.071,2.063,0.761,25.47,998.93,1
20.39,55.89,2.22,2.369,0.298,29.12,1001.37,0
23.4,87.67,1.531,0.075,0.548,34.77,1004.3,0
106.85,47.5,2.908,2.831,0.458,18.44,1013.72,1
90.0,76.95,2.867,0.21,0.566,17.66,994.41,0
108.99,87.07,1.237,1.428,0.572,20.9,994.71,1
91.05,37.9,2.462,2.759,0.702,33.08,996.06,1
71.66,45.35,1.63,1.463,0.083,23.23,991.59,0
78.5,42.09,1.535,0.191,0.747,30.87,1009.3,1
106.7,84.96,0.165,0.688,0.144,19.06,995.7,1
69.46,13.99,1.722,1.736,0.026,24.87,1003.13,1
75.89,37.76,2.702,0.264,0.519,17.55,1010.57,1
18.78,71.15,2.34,1.271,0.581,23.26,1003.47,0
56.87,60.89,2.359,0.987,0.035,20.25,1017.18,0
85.97,49.27,0.48,2.446,0.515,25.99,1013.08,1
32.51,58.6,1.075,0.33,0.535,30.61,998.19,0
24.27,27.78,0.7,2.048,0.052,33.77,993.91,0
37.66,48.76,0.948,1.22,0.712,20.68,1016.83,0
28.98,55.15,1.739,1.763,0.21,29.86,1001.91,0
25.79,91.11,1.094,0.617,0.794,32.71,1001.48,1
50.98,33.48,1.682,1.829,0.311,17.5,1014.3,0
108.94,88.1,1.316,2.022,0.478,26.72,990.28,0
60.85,67.98,0.86,0.211,0.892,27.24,1003.53,0
22.55,11.83,0.286,2.473,0.806,20.45,1011.43,0
9.24,75.22,2.676,2.584,0.782,15.45,1015.46,1
83.54,13.2,0.034,0.191,0.16,20.13,1016.56,0
45.94,99.76,0.005,1.81,0.048,26.69,1003.97,1
98.62,88.54,2.48,1.782,0.606,18.93,1015.43,1
79.14,36.76,2.99,0.037,0.411,20.75,991.07,1
95.55,33.17,2.181,1.027,0.909,29.16,999.16,1
32.63,44.33,0.046,2.907,0.35,22.97,990.31,0
83.08,42.06,0.68,1.666,0.411,16.31,994.97,1
31.69,43.51,2.915,2.8,0.526,22.98,1011.74,0
112.69,38.64,2.426,2.027,0.796,35.0,990.13,0
76.36,65.9,1.7,0.085,0.268,20.22,1005.69,1
38.94,24.78,0.711,0.233,0.942,20.31,1002.42,0
32.34,86.14,0.043,2.167,0.54,18.4,993.69,0
22.91,83.12,0.063,1.664,0.841,20.43,1010.57,1
83.36,52.88,1.836,0.381,0.526,26.5,1010.79,0
26.25,86.75,0.065,1.842,0.772,34.29,1011.79,1
71.44,32.24,2.981,2.431,0.051,27.15,1012.96,0
31.76,11.58,0.55,2.259,0.799,23.2,999.45,0
79.44,65.73,2.132,0.738,0.524,22.79,1019.82,1
97.79,51.21,0.465,0.775,0.449,15.48,992.19,0
93.36,61.04,1.62,2.904,0.112,15.05,1009.43,1
91.3,90.94,0.242,2.662,0.742,30.94,1019.12,1
22.53,97.29,2.3,0.955,0.131,24.8,996.73,1
10.61,67.1,1.755,2.472,0.192,15.66,998.34,0
83.87,78.77,0.259,0.485,0.126,20.72,1007.28,0
44.2,17.54,2.546,0.591,0.007,22.13,1013.44,0
51.88,24.46,1.641,0.544,0.662,30.67,999.87,0
3.74,75.99,2.765,0.263,0.271,23.69,1015.1,0
31.15,48.82,2.75,2.564,0.149,30.79,997.23,1
4.04,50.14,2.762,1.736,0.32,27.67,1016.23,0
105.5,37.77,0.233,0.777,0.499,15.66,997.59,1
29.21,64.66,0.363,2.546,0.503,34.37,1008.52,0
66.88,26.66,2.963,2.408,0.367,18.63,1000.73,1
4.68,66.42,1.463,0.303,0.495,20.51,999.65,0
80.02,25.64,0.715,1.932,0.427,31.19,1000.62,0
38.76,15.74,2.309,2.166,0.823,18.8,1004.98,1
107.75,39.73,0.793,2.147,0.03,23.02,1015.35,0
106.57,30.8,2.182,2.169,0.868,32.3,1012.78,1
39.03,90.01,2.512,0.508,0.244,27.75,1003.48,1
108.12,14.95,2.353,0.945,0.722,21.04,998.46,1
119.54,25.9,0.822,2.533,0.405,27.88,1015.63,1
99.05,59.38,1.205,2.695,0.294,31.25,1016.11,0
101.38,53.3,1.24,0.838,0.615,23.08,1003.61,1
29.88,14.13,1.474,0.069,0.769,26.43,1010.88,1
69.2,10.65,0.502,2.579,0.45,34.76,1001.08,0
8.07,98.93,1.357,1.131,0.467,34.29,994.47,0
11.39,69.3,1.532,0.988,0.059,25.18,999.64,0
119.87,42.89,1.595,1.041,0.924,16.92,1010.46,1
39.2,52.34,2.46,1.247,0.847,29.01,1013.08,0
89.78,33.99,1.552,1.135,0.398,20.37,1015.55,0
96.8,41.04,0.692,1.699,0.765,28.39,990.53,0
102.96,68.41,1.989,0.237,0.313,22.04,1004.59,1
119.72,89.45,2.392,2.915,0.73,29.38,998.22,1
28.98,26.57,0.958,2.809,0.517,22.35,1010.52,0
4.84,85.63,1.936,2.803,0.461,33.82,997.36,0
49.34,20.94,0.441,2.638,0.057,17.73,1006.99,0
15.61,29.35,1.026,1.981,0.965,16.37,1011.36,0
2.69,13.35,2.728,0.663,0.837,30.62,1013.1,0
43.25,22.67,2.734,0.148,0.793,23.03,998.08,1
94.05,92.56,1.726,0.298,0.305,24.31,992.63,1
67.94,51.35,2.107,0.972,0.29,33.68,996.56,0
37.53,16.99,2.562,1.512,0.573,26.8,1007.97,1
78.52,96.38,2.876,2.98,0.846,28.2,991.21,1
27.84,89.11,1.47,1.306,0.935,15.39,994.77,0
1.73,77.92,1.685,1.574,0.269,28.41,1019.86,1
91.72,94.01,1.247,2.085,0.607,22.77,1001.47,1
74.85,29.81,0.216,0.542,0.724,24.2,1004.9,0
91.48,85.27,1.268,2.798,0.226,31.16,990.33,1
4.67,72.1,2.372,1.587,0.407,25.48,1007.76,1
100.45,88.28,2.415,0.829,0.187,34.74,999.76,1
74.34,81.72,2.677,2.805,0.699,30.94,1005.91,1
67.61,41.18,0.154,1.876,0.864,29.57,1005.78,0
74.95,79.7,1.581,1.451,0.878,26.77,1019.02,1
103.73,33.62,0.322,1.74,0.67,23.25,998.05,0
70.43,39.57,0.602,2.245,0.347,16.06,1007.11,0
69.71,19.71,2.701,0.464,0.661,15.37,1001.45,0
118.88,94.16,1.49,2.594,0.864,15.94,1002.66,1
90.81,36.19,2.276,2.879,0.626,34.18,991.67,1
53.08,56.86,0.193,1.701,0.413,21.46,1010.65,1
84.89,45.22,1.25,2.047,0.92,29.01,995.86,1
46.71,96.39,2.023,2.58,0.835,26.89,1004.05,1
27.47,40.15,0.4,1.124,0.882,26.43,1003.03,1
71.62,80.07,0.977,2.978,0.903,26.58,1004.04,1
111.38,86.99,0.194,2.042,0.394,21.05,1001.27,1
111.5,49.2,1.954,1.272,0.86,32.73,997.27,1
41.03,44.04,2.913,2.032,0.57,33.38,1003.46,1
63.32,77.3,2.481,1.565,0.038,27.89,991.39,1
25.4,92.16,2.924,0.335,0.636,32.28,997.27,1
119.48,77.94,2.537,2.388,0.471,16.2,1013.55,1
117.73,30.44,2.566,1.693,0.275,17.01,1015.28,0
77.94,89.95,1.732,2.388,0.97,26.18,1011.46,1
96.53,44.88,1.555,0.465,0.055,31.93,1008.98,0
85.81,61.86,1.219,1.615,0.946,21.31,1014.34,1
71.18,84.83,2.454,2.3,0.159,25.96,993.83,1
6.4,26.96,0.546,2.965,0.377,15.2,1005.76,0
54.57,80.61,0.169,2.653,0.417,34.73,993.49,0
80.97,63.65,2.844,2.593,0.731,30.34,1013.34,1
81.3,90.4,0.011,0.742,0.216,22.23,1005.62,1
44.77,25.48,2.93,2.514,0.986,34.66,1014.3,1
113.0,47.86,2.187,0.508,0.749,16.85,1013.97,1
20.08,84.96,0.985,0.594,0.79,24.28,1003.99,0
60.04,11.73,2.093,0.33,0.106,16.18,1004.91,0
82.91,20.1,2.454,2.573,0.476,21.7,990.85,1
83.66,99.15,0.736,0.325,0.946,19.39,1005.71,1
77.84,35.24,2.313,0.414,0.27,21.33,1010.32,0
33.03,97.8,2.413,0.738,0.145,33.95,997.01,1
18.74,26.43,0.748,1.718,0.485,23.54,1019.6,0
76.31,42.5,0.126,2.641,0.93,21.5,1019.24,1
71.92,77.76,0.612,1.255,0.487,27.82,998.48,1
21.52,69.2,0.602,1.639,0.405,28.67,1011.39,0
84.62,62.3,0.196,0.499,0.65,34.68,990.9,1
54.62,57.69,2.178,0.798,0.937,25.92,1009.97,0
80.13,85.91,1.14,0.402,0.049,30.05,1008.72,0
100.48,31.15,2.653,1.23,0.153,22.64,1014.66,0
20.37,49.82,0.757,1.771,0.133,18.42,999.13,0
2.3,23.99,1.36,0.852,0.085,23.6,1016.34,0
93.49,63.63,1.917,2.538,0.302,23.38,1015.74,1
73.16,32.55,2.632,2.944,0.229,23.41,1010.09,1
83.96,40.05,1.574,0.36,0.549,28.91,1004.17,1
100.58,52.41,1.121,0.054,0.327,23.12,1008.55,1
96.34,12.41,2.601,2.369,0.405,34.08,1011.9,1
115.31,18.27,0.931,0.572,0.942,34.65,1019.26,1
64.31,71.73,0.238,1.059,0.156,25.47,993.65,1
58.62,48.61,1.335,1.183,0.388,26.17,999.39,0
48.23,87.83,2.355,2.75,0.257,23.15,1013.42,1
18.44,72.52,0.092,1.977,0.549,22.11,1002.28,0
68.71,10.73,1.758,0.122,0.736,34.71,1010.17,0
33.24,65.5,1.783,0.044,0.817,15.81,993.99,1
110.56,18.44,2.786,0.599,0.515,23.2,1011.27,1
69.98,80.28,0.859,0.955,0.855,18.03,1010.22,1
71.14,99.24,0.837,1.454,0.785,29.53,1007.57,1
42.59,57.81,1.321,2.514,0.157,18.89,1012.96,1
6.24,71.45,1.071,0.944,0.245,32.69,1016.4,0
3.81,31.36,2.209,1.13,0.672,22.49,1014.88,0
50.8,49.38,1.925,0.988,0.975,33.34,993.83,1
10.15,87.05,2.277,0.027,0.376,34.73,1012.33,1
72.82,25.07,2.46,2.866,0.23,30.42,1003.49,0
105.72,33.9,2.769,0.417,0.869,27.46,1000.02,0
105.95,50.09,1.293,0.863,0.2,18.0,1016.39,1
79.09,74.1,2.954,0.388,0.697,33.66,1006.79,1
25.35,43.83,0.647,1.472,0.034,30.54,1005.04,0
103.56,93.5,2.143,2.796,0.019,20.76,1013.54,0
106.33,18.5,1.602,0.302,0.452,24.37,1006.6,1
23.6,43.37,2.451,1.323,0.657,16.35,1015.74,0
88.49,73.81,1.43,0.067,0.142,28.18,993.09,1
34.38,30.34,2.352,2.313,0.764,17.51,1013.28,0
96.32,69.08,2.791,1.924,0.129,28.03,994.92,0
119.67,24.78,2.197,2.099,0.534,28.43,996.76,1
3.6,15.04,2.328,1.417,0.308,21.49,995.38,0
107.68,20.89,0.202,2.723,0.752,33.97,997.15,1
74.72,93.7,0.615,1.229,0.804,30.58,1011.95,0
116.81,59.66,2.923,1.542,0.066,24.93,1009.66,1
55.8,81.67,2.08,2.086,0.193,33.37,996.89,1
101.69,39.94,1.684,1.562,0.893,32.12,998.11,1
7.49,63.34,1.101,0.568,0.416,28.84,992.98,1
40.23,54.55,0.133,0.951,0.477,18.06,1002.43,0
8.04,95.12,1.107,0.277,0.168,24.94,1001.36,0
117.04,77.28,1.497,1.298,0.995,32.29,994.37,1
98.04,75.75,0.634,1.828,0.923,27.18,1015.04,0
102.31,14.17,0.519,0.356,0.002,25.91,1015.58,1
112.56,59.47,1.525,1.892,0.551,34.1,993.27,1
10.21,52.03,1.758,2.679,0.872,15.33,997.99,1
46.27,93.51,0.72,1.013,0.431,15.24,1012.08,0
8.52,33.16,1.762,0.666,0.437,32.86,1016.1,0
25.3,34.29,2.701,2.679,0.379,15.77,992.15,0
27.52,47.02,1.42,2.076,0.029,21.65,1017.07,0
56.29,31.9,2.572,0.316,0.79,33.48,991.85,1
32.23,21.63,2.782,1.224,0.457,28.82,1009.01,0
12.12,87.17,0.277,2.022,0.531,27.96,990.66,1
20.1,60.24,0.287,1.723,0.256,28.14,1017.85,0
17.67,87.52,1.428,1.856,0.784,21.35,1000.61,0
116.77,84.8,1.764,1.701,0.794,25.61,1009.46,1
91.12,35.38,1.278,2.394,0.553,27.6,995.54,0
116.13,59.3,0.979,0.961,0.905,21.11,999.64,1
52.77,17.49,1.923,2.125,0.116,30.91,1012.42,1
33.4,92.37,0.006,2.973,0.787,21.43,1019.19,1
95.8,46.38,2.904,1.17,0.559,16.43,1019.76,0
39.15,45.43,0.696,2.373,0.231,19.03,1014.29,1
35.93,37.25,2.751,0.738,0.132,23.17,1015.42,0
27.9,51.46,0.327,0.846,0.301,33.16,1019.08,0
15.56,32.66,0.714,2.805,0.856,23.32,991.21,0
30.78,43.74,0.705,0.078,0.788,16.8,995.1,0
42.64,82.0,2.988,0.652,0.645,18.93,991.58,1
80.88,85.08,0.014,1.449,0.09,25.89,1005.03,0
7.51,37.38,1.919,1.206,0.955,18.55,1018.75,0
25.26,52.21,2.609,1.888,0.305,16.28,1007.47,0
97.08,88.64,2.017,0.578,0.607,29.3,1006.66,1
17.63,14.74,1.088,0.212,0.803,30.69,1014.8,0
41.12,90.02,2.875,1.108,0.133,32.01,1017.87,1
103.76,29.73,2.681,1.573,0.652,31.88,1010.96,1
18.59,71.07,1.302,1.686,0.032,22.59,1016.86,0
9.93,62.43,1.72,1.804,0.102,29.69,995.26,0
58.14,59.76,2.903,1.646,0.723,26.67,1005.1,1
36.29,87.34,2.948,0.737,0.155,15.47,1000.94,0
67.61,19.14,1.349,2.294,0.444,23.03,999.98,0
96.46,41.23,2.542,0.263,0.248,16.06,996.43,1
16.46,58.44,0.906,0.595,0.421,16.67,1016.82,0
69.68,83.02,1.115,2.218,0.077,16.12,1003.51,1
60.66,29.48,0.494,0.839,0.755,34.22,1005.91,0
17.29,82.26,0.628,1.48,0.079,31.88,998.29,0
74.88,45.97,1.971,0.982,0.838,23.78,1018.89,1
32.84,27.0,1.532,1.521,0.663,19.96,1008.34,0
58.54,78.31,0.693,1.04,0.417,16.45,990.02,0
9.87,18.18,1.209,2.983,0.866,23.62,998.04,0
55.15,56.33,1.12,1.072,0.186,27.01,1019.98,0
36.78,15.75,2.962,1.881,0.265,30.94,1019.24,0
98.69,42.08,2.561,2.665,0.137,16.03,1006.34,1
6.84,64.1,1.164,1.914,0.382,23.36,1006.92,0
50.23,60.05,2.742,1.698,0.987,34.54,1017.05,0
55.01,46.42,1.028,1.708,0.161,17.41,1011.26,0
87.0,48.61,2.004,1.489,0.831,23.01,1017.97,1
68.91,30.41,2.9,2.423,0.652,20.5,1004.37,0
80.07,51.03,1.171,0.151,0.016,17.68,1019.28,0
93.25,95.79,2.04,2.655,0.945,31.78,1006.19,1
103.46,86.54,0.888,1.759,0.971,28.94,1009.35,1
37.67,23.07,0.799,2.547,0.925,23.23,992.48,0
64.56,12.68,1.722,0.031,0.502,22.38,1008.35,1
100.81,94.02,2.938,2.608,0.22,31.55,1013.03,1
118.73,57.41,1.359,0.36,0.391,16.82,1003.18,0
106.74,58.41,2.813,2.164,0.614,17.94,1005.07,1
44.58,80.26,2.743,1.25,0.379,33.13,1001.8,0
23.42,38.32,0.761,2.043,0.708,31.34,1019.07,1
58.73,53.37,1.205,1.885,0.796,30.5,1004.3,0
89.0,97.18,1.93,0.49,0.209,27.48,993.79,0
59.11,70.49,1.554,1.544,0.405,20.85,990.87,1
57.98,23.84,0.288,0.832,0.958,33.7,1013.17,0
100.59,21.99,2.981,1.681,0.25,24.84,1006.43,1
43.37,28.38,2.258,2.214,0.346,20.61,990.08,1
103.18,79.0,1.313,0.244,0.036,22.31,1001.48,0
48.82,36.58,1.855,1.547,0.332,15.34,1017.42,0
39.39,11.92,0.263,1.853,0.371,20.1,1018.43,1
54.48,94.98,1.486,0.886,0.1,18.76,991.61,0
91.49,25.27,2.792,2.859,0.001,17.71,993.7,1
15.12,10.86,2.69,1.561,0.575,15.64,990.15,0
23.57,31.34,1.012,0.548,0.302,19.54,1016.06,0
114.17,31.15,1.594,0.323,0.018,17.07,992.13,1
21.06,47.98,2.092,1.625,0.86,15.9,993.24,1
68.13,92.84,1.02,1.126,0.584,17.75,996.83,1
69.52,89.13,0.195,0.578,0.171,19.05,1017.52,0
58.75,51.12,1.516,0.092,0.865,23.32,1010.65,0
77.37,46.98,1.805,1.7,0.254,26.67,1008.51,1
27.58,59.95,0.018,1.796,0.227,21.45,1013.54,0
66.32,31.91,0.287,0.425,0.895,17.83,1010.8,1
44.66,14.7,0.622,1.805,0.179,33.81,1012.38,0
79.4,94.53,1.044,2.856,0.879,25.3,992.21,1
16.95,26.8,1.623,2.935,0.803,29.84,1007.69,0
68.51,27.86,0.882,2.665,0.31,28.89,1012.6,1
22.23,52.52,0.829,2.421,0.034,20.7,1006.97,0
33.44,54.25,2.608,0.628,0.083,26.2,990.35,1
26.25,11.66,0.435,0.469,0.11,27.04,996.33,0
21.94,23.32,1.486,1.335,0.891,22.04,1018.89,0
99.09,44.03,2.858,1.859,0.404,28.42,1011.14,1
34.28,71.54,1.875,2.552,0.033,30.81,1010.66,0
111.25,30.56,2.152,0.696,0.557,22.28,1009.81,1
116.39,48.07,1.294,1.439,0.208,15.3,993.83,1
68.55,60.16,0.06,1.942,0.235,21.99,990.12,1
17.16,89.97,1.938,1.337,0.161,17.34,1003.22,0
44.95,39.35,1.896,1.363,0.762,18.11,1003.33,0
95.73,22.02,0.331,0.675,0.001,22.32,1014.35,0
44.09,54.03,1.386,2.96,0.439,19.15,995.45,0
10.44,77.2,2.746,1.426,0.087,33.7,998.25,0
66.81,19.89,0.615,1.598,0.552,28.06,992.35,0
101.41,48.22,1.383,0.656,0.346,25.37,1002.0,1
95.51,11.6,1.383,1.542,0.028,15.19,997.68,0
21.01,13.02,2.432,0.766,0.461,17.07,997.89,0
80.73,53.47,2.474,0.607,0.571,30.77,997.62,1
26.46,36.84,2.278,0.827,0.248,22.79,996.95,1
26.18,86.06,1.096,0.008,0.766,15.91,999.59,0
104.89,64.19,0.216,1.71,0.371,31.51,1006.1,0
29.96,50.85,1.048,1.162,0.749,21.05,1003.13,0
31.59,46.71,2.039,2.696,0.579,22.73,991.9,0
0.08,54.75,2.108,0.122,0.869,34.49,1002.78,0
104.48,13.64,2.895,0.13,0.547,15.31,1015.39,1
95.11,90.35,1.361,2.658,0.186,29.43,993.02,1
75.28,99.85,1.897,0.38,0.823,33.98,1018.33,1
90.03,26.33,1.618,0.006,0.783,16.28,999.26,1
18.25,20.83,0.452,0.537,0.972,32.32,990.44,0
55.0,22.92,1.384,2.472,0.094,23.32,997.59,1
42.15,69.49,1.635,2.408,0.591,32.56,992.09,1
11.25,69.53,2.852,1.02,0.492,21.17,1006.99,0
58.34,86.31,1.1,2.004,0.671,34.65,999.49,1
110.49,77.66,2.94,1.522,0.98,27.94,1014.21,1
4.81,50.47,1.627,2.714,0.532,27.54,1011.98,1
34.98,65.16,0.727,0.169,0.686,31.12,1004.06,1
24.9,71.95,0.575,2.44,0.347,23.73,1006.82,1
28.58,56.15,0.425,0.512,0.299,20.17,1008.26,0
109.01,52.81,1.359,1.175,0.335,20.26,998.12,0
56.17,68.06,0.066,0.576,0.039,21.61,994.18,0
55.96,60.17,1.335,2.108,0.285,27.35,1001.3,1
91.27,67.95,2.965,2.035,0.173,31.77,992.85,0
18.54,65.16,2.01,1.644,0.457,24.99,999.45,0
58.47,74.73,2.279,2.094,0.461,23.07,1006.58,1
51.6,67.85,0.357,1.919,0.765,30.88,1006.2,0
71.63,56.78,1.419,2.329,0.502,20.79,993.62,1
119.95,71.36,0.859,0.718,0.463,28.78,990.25,1
92.33,50.45,2.682,1.287,0.232,17.12,992.67,1
47.74,31.75,0.544,0.455,0.852,17.26,991.08,1
99.31,10.13,1.376,1.289,0.091,27.88,1002.01,0
20.49,60.4,1.764,2.105,0.982,16.66,1001.69,1
3.66,63.16,1.542,2.074,0.476,18.1,997.25,0
24.53,97.48,2.491,2.128,0.186,27.49,996.46,0
40.85,42.53,0.694,0.926,0.354,23.76,1001.89,0
61.27,45.47,1.132,1.987,0.015,26.23,992.6,0
73.82,28.16,2.376,1.102,0.167,34.54,996.43,0
109.27,16.35,1.584,2.833,0.335,27.64,1002.17,0
61.18,79.55,1.206,1.03,0.554,26.82,992.84,0
60.15,32.47,0.088,1.809,0.129,22.6,1015.22,0
6.03,64.8,2.26,2.25,0.676,27.62,1010.28,0
4.19,71.9,2.917,2.719,0.844,15.26,1001.49,1
66.14,52.41,1.861,1.314,0.572,26.15,994.51,0
52.58,88.87,2.57,1.081,0.297,16.38,995.83,1
100.7,49.94,1.551,1.29,0.121,19.4,993.6,0
19.28,35.64,0.695,0.971,0.016,26.26,994.8,1
3.0,90.64,0.043,1.962,0.732,28.36,1002.68,1
53.88,87.54,1.96,2.798,0.628,22.7,997.37,1
28.5,24.76,1.479,0.378,0.476,23.38,1016.54,0
5.95,12.34,2.346,1.683,0.102,24.96,1018.83,0
86.95,18.1,2.084,2.693,0.207,30.18,1010.74,1
13.39,35.79,2.964,0.3,0.815,15.35,1014.26,0
73.0,97.5,1.531,1.482,0.48,23.94,997.65,1
33.73,60.27,1.282,2.596,0.963,15.29,1009.95,1
20.82,43.59,0.86,2.701,1.0,21.38,991.74,0
45.57,89.98,1.431,1.543,0.801,25.4,1018.81,0
96.17,50.78,2.619,0.075,0.258,16.6,1010.11,1
47.05,38.37,0.127,0.317,0.231,24.7,999.51,0
90.09,94.71,2.934,1.76,0.254,33.49,1013.19,1
15.06,86.46,2.98,0.372,0.987,28.71,990.47,1
92.73,85.93,1.793,0.448,0.335,30.65,1001.29,1
28.43,56.11,0.995,2.316,0.706,26.61,1016.87,0
81.29,81.05,0.669,2.252,0.959,32.93,997.9,1
67.89,26.14,0.829,2.528,0.82,17.94,1010.04,1
111.5,61.59,0.15,0.317,0.598,24.0,1000.8,1
46.48,98.55,1.425,0.594,0.169,26.94,1001.77,1
7.94,36.19,0.172,2.499,0.175,32.47,1012.38,0
2.3,81.49,2.155,2.163,0.492,21.16,1017.31,0
99.22,54.14,1.116,2.418,0.952,15.02,995.0,1
62.97,13.58,0.598,2.969,0.904,34.49,998.31,1
93.03,78.67,1.635,2.593,0.166,15.52,1004.63,1
28.13,25.17,2.921,1.561,0.288,18.05,1008.41,0
41.41,66.83,2.085,0.932,0.589,23.44,1004.03,0
3.61,17.71,1.475,1.709,0.477,24.93,1014.17,0
115.38,95.22,2.331,1.916,0.119,31.69,1013.04,1
80.14,36.26,2.212,1.006,0.369,23.96,1002.16,0
111.98,30.38,2.675,2.313,0.955,25.95,991.22,1
31.86,21.62,0.614,0.278,0.951,19.0,995.83,0
73.38,95.14,2.577,2.338,0.559,26.38,1004.61,1
81.42,74.07,0.903,0.096,0.635,21.97,1017.83,0
38.11,76.75,2.823,1.494,0.222,16.97,1007.03,1
101.77,54.95,0.843,2.584,0.742,33.93,1005.91,1
113.66,52.73,2.781,0.259,0.052,16.63,1011.72,0
106.18,19.9,2.891,1.553,0.221,28.56,994.57,1
88.69,60.39,0.436,0.478,0.006,33.16,994.41,1
33.3,32.22,2.923,2.684,0.386,18.58,1000.36,0
33.79,97.94,0.257,2.497,0.85,19.74,1019.85,0
115.6,81.69,0.656,2.802,0.983,23.53,1016.28,1
1.23,47.17,1.333,2.625,0.668,20.89,1010.4,1
85.93,23.62,2.981,2.21,0.745,30.18,1001.73,1
84.75,80.68,1.466,0.555,0.263,21.76,1006.64,1
74.72,20.98,1.651,0.908,0.52,34.72,999.11,0
118.81,27.04,2.083,1.491,0.737,32.18,1010.23,1
37.43,29.04,2.905,1.767,0.497,32.91,1002.57,1
40.8,60.12,2.35,2.347,0.089,16.27,993.61,0
9.47,80.84,0.672,0.681,0.741,18.53,996.45,0
53.14,38.29,0.909,0.385,0.22,18.39,1008.26,0
31.33,17.62,0.293,1.448,0.098,28.44,1010.84,0
41.21,51.81,1.933,0.474,0.478,15.24,992.88,1
100.15,77.33,0.542,2.081,0.075,31.13,1014.25,0
112.26,29.95,0.772,1.727,0.629,25.94,1014.73,0
22.29,29.79,2.664,2.223,0.64,26.33,1011.69,1
44.7,95.25,0.98,0.19,0.257,25.75,1010.51,0
111.44,95.87,1.7,2.894,0.965,25.71,996.96,1
7.42,99.14,1.193,0.0,0.824,18.96,1017.59,1
11.08,82.69,0.222,0.976,0.11,20.66,998.06,1
19.53,26.94,1.089,2.039,0.749,24.75,995.48,1
71.43,29.08,1.224,0.135,0.353,28.56,1009.16,0
18.06,40.62,2.687,0.25,0.75,20.44,1000.92,0
116.17,38.63,0.973,0.23,0.801,31.12,1017.99,1
53.61,96.09,1.138,1.745,0.151,31.21,1003.81,1
60.18,81.02,2.349,2.688,0.662,20.48,994.91,1
29.6,75.16,2.277,1.666,0.863,26.2,1018.73,1
56.52,26.74,2.395,1.811,0.323,21.98,1005.46,0
79.43,91.86,2.861,1.038,0.08,18.81,1005.56,1
90.14,84.51,2.387,0.056,0.027,31.12,1001.57,1
90.46,24.73,1.223,0.065,0.11,34.83,1015.08,0
69.35,88.41,2.465,2.665,0.004,26.31,998.63,1
108.52,34.5,1.526,0.308,0.327,33.28,990.41,1
98.09,17.28,0.833,2.999,0.299,27.84,1004.92,1
90.85,69.11,0.909,0.493,0.11,26.31,1017.78,1
6.67,68.84,0.672,2.024,0.651,24.6,998.2,0
0.83,18.54,0.435,2.847,0.992,19.71,997.99,0
25.49,38.7,0.553,1.087,0.901,16.69,1012.14,0
79.62,99.35,0.19,2.203,0.253,23.85,1013.27,0
49.34,71.06,2.665,1.053,0.77,26.23,1003.07,1
48.29,75.71,2.793,0.915,0.937,25.19,1015.01,1
106.15,29.16,1.76,0.605,0.906,28.91,995.16,1
107.47,17.09,2.521,2.463,0.885,18.84,1001.01,1
109.1,34.92,0.551,0.772,0.786,22.08,1002.13,1
37.67,32.4,2.705,0.849,0.293,23.31,999.38,0
82.93,31.11,1.519,2.997,0.084,18.73,996.53,1
32.6,27.35,0.201,0.982,0.488,33.13,1000.14,0
22.87,61.73,0.424,1.268,0.055,28.63,990.54,0
22.16,39.53,0.927,2.97,0.998,16.84,1011.1,0
41.05,83.83,0.131,1.108,0.358,29.26,1010.52,0
51.59,26.56,0.928,1.098,0.958,25.96,1003.51,0
99.71,51.82,0.18,2.483,0.773,25.48,999.69,1
14.39,11.23,0.708,0.936,0.411,34.8,1003.02,1
88.19,53.35,0.797,0.701,0.118,27.36,1018.1,0
63.77,15.03,2.983,1.27,0.237,32.93,1008.11,0
34.55,98.0,0.707,2.102,0.673,33.27,1011.94,0
59.14,81.15,0.718,0.13,0.83,17.03,996.89,1
35.99,54.11,2.06,1.122,0.979,15.17,992.84,1
71.53,17.79,2.578,1.039,0.132,23.71,992.5,0
52.06,63.32,1.161,0.734,0.156,30.39,1004.16,0
19.73,78.29,2.627,1.963,0.042,31.48,1011.5,0
13.99,27.16,1.02,0.87,0.26,30.75,1013.22,0
65.6,61.14,0.591,1.82,0.821,23.95,1011.61,1
108.29,83.28,0.989,1.513,0.198,30.0,1017.38,1
41.27,79.14,1.828,0.652,0.548,29.38,991.56,0
87.96,82.27,1.101,0.8,0.446,21.28,1015.66,0
79.04,89.14,2.019,0.512,0.326,18.37,1009.82,0
111.79,94.39,0.711,0.17,0.618,27.43,995.27,1
98.52,46.5,2.103,1.858,0.502,28.54,1010.47,1
67.99,61.19,1.042,2.018,0.335,26.36,1005.35,0
78.84,81.16,1.368,0.498,0.689,19.26,1000.77,1
107.81,72.74,1.673,1.846,0.28,20.53,997.44,1
47.94,99.6,2.059,2.946,0.643,29.17,1003.92,1
39.22,11.23,0.716,0.223,0.957,34.25,997.17,0
1.3,41.96,2.508,1.471,0.729,33.9,992.49,0
99.19,35.29,2.166,2.199,0.418,25.39,1015.38,0
96.12,33.61,0.702,0.138,0.748,32.73,1007.79,1
12.53,30.03,2.925,2.335,0.809,15.59,1000.91,0
69.22,73.82,1.994,2.939,0.326,32.22,1003.4,1
55.68,17.63,1.357,0.265,0.705,24.52,1015.94,0
14.25,76.74,0.473,2.467,0.434,30.63,999.6,0
117.67,72.41,1.6,1.136,0.819,15.11,1001.41,1
25.76,32.57,0.494,0.432,0.295,32.37,1012.98,0
8.07,32.76,1.288,1.48,0.938,26.9,996.02,1
71.38,66.6,1.226,0.215,0.575,19.8,1009.78,1
88.66,78.6,2.16,1.566,0.353,21.95,1003.03,0
3.89,88.88,0.577,0.058,0.419,19.01,1005.0,0
79.05,86.69,2.466,2.186,0.348,23.49,1013.61,0
63.88,96.84,0.978,1.464,0.146,21.6,1019.79,1
12.39,62.32,1.332,1.377,0.068,25.69,1014.95,1
20.7,91.78,2.317,0.589,0.322,31.3,994.82,0
68.16,82.77,1.876,1.084,0.459,34.65,996.74,0
35.56,90.52,0.924,0.546,0.362,20.03,1002.3,0
112.6,11.05,1.159,2.206,0.014,17.13,1011.58,0
98.25,96.93,0.917,0.597,0.579,22.91,1005.28,1
118.03,52.62,1.784,1.85,0.145,17.87,1017.05,1
31.16,81.84,0.998,0.839,0.211,31.68,991.46,0
116.37,21.45,2.177,1.971,0.121,25.02,997.76,1
51.75,45.63,1.739,1.621,0.52,27.4,996.58,0
41.7,34.43,0.437,1.27,0.095,18.01,1012.33,0
6.04,36.25,0.931,2.019,0.256,29.99,1003.94,1
6.33,21.09,0.664,1.247,0.452,34.47,990.45,0
83.04,82.52,1.171,2.464,0.168,24.65,1013.2,1
54.95,10.83,1.548,2.189,0.446,34.25,1000.85,0
27.18,38.13,1.52,1.622,0.343,15.69,997.81,0
73.68,25.7,2.264,2.631,0.861,15.71,995.48,1
30.34,63.01,0.568,2.487,0.795,34.2,1018.38,0
69.32,32.88,2.839,1.596,0.993,29.01,1018.26,1
43.11,33.31,1.029,0.205,0.529,18.77,992.3,1
98.83,53.95,0.901,1.698,0.575,22.28,996.98,1
98.48,68.74,2.056,1.066,0.947,25.16,1009.38,1
57.28,20.92,2.417,1.62,0.4,29.05,1010.11,0
42.1,25.8,1.135,1.941,0.556,31.84,1002.53,0
43.51,32.25,2.241,1.935,0.379,16.65,1007.06,1
96.69,97.64,2.651,2.021,0.546,28.13,1011.08,1
39.38,45.74,2.3,2.038,0.081,24.53,1018.52,0
25.09,63.91,0.103,0.328,0.784,26.95,1011.75,0
10.16,31.74,2.482,0.575,0.985,25.17,993.31,0
56.0,54.14,2.323,1.892,0.066,24.01,1011.54,0
57.86,16.67,2.008,1.225,0.801,19.11,992.03,1
100.91,13.13,2.28,2.289,0.242,24.45,1005.08,1
26.55,52.19,2.938,0.375,0.198,18.79,1005.81,0
45.72,45.88,1.293,0.575,0.693,15.89,1013.35,0
97.01,22.32,0.202,1.675,0.044,22.48,990.35,1
98.83,71.88,1.383,1.502,0.463,15.5,1016.24,1
46.15,99.36,0.139,0.799,0.001,26.25,1009.92,0
55.09,45.61,0.883,1.225,0.554,16.45,990.94,1
36.39,66.21,1.761,0.105,0.462,23.75,994.8,1
111.91,96.67,0.929,0.111,0.915,34.6,991.19,1
14.24,84.84,2.056,0.285,0.72,15.2,1012.98,0
112.05,51.72,2.466,1.73,0.126,22.34,995.13,0
82.06,76.37,1.261,2.591,0.355,28.47,991.37,1
63.79,21.53,2.7,0.781,0.932,18.18,994.14,1
3.92,56.09,0.24,0.102,0.725,26.21,1006.79,0
57.07,35.12,2.52,2.126,0.594,20.16,1004.86,1
48.93,24.5,2.486,2.566,0.559,19.46,997.39,1
19.35,48.37,0.966,0.415,0.398,32.9,1018.29,0
78.77,21.79,0.896,1.157,0.585,19.07,1015.64,1
116.54,72.91,0.915,0.476,0.772,22.53,999.43,1
67.46,51.06,2.434,0.319,0.128,18.39,1004.24,0
85.77,57.8,2.495,1.945,0.97,20.68,1005.5,1
8.21,23.17,0.989,2.903,0.239,20.86,1012.69,0
50.12,22.58,1.778,2.034,0.448,21.54,1002.84,0
13.96,62.51,0.417,2.954,0.023,27.82,1006.39,0
73.54,98.65,1.406,1.303,0.55,29.85,1002.38,1
112.62,18.66,2.996,2.694,0.382,25.21,1012.88,1
79.41,35.72,0.477,0.615,0.25,27.21,1006.68,0
9.22,88.25,2.843,0.354,0.986,31.27,1014.83,0
42.56,16.5,2.473,2.108,0.428,34.99,991.61,0
66.08,88.83,2.917,1.114,0.414,24.13,1017.13,1
48.38,57.19,0.539,0.953,0.463,33.73,1014.58,1
100.04,46.74,0.641,2.014,0.116,24.81,1014.56,1
97.76,37.87,0.051,1.0,0.393,30.64,994.21,1
73.42,36.74,2.174,1.718,0.336,26.46,997.9,0
44.81,37.52,1.932,0.898,0.465,32.68,1019.41,1
30.64,89.63,0.534,2.351,0.857,23.97,1018.51,1
12.7,75.14,2.373,0.937,0.193,28.92,996.8,0
42.59,70.28,0.898,1.605,0.608,24.33,1002.99,1
49.58,81.89,0.405,0.07,0.038,32.14,994.68,0
81.1,33.14,1.268,2.375,0.317,34.89,997.88,1
78.98,65.62,0.273,1.861,0.473,19.87,995.54,0
8.41,51.41,0.79,0.577,0.074,24.49,992.43,0
47.43,80.42,1.114,0.646,0.544,16.63,1007.38,1
21.81,37.83,2.556,0.787,0.31,17.82,997.22,0
18.82,67.89,2.378,1.73,0.993,33.58,1019.77,1
99.28,89.4,1.328,1.645,0.631,25.87,1005.46,1
5.03,46.19,2.174,0.822,0.244,22.9,1000.77,0
50.3,16.0,1.706,2.082,0.103,28.43,1017.39,1
20.18,56.44,1.023,2.667,0.041,26.2,1008.62,0
105.52,41.14,2.178,0.131,0.091,20.77,993.81,0
66.84,70.5,2.05,1.252,0.68,19.53,1004.93,0
27.77,95.59,1.857,1.781,0.855,26.8,1003.23,1
60.29,53.7,1.854,1.759,0.157,18.77,1012.95,0
87.78,51.96,2.049,0.059,0.402,17.78,1010.81,1
114.97,68.91,1.154,0.632,0.354,21.37,1001.12,1
26.45,19.31,2.607,0.185,0.645,32.23,1004.08,0
106.34,32.82,0.487,1.707,0.183,15.74,1005.56,0
112.12,92.71,2.652,1.936,0.953,31.67,1002.67,1
109.97,70.29,1.027,0.479,0.729,27.42,993.23,1
76.25,11.21,0.375,0.999,0.955,15.81,1017.16,0
75.58,28.42,1.8,0.989,0.277,27.04,1010.18,0
48.39,71.46,1.128,2.459,0.588,23.52,1004.09,0
90.29,78.8,2.446,0.584,0.732,31.82,1007.09,1
63.76,85.59,1.292,1.645,0.711,33.14,996.39,0
81.29,36.3,2.006,2.349,0.021,20.73,1005.92,0
51.41,93.79,0.925,2.489,0.998,30.68,1012.38,1
87.78,59.77,0.628,2.0,0.928,21.2,1006.01,1
98.94,72.69,1.164,0.899,0.12,20.91,1004.42,1
17.57,63.71,1.82,2.469,0.544,18.85,1003.87,1
99.95,21.05,1.971,2.226,0.315,28.57,1012.85,0
64.84,96.68,1.735,2.113,0.879,20.23,1012.6,1
101.36,21.06,2.964,0.202,0.698,24.3,1012.5,0
51.76,32.94,2.073,0.13,0.224,31.24,997.39,0
45.48,83.23,2.795,2.086,0.034,30.84,1008.54,1
109.81,65.67,0.354,2.834,0.292,32.11,1013.37,1
30.14,85.43,0.184,2.321,0.038,18.22,1006.86,0
101.31,56.42,0.933,2.494,0.141,26.74,1013.37,1
58.08,43.93,0.41,1.635,0.636,33.3,1015.63,0
61.69,92.97,1.578,0.914,0.745,15.84,995.22,1
37.02,13.26,1.557,2.033,0.468,30.89,999.19,0
68.77,87.05,1.725,2.136,0.6,19.92,1008.04,1
39.03,30.77,2.236,2.026,0.156,28.39,998.69,0
4.71,86.39,2.914,2.84,0.317,29.35,1018.24,0
32.64,22.53,2.635,1.102,0.713,33.51,995.82,1
0.77,62.22,0.355,0.119,0.365,25.18,1000.71,0
117.4,89.93,1.016,2.725,0.349,31.96,1019.83,1
115.89,52.62,0.767,0.481,0.194,15.91,995.68,1
47.42,77.19,0.53,2.092,0.595,23.41,1003.46,0
87.4,82.42,1.634,2.62,0.81,23.79,999.41,1
41.5,76.28,1.66,0.93,0.469,25.77,1014.29,0
80.53,93.28,0.682,2.491,0.116,24.63,999.12,1
96.65,50.22,2.136,0.996,0.838,34.36,994.84,1
113.61,25.58,2.199,2.383,0.071,16.57,1017.99,0
48.03,14.3,0.063,0.209,0.472,20.3,999.52,1
94.0,32.18,1.187,1.966,0.261,34.37,1012.25,0
31.91,22.89,2.67,2.031,0.936,23.91,998.72,1
118.84,60.22,1.561,1.474,0.738,26.42,995.36,1
3.09,26.65,1.043,2.061,0.566,16.62,1014.07,0
72.42,13.5,0.761,2.77,0.668,20.68,991.67,0
79.14,13.24,0.73,2.202,0.533,15.79,999.96,0
82.57,84.84,0.299,2.884,0.148,17.75,1013.4,1
14.45,63.23,2.452,1.346,0.709,27.67,1005.36,1
112.62,42.23,0.26,1.585,0.493,30.27,1010.69,1
21.74,90.48,0.877,0.791,0.634,32.4,992.0,0
74.73,16.32,0.137,2.957,0.045,20.03,1012.49,0
26.72,98.23,2.344,0.165,0.142,21.66,995.16,1
36.87,65.47,0.118,1.076,0.589,26.39,1014.26,0
65.58,26.51,0.925,0.893,0.459,16.67,1006.93,0
50.06,71.12,1.72,1.16,0.227,31.13,1012.17,1
19.23,78.7,1.229,2.753,0.241,24.67,996.38,1
20.51,48.64,0.847,1.104,0.632,34.31,1001.86,0
50.18,87.55,0.826,2.751,0.059,17.35,1014.06,1
90.87,23.57,2.393,1.27,0.434,17.67,1017.32,1
107.76,35.1,2.922,2.564,0.523,21.97,996.8,0
10.1,18.41,1.044,1.565,0.308,19.14,1013.8,0
47.17,28.98,0.117,0.934,0.821,28.93,993.26,0
12.03,31.49,0.11,1.348,0.057,33.94,1002.77,0
1.99,92.59,2.278,1.273,0.866,16.8,1018.16,1
79.41,17.03,1.657,0.78,0.723,19.84,1018.35,0
72.29,48.47,2.351,0.869,0.446,19.76,998.9,1
19.56,57.92,2.092,0.559,0.924,25.18,995.79,0
28.06,90.88,2.723,1.008,0.702,24.04,994.48,1
2.84,99.79,2.657,1.873,0.931,29.54,1004.43,0
100.19,77.8,2.365,1.16,0.473,29.65,992.76,1
116.96,97.37,1.426,2.137,0.453,26.46,1000.71,1
16.26,80.84,0.924,2.961,0.531,26.82,990.51,1
27.78,96.69,1.521,1.131,0.065,31.85,997.78,1
104.21,73.65,1.506,1.388,0.908,22.94,1017.01,1
111.18,17.18,1.831,0.492,0.668,15.25,1003.41,1
50.36,46.17,0.558,1.177,0.618,19.26,992.21,0
6.07,68.19,1.967,2.18,0.926,15.71,1009.41,0
4.73,41.56,1.37,0.652,0.994,22.87,1018.67,1
68.87,34.6,1.861,0.546,0.163,22.16,1003.9,1
47.15,61.97,0.719,1.129,0.749,16.97,1008.73,0
3.44,94.02,1.303,2.456,0.58,30.1,1017.58,0
69.99,13.15,0.631,1.871,0.461,26.06,1002.57,0
1.36,79.23,2.626,2.873,0.978,19.51,1009.94,1
94.48,75.05,1.464,2.714,0.85,30.18,1003.22,1
36.77,96.76,0.675,0.453,0.697,28.36,1018.86,1
4.83,93.76,0.124,0.128,0.383,18.83,1005.11,0
70.6,78.6,2.027,1.197,0.666,34.66,1016.57,1
47.72,56.84,0.644,1.566,0.532,18.55,1005.22,0
116.86,28.38,2.969,1.547,0.249,30.43,1010.05,1
65.3,59.07,1.601,0.402,0.45,34.37,1001.58,1
33.03,78.88,0.867,0.374,0.212,29.51,1017.53,0
85.13,90.61,1.973,0.141,0.5,28.32,1009.41,1
32.58,81.07,0.826,2.553,0.72,33.07,990.6,0
108.51,27.57,2.461,2.843,0.037,20.38,990.47,0
44.97,63.97,0.925,0.347,0.765,20.54,1010.29,1
65.98,39.9,2.965,0.639,0.02,27.82,993.43,1
6.07,10.83,1.815,0.27,0.517,32.64,1011.48,0
51.13,28.02,2.533,2.633,0.573,27.35,999.66,1
99.88,20.19,0.218,2.876,0.761,34.54,1006.17,0
96.68,85.84,1.045,0.785,0.761,19.46,995.23,1
26.92,33.27,2.212,0.911,0.417,31.52,997.39,0
27.13,35.62,1.965,1.088,0.066,33.55,1003.11,0
98.08,96.39,0.583,1.507,0.694,23.54,1009.96,1
111.65,44.12,1.069,2.047,0.511,34.24,994.67,1
11.44,10.86,0.79,1.513,0.333,19.04,998.44,0
54.01,35.55,1.84,2.853,0.235,34.06,996.21,0
40.49,20.74,1.034,0.3,0.12,33.06,1015.88,0
104.48,19.25,0.927,2.396,0.295,16.32,1009.44,1
10.02,16.97,0.622,1.003,0.458,25.43,1004.05,0
25.34,63.39,1.227,1.133,0.478,25.58,1018.41,1
90.3,27.04,0.587,2.126,0.583,16.14,1012.07,0
6.16,42.51,2.888,2.788,0.362,15.79,1017.97,0
59.1,87.58,0.464,2.149,0.92,15.1,1007.93,1
53.05,48.19,2.74,2.328,0.496,25.49,994.14,1
40.13,92.41,1.285,2.252,0.424,24.28,1010.26,0
47.35,54.81,1.134,0.963,0.048,33.81,996.04,1
63.59,45.9,0.694,2.271,0.599,21.85,1000.38,0
19.36,77.54,1.907,2.354,0.603,28.16,1005.29,0
68.64,16.59,2.057,1.6,0.583,15.15,994.72,0
96.65,18.05,1.403,1.61,0.888,28.27,990.62,1
91.22,68.68,0.167,2.279,0.763,33.27,999.81,1
18.47,53.82,2.756,2.451,0.867,22.1,1014.73,0
17.91,81.14,2.941,1.012,0.059,21.28,990.46,0
32.18,92.46,1.293,2.405,0.318,27.52,993.28,1
43.33,44.95,1.841,2.443,0.319,21.57,1014.21,0
49.01,63.68,1.351,0.702,0.657,23.05,999.18,0
81.56,55.06,0.966,2.151,0.449,20.46,1018.15,1
6.8,98.34,0.232,0.56,0.777,21.9,1001.41,0
4.16,84.8,1.368,0.279,0.384,28.59,1013.9,0
47.03,92.06,2.455,1.724,0.222,33.45,997.76,1
83.66,32.89,0.051,2.726,0.291,26.66,991.85,1
23.21,79.53,1.746,0.106,0.182,15.2,1016.45,0
76.98,33.89,2.642,2.48,0.198,20.28,1017.82,1
31.18,28.79,0.653,1.519,0.217,34.04,1011.24,0
106.33,94.98,0.55,2.583,0.016,33.21,1013.1,1
107.48,11.74,2.317,2.53,0.716,17.31,990.21,1
35.67,96.88,0.765,2.626,0.4,33.17,1012.61,1
27.6,23.43,0.576,2.307,0.023,34.29,1004.17,0
49.36,83.75,1.134,2.529,0.37,21.49,1003.58,0
28.86,34.83,1.178,0.528,0.905,29.02,1006.2,0
80.69,41.56,2.622,0.912,0.511,26.2,998.14,1
99.13,29.51,1.855,0.727,0.987,21.74,1010.89,0
80.77,62.7,1.218,2.227,0.54,18.07,998.87,1
98.92,41.33,1.603,0.461,0.963,22.34,1006.76,0
47.64,69.17,2.862,0.547,0.202,33.56,994.11,1
18.76,11.41,0.34,2.637,0.29,31.22,1010.25,0
88.55,15.79,0.623,2.118,0.7,21.61,995.69,0
43.26,18.97,2.888,2.626,0.987,25.95,995.11,1
80.55,47.71,2.872,0.418,0.825,23.12,990.73,1
32.48,83.33,0.531,1.197,0.554,24.32,993.65,0
9.75,89.94,0.435,0.849,0.085,30.22,996.98,1
119.11,32.03,1.263,0.029,0.364,25.86,996.67,0
18.74,61.69,0.149,0.854,0.086,18.62,999.83,0
118.61,79.15,1.965,1.139,0.311,20.38,991.63,1
117.27,35.99,0.232,0.277,0.259,26.36,1018.06,1
95.26,46.81,0.174,1.699,0.389,28.86,993.58,1
79.13,57.16,1.456,1.15,0.837,25.16,1011.06,1
69.34,22.14,2.873,0.139,0.15,27.4,1006.05,1
103.93,12.34,1.28,2.112,0.306,30.79,1006.58,0
34.73,23.75,1.069,2.188,0.261,25.91,993.17,0
56.12,66.42,2.994,2.503,0.296,34.54,997.3,1
74.33,16.63,1.596,1.457,0.361,19.71,1013.4,1
49.34,27.07,1.126,2.906,0.244,33.39,1003.91,1
51.3,40.41,1.158,2.742,0.943,19.95,1003.71,1
39.63,17.01,0.585,1.654,0.42,25.63,1006.38,0
67.71,27.25,1.537,1.335,0.114,24.12,1003.01,1
102.07,92.01,1.317,0.009,0.468,22.46,1014.18,1
24.18,11.74,0.812,2.133,0.184,34.25,1012.46,0
112.13,68.81,0.482,1.695,0.216,20.45,999.51,0
82.69,44.6,0.934,2.813,0.285,28.5,1014.36,0
98.79,70.54,1.526,1.783,0.125,31.08,1005.56,1
66.74,62.98,0.175,2.979,0.721,18.94,1008.83,1
93.54,30.11,0.461,2.561,0.792,34.46,1015.99,1
1.94,86.25,2.843,2.861,0.394,25.93,1004.28,0
98.21,54.27,1.629,0.983,0.689,33.29,1012.69,1
4.82,84.03,0.19,0.448,0.389,28.28,1008.84,0
106.79,46.54,2.079,2.391,0.164,27.99,1002.8,1
119.04,98.62,0.185,2.359,0.397,21.91,1013.67,1
35.29,79.34,2.217,0.634,0.557,30.41,993.15,1
25.24,96.94,2.25,2.294,0.041,15.6,1007.44,0
91.84,56.29,1.953,1.746,0.654,26.12,991.39,1
30.36,52.63,2.197,0.329,0.743,15.64,994.69,1
103.87,77.99,0.264,1.505,0.86,21.14,1007.97,1
12.34,89.23,2.18,2.793,0.103,16.93,999.23,0
15.11,96.77,0.41,1.519,0.0,33.23,997.87,0
117.5,39.21,1.019,2.366,0.073,27.57,1018.68,1
80.86,81.88,2.828,0.087,0.924,28.37,1000.98,1
101.63,28.96,1.509,2.184,0.766,32.02,1006.94,1
38.92,59.1,2.902,2.841,0.835,29.66,1006.03,1
81.18,26.19,0.267,1.499,0.517,17.48,991.86,0
71.31,41.27,1.433,1.013,0.527,27.35,1010.23,1
72.38,93.82,0.187,1.94,0.299,34.56,1005.39,1
81.9,23.15,1.891,2.749,0.843,19.28,1001.44,0
69.04,66.92,0.236,0.53,0.83,27.39,991.98,1
51.49,63.37,0.526,1.211,0.392,26.27,998.79,1
33.11,20.87,0.776,0.469,0.329,22.83,1016.52,0
92.23,39.34,2.246,1.49,0.738,34.09,995.21,1
27.15,60.67,0.492,1.621,0.026,22.13,996.58,0
83.08,26.85,2.54,2.833,0.86,16.87,996.16,0
28.0,82.06,0.396,1.238,0.446,34.25,1016.72,0
75.04,97.49,0.106,1.701,0.441,29.58,1011.0,1
89.65,29.33,1.185,2.656,0.669,21.85,1016.46,1
26.25,26.82,2.938,0.964,0.646,20.61,1017.41,0
7.19,50.94,0.331,2.022,0.266,33.56,1017.84,0
15.72,77.3,0.305,2.271,0.943,20.47,1004.57,1
72.72,35.34,2.253,0.992,0.986,25.74,1004.29,1
101.93,11.79,0.936,0.493,0.526,19.3,1014.87,1
5.4,58.71,2.152,1.509,0.561,34.9,999.96,0
88.1,96.09,0.6,1.07,0.554,30.39,990.67,1
40.96,45.21,1.38,0.799,0.486,26.35,999.95,0
57.42,47.81,0.796,2.92,0.945,29.92,1011.49,0
111.46,97.2,1.355,1.506,0.245,33.33,993.71,1
39.84,72.51,2.307,2.569,0.108,34.26,1013.54,0
55.84,74.73,2.286,0.586,0.93,30.72,1014.46,1
1.64,60.64,1.547,2.818,0.213,31.98,993.03,0
9.79,97.71,2.785,2.383,0.749,22.96,992.94,0
31.03,72.0,0.791,2.426,0.204,22.84,995.96,0
3.34,90.55,0.721,1.169,0.96,31.17,1000.69,1
75.77,72.94,1.841,1.457,0.791,30.19,1005.98,1
51.17,76.16,1.864,1.78,0.919,33.02,1004.57,1
65.78,36.14,0.14,2.369,0.951,17.66,1015.6,1
20.96,37.31,1.823,2.547,0.084,28.82,994.27,0
35.51,80.47,1.123,0.234,0.433,27.95,1010.93,0
79.66,36.7,2.242,2.712,0.648,30.97,1006.47,1
115.84,60.65,2.424,2.812,0.802,15.49,1012.1,1
6.05,32.44,1.656,1.779,0.241,31.53,1000.26,0
106.85,83.53,0.005,0.56,0.915,21.53,1004.14,1
69.23,19.95,1.909,2.455,0.221,28.74,990.86,1
67.67,84.65,2.247,1.646,0.866,27.33,993.48,1
60.03,64.25,0.747,2.452,0.513,23.8,1001.25,1
8.33,26.82,1.394,2.444,0.515,29.92,1004.44,0
10.79,58.78,2.897,0.26,0.374,34.22,992.57,0
72.11,35.42,0.894,1.821,0.104,21.47,1014.75,0
40.92,39.11,0.669,1.449,0.347,29.97,1018.38,0
110.07,41.64,0.633,2.838,0.427,21.29,1007.89,1
48.79,15.7,1.676,0.89,0.479,31.91,991.6,0
17.19,98.74,2.849,0.618,0.739,23.75,1012.16,0
85.77,12.84,1.826,2.691,0.352,23.99,996.51,1
35.2,69.62,0.91,0.446,0.407,30.44,1012.01,0
63.06,43.41,1.916,2.06,0.906,24.92,1003.03,1
83.74,68.14,1.875,0.9,0.753,20.33,991.6,1
108.03,42.06,1.791,1.704,0.023,34.91,998.36,1
95.06,70.64,0.478,1.849,0.812,27.4,1002.81,1
81.16,75.63,1.904,1.252,0.99,27.9,1012.09,1
81.56,72.15,1.29,2.925,0.94,27.93,993.99,1
113.51,20.26,0.056,0.395,0.836,32.67,998.61,0
35.5,69.12,1.619,1.174,0.629,18.68,992.51,1
0.13,35.2,2.968,1.291,0.278,16.18,1008.47,0
32.63,12.59,1.049,1.893,0.654,22.73,1004.23,0
26.15,47.33,2.897,1.222,0.696,26.3,1017.87,0
79.42,49.02,0.289,0.291,0.282,20.71,1012.22,1
76.05,52.05,2.197,2.842,0.255,28.78,1013.34,0
71.22,73.43,0.343,1.248,0.397,16.48,994.93,0
1.95,37.8,0.821,1.028,0.641,30.81,998.0,0
87.45,38.38,1.713,1.34,0.293,29.36,1005.39,0
38.82,15.45,1.778,0.65,0.556,19.28,990.4,0
79.81,71.81,2.326,0.301,0.899,20.97,1016.1,1
66.79,61.1,1.846,0.446,0.295,31.14,1013.33,0
41.13,41.45,1.781,0.5,0.966,30.47,991.74,1
16.15,73.47,2.737,0.593,0.473,31.28,1015.47,0
11.33,58.36,1.356,1.26,0.101,21.44,990.13,0
99.78,52.23,0.676,1.872,0.055,34.39,993.43,1
110.21,56.02,0.485,1.887,0.339,29.31,991.66,0
77.97,67.27,1.2,0.0,0.259,16.3,1004.37,0
12.41,69.4,2.138,2.763,0.844,24.55,1013.52,0
48.24,36.01,0.128,2.469,0.738,28.29,995.36,1
87.47,22.67,0.387,2.892,0.885,18.37,1013.14,1
93.58,24.1,0.318,1.08,0.589,33.04,995.55,0
14.19,67.55,1.756,1.994,0.435,30.08,1019.72,0
0.0,88.56,0.729,0.504,0.271,16.63,1015.6,0
85.46,46.85,0.499,2.451,0.583,33.26,1012.12,0
42.79,25.26,1.778,0.484,0.618,23.09,1007.75,0
30.54,78.09,2.284,0.978,0.393,24.05,997.28,1
1.55,84.92,0.996,1.473,0.937,30.66,993.58,1
64.84,89.25,1.735,1.784,0.64,27.88,1003.81,1
102.14,64.61,0.294,1.679,0.837,23.75,1002.08,1
114.92,87.47,2.806,0.306,0.62,20.19,1010.23,1
67.89,11.39,1.011,1.265,0.317,25.34,995.1,0
61.74,19.65,2.993,2.769,0.737,26.58,1006.86,1
10.21,18.33,2.936,2.617,0.23,27.62,1010.8,1
65.86,74.13,2.336,1.772,0.597,27.1,998.97,0
45.6,16.26,0.06,1.717,0.402,27.35,1013.4,0
72.86,54.67,1.63,0.335,0.15,24.51,1002.96,1
46.65,52.54,0.261,0.601,0.413,26.24,994.88,0
28.84,37.96,2.685,0.758,0.31,20.77,995.84,0
11.4,88.34,2.369,1.465,0.112,18.17,998.37,1
37.79,25.34,2.917,2.194,0.824,27.14,994.74,0
11.6,41.72,1.825,1.382,0.499,15.94,1006.89,0
21.23,79.68,1.567,0.378,0.346,16.3,1018.47,0
118.48,12.74,1.557,1.318,0.505,19.95,1016.88,0
53.29,70.57,1.159,0.488,0.755,18.89,999.71,1
63.82,83.48,1.406,2.253,0.018,22.48,1015.94,0
104.83,93.9,1.906,0.5,0.547,22.43,1018.62,0
119.47,88.87,2.799,1.448,0.479,17.34,998.83,1
69.93,38.74,1.788,2.08,0.893,19.93,1017.16,1
97.5,62.77,2.571,0.685,0.556,15.09,1019.92,1
39.23,16.96,2.588,0.228,0.137,22.02,1013.93,0
36.69,33.21,1.556,1.69,0.389,30.93,1001.71,1
48.32,18.48,1.042,0.163,0.621,20.32,1008.26,1
80.7,38.37,1.919,1.763,0.046,27.87,1000.93,1
81.86,88.77,1.338,2.26,0.885,16.97,1019.88,1
37.83,41.25,0.244,0.988,0.068,15.25,992.04,0
15.99,60.57,1.133,1.465,0.031,24.97,1016.79,0
75.89,49.0,2.982,2.786,0.002,24.23,992.24,1
15.4,51.3,0.146,1.413,0.684,18.83,991.27,0
69.42,97.26,2.09,2.99,0.456,20.73,1018.2,0
83.21,36.65,2.524,0.471,0.103,15.61,1016.02,0
84.07,66.46,1.946,2.127,0.856,30.96,1000.85,1
90.42,47.81,1.709,1.958,0.203,21.03,1018.73,1
104.74,15.5,2.123,2.617,0.326,19.39,1015.86,1
60.0,54.04,1.288,0.277,0.178,31.09,1017.06,0
87.63,83.2,0.274,0.841,0.927,15.79,1007.85,0
74.3,18.89,2.887,0.397,0.758,20.69,1018.75,0
22.4,16.26,1.297,2.799,0.724,20.26,1014.29,0
3.08,23.83,1.996,1.28,0.044,20.26,1018.2,0
34.14,78.8,1.594,2.73,0.523,15.23,998.45,1
53.16,75.16,0.164,0.883,0.575,33.69,1005.96,1
74.05,60.85,2.858,0.379,0.383,32.28,1016.03,1
102.0,52.14,2.378,0.89,0.322,23.29,1007.39,1
23.55,89.95,0.447,1.792,0.852,23.91,1014.03,0
15.07,79.0,2.945,2.536,0.023,25.48,1019.19,0
115.62,83.07,2.211,1.156,0.625,24.57,1014.14,1
12.97,83.19,1.417,2.744,0.394,30.58,999.46,0
57.42,67.84,1.834,0.733,0.666,24.77,993.56,1
70.27,51.22,0.32,2.081,0.198,18.78,998.18,0
64.96,87.82,1.681,2.207,0.239,17.34,1009.88,1
10.32,93.34,0.221,0.822,0.587,33.37,990.33,1
6.84,12.14,1.635,0.081,0.98,15.97,995.69,0
12.66,14.64,1.658,1.096,0.975,32.95,999.81,0
70.27,96.29,2.623,0.136,0.249,28.81,1016.26,1
65.32,34.94,2.175,2.702,0.102,23.09,991.53,1
28.05,88.6,0.749,2.861,0.59,18.74,991.5,1
76.53,44.99,2.665,2.206,0.42,21.21,1006.55,1
98.41,20.72,1.72,2.18,0.762,25.6,995.33,0
4.99,17.24,1.819,0.723,0.528,28.14,997.27,0
59.78,24.09,0.507,0.222,0.511,28.83,995.53,0
82.72,32.49,2.573,2.406,0.646,23.95,1007.45,0
30.28,53.97,2.793,1.677,0.126,22.48,991.67,0
36.93,73.13,2.325,2.045,0.677,30.37,1018.2,1
73.64,98.78,2.822,2.339,0.489,33.51,993.69,1
107.75,49.74,0.907,1.228,0.82,33.29,1018.55,1
97.19,56.64,2.583,0.434,0.139,26.03,1013.34,1
69.98,56.96,1.467,2.385,0.301,16.58,1014.84,1
87.63,58.55,0.492,1.361,0.95,16.47,995.18,1
43.78,56.6,2.006,2.481,0.553,23.06,1010.09,1
76.92,10.79,2.052,1.313,0.929,29.66,1014.51,1
55.94,10.16,0.861,0.651,0.689,24.95,1006.74,0
22.79,18.79,0.082,0.513,0.926,27.55,1006.53,0
84.21,19.14,0.6,2.232,0.318,31.87,994.78,0
66.78,73.44,1.199,1.725,0.091,15.81,1002.43,1
43.03,28.44,0.503,1.214,0.802,33.48,994.52,1
109.36,90.52,0.582,1.476,0.804,21.62,1019.19,1
2.51,93.57,1.174,1.649,0.619,15.94,1010.55,0
37.89,97.83,2.885,0.718,0.58,31.71,991.45,0
6.83,94.52,2.293,1.134,0.915,33.68,1004.3,0
91.98,34.47,0.959,0.877,0.176,30.37,1009.14,0
84.25,55.88,2.855,1.165,0.617,31.09,992.87,1
39.76,25.79,1.937,1.502,0.05,32.43,1009.95,0
81.08,82.56,1.366,0.52,0.141,25.45,995.32,0
47.51,89.96,1.405,1.181,0.437,28.61,1002.24,1
90.75,86.62,1.232,1.156,0.821,20.73,1008.77,1
54.5,49.0,0.699,0.858,0.733,19.99,1000.95,0
49.47,78.28,1.16,2.995,0.974,27.18,1001.43,0
112.17,18.78,1.584,0.221,0.045,29.69,1015.31,0
30.11,13.62,1.584,1.929,0.381,22.94,999.28,0
14.45,77.79,2.285,0.523,0.159,23.01,1009.66,0
70.15,48.28,1.076,2.519,0.037,34.08,1015.47,0
116.32,99.6,2.15,2.743,0.264,25.37,994.58,1
45.34,18.75,1.734,1.204,0.244,34.73,991.38,0
7.44,87.01,2.886,2.47,0.42,32.26,1014.77,1
40.72,53.2,1.156,0.75,0.14,27.79,1006.53,0
60.71,84.44,2.704,0.42,0.489,15.18,1014.83,0
19.43,83.54,2.462,0.948,0.92,20.92,996.39,1
78.97,92.44,1.913,1.025,0.748,23.35,1014.98,1
119.73,36.81,1.964,1.192,0.842,28.06,992.86,1
54.21,95.48,0.254,1.119,0.805,22.91,1016.5,1
42.57,23.65,2.851,1.233,0.39,31.56,1014.68,1
48.08,17.38,0.321,2.13,0.709,28.26,1007.02,0
13.82,48.85,1.69,0.737,0.754,21.94,1008.25,0
105.99,84.55,0.99,0.056,0.206,30.69,1000.38,0
49.78,52.61,1.29,1.469,0.86,21.06,996.05,0
46.47,84.64,1.831,1.345,0.458,16.26,1003.66,1
79.16,75.67,2.727,0.18,0.016,18.45,1009.72,1
53.04,28.85,1.373,0.401,0.643,15.05,1019.95,0
77.79,95.4,2.963,1.53,0.677,31.65,1014.52,1
7.37,15.47,1.778,0.704,0.552,27.54,1003.03,0
97.65,90.85,0.482,2.633,0.212,26.41,1012.3,1
112.86,37.4,0.57,0.52,0.482,28.24,993.24,1
77.85,55.01,2.148,0.06,0.4,28.07,1002.45,1
114.55,48.01,0.151,1.343,0.975,26.31,1002.75,1
18.17,25.47,1.441,2.958,0.825,31.85,1019.96,0
57.29,42.23,0.445,1.902,0.762,23.82,1001.73,1
72.22,27.36,1.3,1.062,0.181,31.1,992.5,0
69.81,28.35,2.25,0.051,0.331,30.73,992.02,0
48.18,26.84,1.376,1.455,0.38,18.99,1010.95,0
40.57,54.01,0.49,0.619,0.493,24.08,998.67,0
15.22,81.81,0.756,1.943,0.03,31.7,1016.07,1
47.01,61.21,1.103,1.749,0.593,31.62,1004.49,0
19.52,90.39,0.209,0.796,0.358,15.48,999.91,0
88.12,67.29,1.753,0.207,0.562,19.46,1012.77,1
25.06,72.04,1.823,2.265,0.009,23.48,1002.53,1
7.03,70.08,0.186,1.756,0.321,15.94,1012.12,1
66.28,50.45,1.207,2.526,0.769,20.21,1011.42,1
71.43,72.04,1.242,0.779,0.501,20.17,1011.7,0
104.63,16.27,1.001,1.959,0.789,19.29,1015.71,1
69.24,87.39,1.673,0.356,0.699,22.93,1015.45,1
41.46,80.0,1.038,0.875,0.855,31.26,1009.94,1
96.36,32.07,1.249,1.97,0.007,19.88,1018.71,1
64.83,79.12,2.393,2.477,0.261,26.64,990.62,1
9.51,11.14,0.486,0.963,0.549,26.15,1017.91,0
67.9,29.55,1.857,2.397,0.941,31.36,994.45,1
108.96,15.86,1.517,2.033,0.68,22.88,996.35,0
47.56,80.22,0.915,1.046,0.457,19.47,1014.52,0
35.56,78.03,2.183,2.629,0.13,32.83,1002.01,0
17.22,83.23,1.654,1.528,0.493,31.66,1002.76,1
18.17,10.4,1.432,1.945,0.441,27.43,997.84,0
51.93,55.11,2.003,1.487,0.778,16.86,996.73,1
71.48,73.44,2.407,1.358,0.413,15.32,993.19,1
9.67,23.99,2.918,2.544,0.319,18.65,995.9,1
112.75,68.48,1.888,0.884,0.09,18.93,1007.0,1
90.62,17.57,2.623,0.11,0.047,17.72,1011.2,1
70.39,26.32,0.003,2.639,0.439,20.24,1012.17,1
99.41,52.82,1.591,2.475,0.347,21.76,1001.1,1
9.62,68.82,0.644,1.1,0.555,30.09,1017.66,0
57.22,23.13,0.283,0.556,0.712,29.19,999.86,1
75.61,26.67,1.596,2.027,0.04,17.09,993.33,0
99.44,28.4,2.24,0.236,0.496,34.54,1018.36,1
94.02,31.48,1.237,1.271,0.862,30.04,1006.22,0
33.25,30.39,2.01,0.258,0.455,18.27,1019.14,0
112.91,45.56,1.469,1.794,0.521,17.49,1001.81,1
14.92,68.84,1.311,0.082,0.487,16.75,1012.72,0
105.02,49.42,0.871,1.888,0.39,29.64,993.3,0
116.51,79.84,1.148,2.02,0.11,19.73,1015.62,1
21.26,74.73,1.049,1.461,0.126,16.46,995.12,0
86.65,21.39,1.939,0.525,0.179,23.44,992.06,1
4.83,14.4,0.348,0.304,0.793,29.17,992.93,0
48.65,89.01,0.278,0.94,0.275,21.09,1006.72,1
61.95,17.18,1.98,1.396,0.948,24.65,998.76,1
69.68,23.35,1.639,1.927,0.81,18.85,1018.83,1
112.31,11.99,1.291,0.004,0.685,23.58,1015.58,0
80.67,66.55,0.457,2.133,0.72,22.18,1014.1,1
57.75,62.41,1.233,2.138,0.048,23.68,1014.29,0
97.16,98.82,2.369,1.334,0.568,24.31,1016.72,1
114.06,89.82,2.669,1.03,0.941,16.85,1015.96,1
2.65,46.98,2.108,2.527,0.039,16.87,1017.85,0
117.9,43.44,0.18,2.354,0.291,20.21,1018.03,0
10.34,36.72,2.011,2.95,0.052,17.32,998.95,0
97.73,23.72,0.723,1.116,0.57,20.06,996.59,0
33.64,22.43,0.946,2.72,0.116,15.49,1009.29,0
15.86,21.91,0.588,0.262,0.479,22.01,993.7,0
52.78,20.27,2.327,1.234,0.72,19.27,996.33,1
77.27,31.65,1.946,1.396,0.164,32.84,1013.19,0
45.71,37.6,1.836,1.323,0.755,32.16,1009.48,0
6.55,96.54,2.004,1.875,0.06,21.01,1009.53,1
71.94,62.06,0.71,0.511,0.15,24.51,1018.52,1
108.29,98.88,1.334,2.599,0.28,34.12,1010.03,0
45.99,43.52,1.9,1.655,0.796,25.48,1002.92,0
25.96,51.19,1.91,2.713,0.85,31.97,998.41,1
53.11,39.21,2.376,0.008,0.22,31.53,1000.16,0
5.8,26.46,0.861,1.89,0.096,33.83,998.33,0
98.46,22.88,2.311,1.237,0.848,21.11,991.05,1
99.16,95.06,1.321,1.515,0.649,15.87,997.85,1
70.56,98.81,2.011,2.231,0.158,17.08,1015.06,1
42.37,14.04,1.367,0.681,0.558,26.43,1011.85,0
95.97,23.53,2.846,0.615,0.872,25.61,1008.66,1
66.56,48.12,0.538,2.109,0.07,20.97,1017.07,0
99.11,26.77,2.025,1.564,0.084,19.97,997.92,0
75.78,42.75,1.73,0.701,0.274,29.19,1007.33,0
94.13,21.62,0.518,1.452,0.652,21.81,990.94,1
71.83,51.09,0.198,1.379,0.178,27.08,1016.76,0
49.7,34.45,2.397,2.074,0.816,29.25,1003.43,0
114.95,41.67,0.472,0.008,0.75,23.61,995.34,1
64.93,18.49,0.56,1.76,0.561,18.87,997.18,1
72.61,48.53,2.935,1.817,0.116,32.22,1015.45,1
26.46,98.49,2.152,2.237,0.988,16.87,993.26,1
75.08,39.59,0.751,2.668,0.49,31.59,1017.76,0
68.59,88.88,1.773,1.321,0.452,31.73,1001.2,1
22.18,85.89,1.602,1.028,0.996,26.42,997.53,0
7.15,95.69,2.533,0.307,0.864,27.59,999.96,0
72.52,81.11,2.188,1.011,0.456,22.16,1002.27,1
91.64,69.36,2.495,0.205,0.419,31.83,1006.44,1
62.81,87.09,0.635,2.408,0.096,20.27,1007.6,1
27.21,16.81,1.921,2.421,0.927,26.2,1003.43,1
79.98,51.65,0.121,1.252,0.844,15.04,1003.39,1
9.61,99.03,0.207,0.779,0.31,33.8,998.56,0
53.02,79.26,2.141,0.354,0.753,33.97,1001.51,0
19.6,96.59,0.073,2.554,0.763,29.21,1004.01,1
22.14,80.17,1.739,2.632,0.228,23.46,1007.93,0
24.28,88.74,2.521,0.799,0.614,18.57,993.92,1
46.4,73.59,1.14,1.865,0.255,24.85,1012.92,0
6.14,78.45,0.135,0.776,0.79,30.83,1010.42,0
47.74,57.09,2.142,0.675,0.154,27.11,998.96,0
61.4,93.18,2.789,0.064,0.669,25.55,1003.78,1
58.0,84.25,2.152,1.731,0.326,31.99,1018.41,1
45.93,85.95,1.735,0.45,0.036,21.26,990.61,1
100.7,70.57,0.69,0.037,0.124,32.2,1014.34,0
17.44,37.41,0.046,0.315,0.655,23.79,1005.35,0
60.68,13.21,2.084,0.941,0.24,15.05,1008.56,0
7.44,94.21,0.693,2.007,0.631,29.64,1010.54,0
8.54,62.75,2.574,0.608,0.415,32.56,1003.68,0
68.86,36.83,1.399,2.663,0.693,24.69,995.76,1
67.92,23.42,1.592,0.865,0.493,24.09,1017.29,0
105.36,84.66,2.262,0.994,0.309,31.11,1012.21,1
66.94,85.29,2.338,0.654,0.146,32.7,1006.79,0
115.17,83.31,1.928,0.761,0.341,34.49,1003.45,1
5.84,68.06,2.815,0.222,0.635,21.91,1004.98,0
11.76,42.94,2.947,0.884,0.74,26.89,1014.71,1
5.29,37.37,2.841,2.579,0.16,31.46,990.38,0
22.23,10.77,2.473,2.065,0.664,25.64,1015.96,0
64.95,85.02,2.117,2.626,0.179,24.24,991.4,1
77.47,17.87,1.99,0.315,0.222,26.44,1008.48,0
5.47,66.77,0.311,1.367,0.531,22.14,999.99,1
113.52,55.37,0.814,0.688,0.289,18.84,1010.35,1
101.06,57.4,0.017,2.164,0.662,16.33,992.57,1
35.59,93.4,0.412,2.911,0.956,27.2,1006.69,1
9.26,12.85,1.318,2.446,0.149,22.58,1015.66,0
20.39,79.61,0.44,0.106,0.571,32.66,1004.84,0
15.23,14.68,2.705,0.95,0.923,19.46,992.53,0
14.79,13.43,2.417,0.086,0.177,21.21,991.12,0
62.23,48.68,0.215,0.121,0.367,34.41,1008.64,0
29.5,15.68,0.747,0.239,0.124,26.13,992.09,0
42.98,81.02,2.457,0.829,0.642,21.94,992.14,1
118.74,57.66,2.409,0.913,0.669,32.22,1002.76,1
82.12,12.61,2.836,1.201,0.664,29.87,996.29,1
113.88,13.65,2.993,1.215,0.542,26.46,996.13,0
17.11,65.14,2.929,2.314,0.746,32.78,1004.43,1
45.86,82.55,1.23,0.424,0.036,16.88,998.42,1
66.57,49.4,0.751,0.473,0.958,22.89,996.58,0
9.21,59.91,2.275,1.88,0.222,31.21,1005.43,0
0.5,81.98,0.898,1.715,0.122,22.72,998.73,0
80.45,64.95,2.419,0.462,0.941,33.53,992.41,1
77.02,30.23,1.602,2.557,0.83,18.05,1010.48,1
49.29,65.17,2.382,0.987,0.765,21.73,1007.57,1
58.76,66.55,0.828,1.101,0.105,23.51,996.36,1
49.85,76.07,1.524,1.261,0.808,28.74,1007.47,1
2.88,65.88,1.692,0.968,0.609,18.91,1018.67,0
40.24,97.23,2.829,1.672,0.732,15.2,1018.69,0
21.25,27.76,0.8,1.166,0.978,34.53,1005.96,0
11.81,95.6,2.81,0.778,0.194,32.98,992.94,0
114.81,58.45,2.415,2.713,0.504,21.0,1003.75,1
71.92,70.48,2.193,0.925,0.753,24.67,990.81,1
87.44,18.95,2.361,2.095,0.434,24.78,1002.46,1
37.84,44.25,1.816,1.042,0.055,32.38,1017.28,0
47.18,79.24,0.732,1.306,0.111,26.94,1004.02,0
28.43,73.62,0.568,0.708,0.602,31.53,1006.51,0
11.64,13.61,2.599,2.257,0.285,33.24,994.74,0
21.48,59.19,2.175,2.212,0.138,26.32,990.47,0
95.7,17.95,0.64,0.067,0.34,20.71,1019.8,0
81.31,99.63,1.845,0.181,0.201,24.97,1000.15,1
65.63,90.76,1.343,2.767,0.024,32.02,998.38,0
57.01,11.9,0.476,2.666,0.152,26.67,1007.14,0
110.69,87.28,1.596,1.518,0.883,32.91,1012.36,1
8.73,92.75,0.845,1.48,0.012,32.91,997.54,0
33.67,41.82,0.289,2.437,0.774,22.47,1005.72,0
41.99,74.76,1.401,0.415,0.753,23.96,999.98,1
93.89,49.79,1.77,1.961,0.564,28.56,1004.43,0
119.1,68.97,0.141,1.428,0.208,17.22,994.84,1
28.88,40.63,1.206,2.23,0.878,24.31,1005.3,0
104.92,39.03,0.773,0.09,0.475,17.99,991.42,0
99.67,48.2,0.092,1.778,0.173,31.96,1015.2,1
26.96,23.1,0.377,1.67,0.429,33.86,1008.83,0
47.92,84.8,0.417,2.523,0.195,17.83,1018.24,1
49.16,41.38,0.549,2.031,0.376,28.35,1007.99,1
117.39,46.01,2.41,2.64,0.497,27.73,995.46,1
21.71,90.46,1.318,2.662,0.36,30.2,1004.52,0
95.9,54.7,0.441,1.224,0.657,28.92,1009.94,1
40.1,58.98,0.301,0.412,0.936,19.34,1001.23,0
87.7,96.08,0.894,1.891,0.348,20.82,1006.58,0
50.4,89.81,2.394,2.621,0.356,18.3,994.88,1
69.4,25.25,1.093,0.225,0.738,33.42,1013.31,1
99.91,52.59,0.48,1.674,0.531,25.44,1017.29,1
96.5,97.42,1.212,0.345,0.429,34.52,999.45,1
103.97,43.51,1.666,0.081,0.814,23.99,1013.8,1
7.15,43.44,0.089,2.039,0.891,26.05,992.76,0
83.05,27.55,1.883,2.046,0.591,30.79,997.4,0
16.8,20.29,1.185,1.802,0.185,30.94,1003.86,0
49.9,76.63,0.029,2.578,0.466,19.62,1001.59,0
65.83,79.3,2.022,0.243,0.504,20.77,1008.59,0
48.33,97.21,2.137,0.316,0.432,16.96,1006.89,1
62.35,79.61,1.887,2.594,0.262,31.11,992.62,1
119.58,31.9,1.026,1.51,0.472,30.88,993.95,1
16.23,13.61,1.589,0.819,0.447,16.63,991.55,0
81.05,98.69,1.161,2.214,0.209,20.15,1018.58,1
47.52,40.64,2.102,2.683,0.903,24.0,1009.36,1
15.96,38.08,1.751,2.069,0.885,25.84,1015.67,0
19.05,91.54,0.245,2.376,0.76,25.45,1006.24,1
113.91,62.66,1.929,0.847,0.401,34.66,995.82,1
105.55,29.34,2.062,0.866,0.37,30.28,1008.8,1
108.85,90.02,1.112,2.592,0.716,17.26,1005.16,1
118.98,99.4,2.627,1.845,0.608,20.87,1002.25,1
25.0,17.8,2.529,0.702,0.601,21.91,1001.15,0
42.65,87.6,0.525,1.572,0.124,21.3,1009.5,1
80.31,45.15,2.713,2.058,0.618,30.72,1008.53,0
58.06,57.17,1.323,0.656,0.902,22.21,994.55,1
50.21,92.33,2.171,1.965,0.086,24.85,1014.49,1
42.94,97.6,2.442,0.126,0.339,25.67,1009.08,1
71.25,33.59,1.515,0.911,0.509,20.41,1006.07,0
69.07,29.16,1.197,2.022,0.686,21.45,1012.47,1
19.37,17.25,2.746,0.448,0.09,30.6,994.61,0
56.61,60.56,0.693,0.667,0.873,32.33,1017.59,1
66.42,11.22,0.771,2.637,0.041,15.74,998.12,0
68.43,47.07,1.085,2.023,0.858,27.1,997.88,0
25.21,16.6,2.578,1.497,0.028,27.67,1014.45,0
89.07,46.47,2.816,0.633,0.154,29.75,1000.02,1
3.02,13.59,0.66,1.024,0.8,28.88,1014.92,1
42.58,85.17,2.592,1.723,0.86,32.55,999.84,0
93.63,28.88,0.775,0.466,0.982,16.57,1006.52,1
67.67,39.55,2.912,1.445,0.116,22.77,996.93,0
31.34,88.3,1.792,1.227,0.526,30.64,1011.95,1
83.39,77.16,0.021,1.43,0.077,31.93,995.01,0
68.09,29.71,0.102,0.317,0.156,20.3,1016.98,0
95.55,16.47,0.442,0.319,0.174,26.71,1001.15,0
88.2,74.41,0.563,2.892,0.063,18.62,1004.15,1
73.21,45.16,2.303,2.938,0.893,32.02,990.72,1
58.58,78.95,0.668,1.278,0.126,29.61,1019.27,1
15.98,50.08,2.907,2.367,0.629,19.44,1014.4,0
31.36,41.14,1.908,1.967,0.626,27.48,1003.41,0
50.29,50.61,2.078,0.351,0.199,25.19,1017.61,0
71.92,77.37,0.653,0.89,0.998,20.18,1017.93,0
61.64,91.2,2.678,0.941,0.347,32.86,1005.99,0
34.58,14.48,2.003,1.787,0.905,17.96,997.02,0
0.78,57.17,2.593,1.74,0.948,24.35,1004.61,1
59.55,12.96,2.869,2.771,0.949,26.66,999.74,1
34.28,52.16,0.377,2.37,0.753,31.47,1003.44,0
88.15,89.68,0.29,2.571,0.254,18.0,1017.34,1
2.87,42.54,2.41,2.674,0.121,27.18,998.46,0
70.18,93.92,2.598,2.404,0.57,15.13,1015.17,1
112.98,66.75,1.751,0.999,0.36,31.45,1018.06,1
20.93,94.07,1.098,0.645,0.831,19.69,1014.15,1
56.6,78.14,1.958,1.715,0.745,29.42,1005.82,0
10.97,19.31,0.917,2.069,0.276,27.04,1006.92,0
75.08,30.8,0.715,1.16,0.017,16.0,1014.59,0
66.06,45.48,1.464,2.545,0.237,18.66,991.34,1
48.88,25.31,0.648,2.882,0.567,20.35,1012.08,0
62.57,54.54,1.451,1.708,0.079,32.73,1005.87,1
107.59,52.42,2.87,1.37,0.658,24.62,1001.91,1
23.56,96.06,2.519,2.529,0.672,33.27,1013.01,0
2.71,49.04,2.825,0.073,0.169,15.95,997.99,0
103.4,80.71,2.419,0.387,0.596,15.13,1016.87,1
69.25,94.77,1.064,2.537,0.607,33.96,1010.65,1
106.88,88.93,2.436,2.196,0.478,29.48,1008.3,1
71.63,28.78,2.769,1.248,0.953,30.67,1005.69,1
97.22,54.64,2.841,2.667,0.108,33.32,996.38,1
51.56,41.3,2.05,1.054,0.407,34.69,1008.51,0
89.98,45.99,0.634,1.902,0.883,16.95,1011.75,1
109.56,42.47,0.119,1.903,0.386,18.17,990.35,1
68.65,84.37,0.442,0.553,0.425,18.77,1000.99,1
21.69,50.69,2.897,0.855,0.668,31.37,1014.97,0
32.26,57.13,1.386,2.748,0.666,22.11,1008.97,1
23.84,98.42,2.565,0.55,0.023,26.87,1008.46,0
29.62,15.4,1.395,0.521,0.456,32.1,996.86,0
36.77,53.92,1.982,1.439,0.334,28.66,1008.96,0
66.62,79.67,0.072,0.277,0.628,16.31,1013.58,1
70.56,23.6,0.75,2.684,0.556,23.91,1002.05,1
51.18,65.04,1.309,0.3,0.651,16.35,995.46,1
73.85,31.55,1.892,1.85,0.654,24.58,992.32,0
9.79,88.07,0.515,1.019,0.255,19.39,1005.17,1
10.53,39.44,2.294,2.413,0.246,15.03,1010.52,0
20.62,39.62,1.093,1.769,0.37,31.26,994.88,0
62.17,63.84,2.452,1.165,0.242,34.39,1002.64,1
25.68,26.52,0.294,2.952,0.683,34.28,1007.06,0
33.99,35.64,2.039,0.199,0.603,20.98,994.68,0
48.04,47.5,0.88,1.733,0.216,31.58,998.1,1
97.42,41.83,2.386,2.969,0.884,28.58,1008.25,1
1.66,57.24,1.207,2.073,0.461,31.0,1011.75,1
77.93,63.97,1.996,2.219,0.127,31.92,1009.08,1
80.27,61.0,2.803,0.096,0.213,34.61,1011.41,0
95.84,68.88,0.062,0.064,0.54,18.03,1007.45,0
111.93,37.7,0.033,0.108,0.338,30.39,1015.07,1
2.42,21.38,2.311,2.975,0.851,29.68,1014.8,0
18.45,78.47,1.939,2.939,0.495,20.75,1013.89,1
106.34,86.57,0.879,1.004,0.915,22.85,1007.26,1
55.02,33.13,1.483,0.873,0.102,18.54,1019.82,0
67.75,46.64,0.126,0.438,0.669,33.27,991.17,0
79.56,54.87,0.577,0.987,0.886,32.59,995.87,0
81.49,58.0,1.273,1.11,0.293,27.28,1014.27,1
111.81,69.35,2.502,2.245,0.136,25.23,1014.79,1
119.63,13.74,1.439,2.599,0.457,19.66,1014.56,0
86.42,74.93,1.759,2.24,0.961,30.79,1016.18,1
34.47,15.58,2.621,1.939,0.633,15.16,1002.68,1
105.57,52.15,0.926,2.298,0.644,24.26,1017.96,1
5.91,84.49,2.102,2.215,0.672,32.21,996.28,1
27.73,50.61,2.585,1.427,0.04,27.37,1018.11,0
107.69,23.42,0.608,1.008,0.446,27.7,1006.7,0
30.74,98.65,1.069,0.848,0.078,16.41,994.92,0
26.48,90.04,2.939,2.038,0.316,20.73,1012.08,0
16.58,79.42,2.95,2.878,0.822,28.48,998.88,1
103.09,47.04,0.67,1.743,0.656,15.99,996.61,1
60.01,26.55,0.199,2.738,0.996,21.62,995.16,0
80.99,94.73,0.813,0.043,0.172,22.08,990.88,1
28.69,57.91,1.193,2.383,0.397,24.97,1012.94,0
90.96,86.71,1.323,2.561,0.81,22.25,1004.6,1
91.2,40.79,1.856,1.893,0.216,24.08,1019.36,0
37.51,40.18,2.699,2.802,0.154,25.94,1003.18,1
49.28,98.7,0.991,1.77,0.428,17.57,1015.3,1
25.16,56.96,2.55,0.722,0.384,18.61,1019.04,0
117.19,22.66,0.28,0.647,0.98,31.65,990.67,1
77.47,29.77,0.126,1.668,0.456,24.2,993.16,0
112.15,53.37,1.512,2.719,0.861,22.1,1000.44,1
36.41,13.82,0.179,0.217,0.888,23.68,1016.1,0
93.83,51.63,1.177,1.813,0.158,18.5,1015.14,0
91.9,47.7,2.69,2.309,0.715,19.8,1001.0,1
83.0,80.14,0.724,0.346,0.278,25.31,996.0,0
115.88,41.94,2.118,0.35,0.095,22.18,1014.07,0
47.23,98.43,0.907,1.098,0.875,24.51,1007.91,1
15.69,26.27,0.135,0.822,0.292,17.99,990.95,0
80.61,63.19,1.67,0.595,0.345,18.13,1014.13,1
87.52,18.07,2.505,0.596,0.324,22.68,1018.71,0
69.01,76.05,1.228,0.392,0.2,22.58,991.26,1
24.82,99.53,1.852,1.833,0.435,32.67,998.58,0
60.53,83.72,2.7,2.064,0.428,15.67,1014.58,1
37.46,60.01,2.369,2.109,0.409,34.86,1007.54,0
51.3,53.63,0.582,1.597,0.916,34.13,1019.68,1
77.43,85.15,2.2,2.859,0.34,25.85,1017.47,1
89.43,94.24,1.506,2.642,0.03,29.38,995.35,1
27.87,99.03,2.238,2.873,0.178,33.71,1010.22,0
48.64,45.69,1.484,1.166,0.721,20.02,1009.6,1
32.3,99.18,0.384,2.633,0.591,21.31,993.33,0
23.84,24.03,1.71,2.289,0.952,17.22,992.69,1
94.01,32.82,1.476,1.02,0.694,26.28,1007.08,1
109.11,18.01,1.554,0.32,0.194,18.19,1002.09,0
44.43,34.46,2.637,2.048,0.121,33.62,1006.36,0
90.15,79.11,2.685,0.409,0.521,23.63,997.16,1
107.64,86.76,1.361,0.881,0.665,33.39,1006.7,1
101.53,80.1,1.367,1.501,0.166,19.1,1001.5,1
21.94,66.8,1.546,2.04,0.602,28.88,1016.63,1
114.76,56.26,1.559,2.779,0.865,27.95,999.18,1
45.2,73.78,2.851,1.78,0.728,22.99,1016.13,1
40.71,45.18,1.948,2.014,0.664,32.97,1001.7,1
7.49,85.72,0.832,0.93,0.789,23.7,1007.34,0
58.34,70.95,1.595,2.062,0.104,18.97,998.59,1
13.08,72.8,1.882,1.313,0.204,34.54,1014.27,0
29.82,58.23,1.919,2.571,0.038,23.83,1015.31,1
38.03,89.67,1.756,1.177,0.145,19.16,1014.27,1
97.06,32.68,0.533,1.405,0.913,22.27,1009.2,1
105.06,44.3,0.101,1.298,0.222,27.27,999.14,0
36.3,79.99,1.014,2.433,0.662,25.24,1009.09,1
103.04,54.35,1.283,2.861,0.692,27.7,1018.79,1
102.87,90.03,0.185,0.982,0.645,28.24,1009.45,1
91.76,41.18,2.445,1.425,0.554,17.47,1018.69,1
17.6,43.24,1.032,2.118,0.486,21.3,999.14,1
82.84,89.99,2.741,2.686,0.42,29.97,1015.38,1
113.4,51.79,0.463,1.481,0.917,28.01,1011.55,1
81.9,56.45,0.171,0.327,0.01,16.77,1014.58,0
39.79,39.95,1.447,1.106,0.053,21.3,1011.32,1
60.07,34.9,0.567,1.651,0.493,33.63,1004.41,1
77.49,69.04,2.812,1.253,0.331,32.24,1010.6,1
61.27,20.79,0.031,0.56,0.408,28.41,1017.96,0
14.39,89.13,1.238,0.111,0.998,16.46,1002.53,1
37.45,80.13,2.78,2.062,0.775,27.14,1018.55,1
96.29,27.17,1.153,2.978,0.877,15.24,991.48,1
103.37,72.46,0.279,2.758,0.369,28.22,990.43,1
16.48,64.24,0.909,2.05,0.24,29.62,1004.81,0
114.29,26.61,1.494,2.525,0.768,24.94,1015.46,1
39.46,34.59,0.555,0.767,0.808,15.08,997.44,0
79.48,46.81,1.4,1.867,0.55,28.33,1010.8,1
90.22,72.93,2.509,0.182,0.896,31.39,1006.41,1
97.43,67.49,2.618,2.122,0.967,26.72,998.72,1
113.49,57.9,0.148,2.91,0.471,29.18,998.57,1
37.55,79.16,0.483,2.582,0.223,16.81,992.2,1
103.02,78.21,0.826,1.603,0.517,29.31,1006.09,1
15.8,65.61,1.785,2.366,0.99,27.28,1003.5,1
84.6,80.83,1.083,2.832,0.293,21.62,998.68,1
89.04,40.08,2.532,0.648,0.618,28.71,1019.11,1
81.33,89.31,2.15,2.38,0.694,27.91,1014.55,1
30.28,65.34,0.301,0.81,0.214,26.99,1005.75,0
104.77,84.01,1.874,2.631,0.588,18.66,1005.65,1
20.26,59.17,0.339,0.295,0.315,20.92,995.81,1
6.44,29.66,0.765,0.535,0.854,34.83,1009.47,0
86.1,58.82,0.534,2.162,0.715,23.66,1018.61,1
57.06,43.4,0.519,0.524,0.826,16.19,1016.95,0
101.89,72.77,1.849,0.474,0.2,32.98,992.54,1
46.01,52.82,1.691,1.666,0.035,18.46,991.59,0
20.19,85.25,0.528,2.505,0.851,23.07,1018.84,0
100.37,71.03,2.971,0.805,0.387,20.56,996.0,1
65.87,71.61,1.266,2.523,0.18,34.28,1006.51,1
22.7,29.54,0.291,2.424,0.092,22.56,992.24,0
86.45,98.58,0.362,1.737,0.517,29.17,1015.3,1
61.33,85.75,1.752,1.94,0.15,26.97,993.54,1
72.52,81.01,2.937,0.121,0.567,15.86,1009.31,0
55.31,39.72,1.716,1.101,0.727,22.69,991.7,1
99.45,58.21,2.847,0.79,0.535,22.8,994.7,1
99.55,22.34,1.332,0.45,0.904,34.8,1005.36,1
85.13,58.46,1.308,1.169,0.156,31.24,991.37,0
12.65,23.13,1.5,1.065,0.494,32.13,995.87,1
100.66,59.77,2.092,2.187,0.163,21.27,994.09,1
80.52,68.38,1.103,1.794,0.876,21.58,991.22,1
83.64,45.12,2.592,2.739,0.932,25.31,1019.13,1
43.56,54.87,0.088,0.436,0.4,27.62,1003.5,1
105.51,88.81,1.319,0.179,0.306,29.57,1015.77,1
87.04,19.77,1.533,1.604,0.279,31.42,1000.75,1
13.51,81.26,1.821,0.003,0.86,32.46,991.28,0
48.93,25.37,0.828,2.363,0.682,15.49,1010.87,0
106.37,13.3,1.282,1.518,0.881,30.92,991.16,0
5.66,26.7,1.454,1.464,0.118,27.22,1006.58,0
115.37,78.85,2.061,1.087,0.476,25.64,994.17,1
81.5,46.46,2.321,1.125,0.676,27.57,1010.12,0
75.77,88.53,2.213,1.293,0.897,32.64,1016.78,1
32.47,57.22,1.025,0.048,0.382,25.91,1018.67,1
29.86,12.0,2.998,0.251,0.313,18.24,1005.83,0
113.05,74.5,2.546,1.515,0.913,23.74,1005.98,1
35.79,19.92,0.78,0.45,0.048,33.49,991.15,0
93.06,81.04,0.585,2.336,0.48,31.29,1013.1,0
47.17,25.13,0.942,0.823,0.459,19.06,1018.69,0
16.71,41.09,1.357,0.294,0.146,29.28,1003.15,0
1.29,78.51,2.552,0.706,0.395,20.12,1013.81,0
65.31,95.88,2.335,1.071,0.723,21.97,1013.92,1
117.09,43.43,2.554,0.106,0.367,24.38,1013.57,1
44.3,84.65,0.816,0.425,0.31,23.82,1012.76,0
42.86,27.17,1.78,0.972,0.782,15.59,996.45,1
41.29,82.65,0.85,0.931,0.989,30.48,1012.54,1
62.47,69.17,0.327,2.401,0.779,31.93,994.33,1
52.88,27.35,2.053,2.53,0.846,25.62,1011.38,0
105.59,37.23,0.429,0.58,0.94,18.46,990.11,1
60.66,21.86,2.003,0.372,0.802,19.96,1017.56,0
60.93,44.47,1.944,1.902,0.98,17.53,1014.82,0
16.6,28.33,2.431,2.414,0.747,18.39,1010.49,1
117.93,67.96,0.419,2.891,0.662,32.53,992.83,1
30.0,99.51,2.35,0.02,0.693,24.6,1014.75,0
8.8,11.08,2.998,1.241,0.9,17.22,1016.26,0
79.58,58.68,2.553,2.202,0.683,20.09,1010.64,1
71.44,61.63,2.255,2.486,0.761,33.99,1019.28,0
49.82,92.28,1.986,0.187,0.216,25.19,992.79,1
50.66,55.54,1.265,2.042,0.913,25.31,1011.26,0
94.21,58.93,2.192,0.867,0.447,25.51,1005.74,1
23.49,52.45,2.173,0.224,0.161,17.23,994.37,0
98.43,34.2,1.894,1.467,0.8,34.41,1009.75,1
77.85,15.04,2.389,0.474,0.356,16.69,1013.99,0
50.28,46.78,1.346,2.211,0.184,29.0,994.94,1
54.96,14.73,0.364,2.224,0.256,16.16,1013.8,0
30.8,59.54,1.677,2.526,0.035,23.87,992.79,0
90.25,37.66,0.795,1.133,0.091,32.99,1007.74,1
61.54,58.02,1.153,0.04,0.593,30.37,1013.95,0
38.5,22.09,0.052,0.779,0.866,21.69,994.38,0
71.53,93.94,1.148,1.403,0.449,26.03,1007.15,1
119.49,90.51,2.426,2.082,0.626,18.31,1002.75,1
52.23,27.1,1.628,1.146,0.81,34.12,1008.22,1
110.48,40.91,0.029,1.608,0.357,29.17,1002.73,1
41.4,65.21,1.41,1.573,0.654,22.49,997.53,0
6.57,18.61,0.874,0.495,0.35,21.36,997.61,0
24.51,41.91,1.433,1.869,0.643,19.77,1015.94,1
50.24,32.6,1.214,1.318,0.218,30.73,994.69,0
26.36,92.4,2.796,2.424,0.978,23.69,993.69,0
0.03,86.73,0.124,2.072,0.076,21.6,992.91,0
109.8,62.18,2.051,0.334,0.505,33.1,992.22,0
101.27,56.83,2.553,1.466,0.286,18.0,990.43,1
89.08,93.77,2.878,2.107,0.601,20.28,994.81,1
20.14,93.92,0.533,0.261,0.428,21.9,995.78,0
14.44,97.24,1.594,2.377,0.307,20.2,998.09,1
8.11,21.28,0.131,0.666,0.25,26.71,993.72,0
86.88,24.45,1.498,1.509,0.182,27.02,992.82,1
111.46,70.91,0.376,2.822,0.783,16.09,1006.24,1
51.66,58.73,2.514,1.714,0.222,17.89,1011.56,0
14.3,11.66,0.342,1.272,0.774,18.97,1008.91,0
61.49,15.58,1.54,0.02,0.485,16.41,1006.7,0
41.86,89.93,1.563,0.4,0.072,17.5,1003.22,0
44.98,88.2,2.915,1.736,0.165,19.79,1009.02,1
74.56,42.15,1.965,1.481,0.893,21.91,1017.06,1
86.25,90.19,0.864,1.091,0.603,30.83,1008.82,1
13.27,63.43,0.722,2.77,0.184,19.36,991.83,1
4.27,82.53,0.385,0.997,0.704,28.4,1007.11,0
119.32,48.47,2.27,1.611,0.823,16.16,1005.73,1
27.93,20.21,2.072,1.706,0.331,28.16,1003.56,0
6.46,49.04,1.83,1.582,0.557,30.89,1007.06,0
22.79,51.16,0.123,1.433,0.293,27.1,1010.18,0
4.67,59.58,2.288,1.011,0.08,19.03,991.12,0
47.02,19.5,1.926,2.726,0.4,21.61,1004.41,0
96.29,99.23,2.892,1.352,0.751,31.1,1014.52,0
40.95,31.97,1.762,1.585,0.459,23.64,1005.92,1
53.3,27.87,0.912,1.969,0.405,20.1,992.04,0
81.07,57.41,1.145,0.203,0.366,33.65,1013.25,0
61.07,58.35,0.528,2.344,0.459,27.75,1018.24,0
103.37,49.58,2.169,1.538,0.318,31.11,1015.56,0
103.92,79.47,2.123,1.972,0.612,15.49,1000.88,1
1.19,56.5,0.602,2.316,0.064,21.79,1006.04,0
93.37,64.87,0.475,2.622,0.807,24.18,1007.74,0
55.29,75.14,0.231,1.177,0.173,26.75,1011.47,1
118.66,12.25,2.736,2.434,0.633,18.8,1009.98,0
57.99,61.36,0.699,0.777,0.45,24.96,995.97,1
118.43,89.58,1.032,1.981,0.773,28.71,1015.29,1
90.55,11.56,0.842,0.308,0.826,21.92,1015.48,0
29.83,46.47,1.241,0.06,0.204,28.83,1002.13,1
64.61,93.36,2.142,0.287,0.677,22.79,993.93,1
119.06,41.78,2.612,0.958,0.19,24.39,1008.26,1
102.9,51.29,0.548,0.093,0.124,17.69,1000.72,1
11.68,98.34,2.059,1.891,0.93,28.03,1012.24,1
84.76,27.94,1.058,0.95,0.164,19.49,999.47,0
41.47,15.87,2.942,2.209,0.228,31.58,997.89,0
0.84,87.35,0.897,0.138,0.13,26.07,1016.03,0
48.42,88.16,0.022,0.65,0.47,26.21,1008.47,0
28.17,52.49,1.547,1.224,0.92,33.25,992.58,1
98.26,56.28,0.452,1.148,0.264,18.35,1010.68,0
40.48,85.22,0.133,0.393,0.542,25.6,1012.58,1
99.3,76.47,2.095,2.982,0.411,22.64,997.06,1
0.07,33.86,2.197,0.853,0.336,34.33,1019.03,0
36.94,11.52,1.382,2.163,0.572,30.85,1001.19,0
28.94,53.17,2.031,0.66,0.559,30.15,1018.22,0
28.03,87.3,1.615,2.634,0.359,19.08,998.81,1
8.18,90.63,1.889,1.163,0.851,19.75,1008.28,1
22.45,96.06,1.79,2.703,0.053,15.58,1005.53,1
66.67,89.16,1.997,1.026,0.085,27.77,1019.76,0
34.96,62.2,0.599,0.026,0.991,22.42,1002.25,0
50.09,50.01,0.806,1.551,0.748,21.24,995.38,1
45.22,79.74,1.32,1.574,0.804,27.74,1015.0,1
105.11,76.58,1.338,0.36,0.603,31.57,991.26,1
108.64,58.43,2.323,0.705,0.42,17.66,1016.55,1
59.15,17.86,1.102,2.35,0.629,33.37,993.32,1
39.62,93.35,0.488,0.11,0.093,15.69,1007.16,0
12.82,51.0,0.754,1.469,0.758,16.9,1011.4,0
114.41,42.7,0.644,1.591,0.541,31.76,1000.09,1
7.23,66.66,2.195,2.066,0.957,24.85,1015.34,1
35.72,70.65,1.411,0.112,0.637,33.79,1007.81,0
35.77,28.96,2.126,1.757,0.152,24.23,1001.85,0
38.45,85.32,1.249,0.009,0.478,33.52,999.76,0
19.71,36.09,2.669,0.796,0.058,19.79,993.36,0
93.98,26.8,2.951,1.499,0.745,27.33,1009.21,1
14.7,46.58,2.01,2.734,0.502,34.89,1000.92,0
76.19,75.75,2.591,0.38,0.37,22.52,999.62,1
14.86,96.89,1.524,0.508,0.969,15.03,1018.5,0
8.46,82.84,2.804,2.008,0.941,16.28,998.18,0
109.13,94.63,2.495,1.125,0.953,32.18,1016.3,1
22.82,22.65,2.975,1.87,0.221,24.84,1019.25,0
98.55,16.41,1.869,2.992,0.729,25.73,1014.68,1
65.36,60.19,2.338,2.961,0.945,30.99,990.59,1
9.34,36.13,1.629,1.061,0.571,31.23,1016.06,0
114.65,84.52,0.777,1.512,0.214,24.55,996.4,1
29.64,70.48,1.064,2.714,0.818,32.16,1000.6,1
103.16,97.37,2.682,0.277,0.88,24.37,1019.75,1
20.26,32.93,0.168,1.357,0.703,28.5,1002.15,1
102.47,53.72,1.774,1.133,0.294,15.67,1009.65,1
1.59,55.11,1.117,0.885,0.191,17.76,999.32,0
61.41,31.53,1.16,2.983,0.624,32.03,1001.08,1
92.33,63.11,2.654,2.201,0.483,21.26,1007.93,1
112.18,49.9,2.561,1.166,0.669,21.69,1018.45,0
109.1,50.2,1.797,2.487,0.112,28.26,998.47,1
98.35,42.65,0.819,1.469,0.136,26.85,997.42,0
106.58,11.52,1.426,2.618,0.363,16.64,990.79,1
23.91,56.99,1.225,0.799,0.259,30.32,996.06,1
34.1,40.17,1.061,0.671,0.619,27.34,997.87,0
34.68,10.12,0.308,0.742,0.368,32.11,991.89,0
45.25,37.71,1.629,1.615,0.684,25.71,1006.91,0
47.2,35.08,0.905,0.874,0.769,23.29,993.8,1
65.35,45.41,1.982,0.441,0.187,22.43,1005.33,1
19.19,21.87,0.958,2.984,0.92,15.09,995.67,1
82.95,55.69,1.293,2.701,0.787,15.8,1018.07,0
20.11,72.32,0.157,1.905,0.627,17.62,999.21,0
37.24,66.72,2.978,2.675,0.909,33.59,992.79,1
60.4,82.34,1.523,2.806,0.266,32.61,1015.08,1
95.57,50.68,0.073,2.028,0.422,24.94,1002.06,0
88.74,56.72,1.624,1.556,0.086,18.6,1014.6,0
77.46,82.94,2.611,2.646,0.456,17.92,999.37,1
18.69,48.49,2.318,1.703,0.506,20.12,1005.0,1
65.65,73.14,2.103,0.38,0.616,33.17,1003.36,0
10.49,49.11,0.418,1.101,0.064,25.43,1006.74,0
45.28,47.6,1.973,1.338,0.032,31.08,1002.05,0
49.62,78.42,2.299,2.806,0.42,25.14,1004.9,1
4.78,25.74,1.717,1.978,0.189,27.19,1010.38,0
32.88,40.47,2.678,2.626,0.759,27.2,1002.44,0
114.68,30.18,0.831,2.273,0.669,15.63,1010.53,1
114.44,42.32,0.726,0.93,0.326,23.91,1011.43,1
42.28,30.73,2.609,2.156,0.046,32.28,1012.47,0
5.17,62.15,1.876,0.586,0.182,24.78,1004.13,0
21.49,81.84,0.004,1.224,0.692,23.71,990.11,1
47.07,80.8,1.059,2.418,0.99,25.53,1012.61,1
113.73,42.81,2.574,1.836,0.326,22.62,1017.27,1
16.94,98.99,0.082,2.476,0.802,25.31,1009.58,1
91.62,63.45,0.01,0.764,0.867,17.71,1005.74,0
13.04,45.95,0.844,2.249,0.048,34.36,1006.79,0
117.75,85.2,2.742,0.607,0.916,15.68,1009.22,1
45.79,75.69,2.704,1.636,0.466,24.66,1019.96,1
93.03,77.43,1.556,1.301,0.964,19.2,991.86,1
41.11,27.65,1.66,1.669,0.539,16.17,990.64,1
75.32,52.15,0.996,0.407,0.235,28.03,1018.93,1
23.04,87.56,0.731,1.084,0.975,34.7,1003.21,1
17.52,55.36,2.446,2.001,0.243,29.99,1008.37,0
112.57,71.51,0.319,1.676,0.882,20.08,1012.6,1
110.12,62.91,1.462,1.647,0.173,24.87,1012.26,1
106.5,85.81,1.903,1.532,0.675,16.0,1009.42,0
75.05,35.61,0.311,2.832,0.411,25.63,1004.16,0
96.99,61.79,1.559,2.804,0.972,16.99,1007.28,1
8.28,21.09,1.733,1.08,0.185,30.89,1011.89,0
40.17,72.12,2.227,1.056,0.409,16.13,1015.52,1
37.64,75.88,0.705,1.665,0.64,15.19,993.82,0
76.28,13.86,0.88,0.287,0.978,32.23,998.34,0
42.71,70.82,1.709,0.909,0.304,33.85,1001.93,0
17.82,47.32,2.949,0.693,0.397,16.73,1009.96,1
71.58,21.17,0.652,0.67,0.462,20.58,1001.87,1
97.73,47.79,2.958,1.916,0.253,29.83,997.17,0
45.85,27.48,2.143,1.153,0.817,25.79,990.99,0
15.87,47.4,2.478,0.513,0.092,33.98,1015.28,0
23.6,44.59,0.269,2.663,0.705,22.78,1002.57,0
28.5,76.46,0.901,2.622,0.534,15.07,999.88,1
35.99,79.68,0.173,2.587,0.242,15.39,1005.92,0
77.14,64.63,1.115,1.172,0.493,26.3,993.69,0
72.11,12.04,2.944,0.171,0.83,30.04,1001.92,0
83.53,93.79,0.316,0.32,0.445,30.81,1012.55,1
43.5,71.76,1.687,0.828,0.122,33.23,1012.08,1
98.88,13.08,0.018,0.66,0.041,19.58,1013.16,0
24.49,83.69,2.138,2.622,0.778,29.77,1004.02,0
56.28,28.02,0.592,2.959,0.33,31.54,1001.07,0
96.11,62.13,0.389,2.45,0.931,31.73,1014.94,1
21.62,52.0,1.011,2.19,0.617,23.23,995.2,0
13.18,47.79,2.313,1.766,0.436,27.52,1011.75,0
106.04,90.07,0.32,2.31,0.564,26.03,1016.64,1
41.15,49.36,0.69,2.841,0.457,26.95,998.58,0
82.06,16.78,0.025,1.804,0.906,20.64,995.93,1
3.04,95.2,2.905,0.464,0.458,28.66,1005.38,0
82.81,92.85,1.776,0.492,0.104,29.2,996.49,1
37.93,71.6,2.16,1.752,0.597,18.92,1016.12,1
6.69,52.11,1.954,1.0,0.623,23.87,997.33,0
73.18,18.36,0.433,2.731,0.765,23.44,999.42,1
28.9,81.17,1.785,1.835,0.933,29.98,1016.65,1
46.42,16.79,0.394,2.029,0.443,28.33,996.17,0
9.67,16.17,1.204,0.017,0.352,24.52,1016.54,0
17.66,58.36,1.707,1.497,0.491,28.05,996.29,0
35.76,24.41,1.677,1.293,0.9,20.26,1017.35,0
10.77,10.7,0.357,2.118,0.98,19.65,999.53,0
109.3,48.08,0.103,1.148,0.971,19.8,997.39,1
0.73,22.35,2.395,2.93,0.23,15.59,1004.32,0
58.06,24.45,2.178,2.011,0.497,28.82,1001.08,0
14.79,16.92,0.245,1.98,0.259,34.72,996.05,0
36.92,28.46,0.382,2.758,0.368,21.18,1000.15,0
111.13,74.39,2.678,2.986,0.032,33.6,1011.4,1
19.4,82.8,2.307,0.593,0.161,27.13,1014.96,0
115.9,50.73,2.988,2.432,0.397,19.5,1014.62,1
24.7,55.59,0.762,0.487,0.365,15.24,1012.7,0
88.99,12.94,1.463,1.371,0.279,29.47,990.16,1
65.6,16.24,0.709,0.301,0.23,28.93,1002.8,0
106.14,33.18,1.868,1.87,0.749,19.59,995.07,1
66.48,58.95,0.346,1.406,0.295,21.65,992.2,1
64.15,76.56,0.382,1.886,0.707,32.96,1012.08,0
23.45,64.45,0.216,2.034,0.369,18.14,1013.8,0
19.95,45.29,2.081,1.858,0.802,31.71,1014.44,0
109.98,20.65,1.482,0.882,0.167,18.38,1016.71,0
39.34,80.27,1.853,2.511,0.158,24.63,1007.7,0
44.65,42.74,2.638,1.655,0.68,24.98,1019.94,0
91.18,76.24,2.221,1.47,0.915,24.44,1004.51,1
40.66,56.17,1.385,2.961,0.143,20.76,1016.5,0
114.25,76.48,2.953,0.851,0.074,20.07,993.39,1
88.55,91.66,1.369,1.584,0.935,29.66,994.47,1
71.69,92.89,0.337,2.047,0.117,20.51,1007.71,1
105.71,58.16,2.978,0.376,0.25,27.2,993.72,1
5.95,56.04,0.068,1.063,0.929,31.93,992.26,0
30.85,33.91,1.65,2.405,0.803,31.74,995.88,0
55.8,94.22,0.927,0.71,0.343,18.34,1013.63,0
27.24,51.21,1.511,1.48,0.955,28.09,1017.82,1
89.27,21.48,1.676,1.892,0.568,27.05,1000.0,0
110.3,48.94,0.72,2.013,0.072,20.64,1019.24,0
50.85,21.43,1.671,2.185,0.703,22.83,1014.29,0
41.06,55.23,2.268,2.598,0.537,20.7,996.78,0
115.39,60.51,0.8,1.179,0.573,25.74,1007.58,1
53.38,40.4,1.15,2.12,0.994,31.07,1019.45,1
58.69,16.45,0.805,2.197,0.153,32.55,1015.46,1
42.2,94.92,2.462,0.901,0.657,29.46,1000.9,0
109.15,79.6,2.175,2.904,0.459,24.67,999.19,1
68.27,85.5,2.614,2.596,0.272,34.16,1014.58,1
91.46,43.02,0.51,0.87,0.694,26.28,1006.47,0
97.42,78.47,0.221,2.025,0.668,24.57,994.9,1
41.02,53.68,0.358,2.153,0.856,32.14,999.83,0
52.04,28.1,0.483,1.294,0.879,18.69,1009.85,0
101.82,21.2,1.599,2.591,0.562,18.16,994.59,1
43.59,41.05,2.913,2.071,0.326,30.65,1010.96,0
95.27,22.38,1.072,1.974,0.53,32.41,1011.3,1
112.92,99.84,2.876,0.663,0.359,16.46,998.12,1
74.79,14.43,0.115,1.224,0.277,30.28,1001.94,0
89.0,49.7,2.781,1.302,0.552,23.49,1018.06,1
96.61,50.69,0.543,2.201,0.658,29.07,1012.48,0
101.4,37.06,2.737,1.855,0.591,17.7,1013.63,1
47.41,61.42,0.169,0.258,0.954,34.46,1005.49,0
6.15,23.5,2.845,0.923,0.299,32.63,996.39,0
48.23,80.55,0.602,1.419,0.372,23.12,1007.74,1
80.85,39.92,0.908,2.21,0.668,32.87,1013.16,0
54.04,63.22,1.473,2.231,0.6,32.9,990.12,1
89.88,74.41,1.142,1.472,0.002,24.23,993.41,1
42.84,90.01,2.003,0.351,0.312,33.94,1004.23,0
76.17,85.22,2.924,0.879,0.254,34.54,1003.12,1
22.37,64.75,1.819,0.764,0.84,19.34,1019.47,0
89.92,44.96,2.164,2.343,0.866,16.33,992.76,1
65.48,55.29,0.264,0.54,0.284,21.62,999.71,1
24.49,79.19,1.883,1.395,0.102,24.78,1014.45,0
35.03,88.98,1.362,2.012,0.205,16.85,1008.37,1
89.83,19.34,2.657,2.894,0.177,17.81,1006.85,0
57.91,44.64,1.165,2.998,0.237,34.43,1012.24,0
25.92,79.85,2.038,2.859,0.235,29.75,991.2,1
116.07,48.85,0.684,2.155,0.48,32.5,1018.42,1
85.82,39.9,0.778,2.239,0.32,34.42,995.74,0
114.86,47.02,1.128,2.278,0.56,22.56,992.46,1
51.25,64.26,0.912,2.588,0.344,28.76,1000.17,1
57.01,99.98,0.762,2.855,0.815,18.68,1011.07,0
107.75,54.37,0.149,1.337,0.951,26.03,996.94,1
63.01,28.76,2.51,1.25,0.404,19.2,991.5,0
84.87,24.66,0.193,1.381,0.049,18.21,991.72,0
30.26,13.81,2.662,1.979,0.24,16.97,997.7,1
53.61,60.29,0.376,2.326,0.102,26.59,994.06,0
14.81,59.01,0.196,2.612,0.345,34.0,1001.17,0
24.72,28.47,1.689,1.369,0.645,17.44,995.19,0
0.11,72.58,1.507,1.09,0.519,25.05,1000.33,0
4.71,76.7,1.474,2.95,0.243,28.74,1003.33,0
117.27,33.32,1.724,0.696,0.767,24.92,1012.28,1
29.08,40.97,0.861,0.666,0.131,33.24,996.82,0
79.6,99.14,1.989,2.146,0.228,18.33,1004.25,1
100.69,43.68,1.507,0.539,0.676,15.48,1014.46,0
66.08,78.47,1.004,1.198,0.197,22.66,1019.59,1
18.38,50.75,2.48,0.877,0.679,26.11,1006.72,1
87.37,81.4,2.183,0.506,0.977,20.09,1002.97,1
72.03,79.21,1.181,1.739,0.831,18.37,1008.95,1
87.75,70.1,2.543,1.121,0.16,31.1,1004.59,1
92.37,86.93,2.761,1.387,0.52,18.77,994.94,1
117.05,94.53,1.611,0.588,0.422,23.85,1003.78,1
68.83,62.2,0.645,2.304,0.992,34.09,1019.37,1
41.0,31.37,2.747,0.944,0.964,27.25,1009.21,0
77.82,45.88,0.568,1.028,0.127,24.95,998.5,0
8.21,78.25,0.145,0.756,0.909,22.21,1018.41,0
107.69,68.58,0.982,1.303,0.193,25.41,1001.66,1
14.33,26.0,2.181,1.391,0.319,29.69,1001.7,0
39.34,14.61,2.77,1.589,0.353,31.45,1008.5,0
97.89,71.47,1.912,2.903,0.287,28.0,1007.07,0
71.68,32.6,2.856,2.714,0.853,30.81,998.71,1
47.24,54.97,0.277,1.828,0.33,16.77,1004.01,1
56.81,77.21,0.182,0.117,0.817,15.29,999.98,0
102.55,60.64,1.813,1.837,0.994,29.69,1012.13,1
40.8,17.5,2.898,0.269,0.841,20.23,993.68,0
104.36,26.7,1.508,2.131,0.346,32.55,1012.51,0
10.58,29.74,0.155,1.17,0.711,25.72,994.84,0
93.22,33.21,0.664,2.513,0.534,24.57,999.18,1
101.71,60.89,0.734,2.828,0.787,30.46,1000.0,1
21.82,55.36,1.014,1.251,0.153,29.82,1019.71,0
51.64,28.28,0.131,1.382,0.638,29.09,1007.69,0
19.86,16.08,2.715,1.77,0.774,28.8,1013.33,1
84.79,25.43,1.547,0.591,0.761,25.31,1006.66,0
64.24,98.59,2.013,2.782,0.964,33.53,1019.49,1
76.24,52.17,0.202,1.299,0.058,32.81,995.32,1
23.58,88.06,0.162,0.5,0.346,21.59,1008.15,1
25.41,86.39,1.759,2.288,0.477,31.09,1013.92,0
4.98,56.04,2.662,0.657,0.31,32.82,1008.86,0
38.65,73.6,1.585,0.431,0.31,27.37,1016.91,0
67.17,27.35,2.633,1.689,0.176,26.11,1008.02,1
102.95,71.96,2.433,2.014,0.813,28.44,1014.79,1
80.03,34.51,0.228,1.709,0.908,18.26,995.27,1
52.25,84.89,0.606,1.97,0.082,16.75,997.86,1
114.37,17.54,1.973,0.347,0.155,31.4,1003.32,1
86.31,79.58,1.331,1.428,0.228,26.47,1015.55,0
111.62,18.99,0.872,1.071,0.509,17.45,1002.8,1
63.31,89.31,1.256,2.92,0.791,23.33,1008.82,0
31.07,37.38,1.336,0.149,0.071,20.96,1001.87,0
6.34,68.9,2.732,0.895,0.637,32.51,1014.17,0
87.13,53.88,0.31,2.826,0.149,25.14,996.01,1
14.56,42.97,0.839,2.95,0.971,26.55,1007.81,0
36.33,68.09,1.613,2.475,0.899,19.71,1007.34,0
63.9,95.28,2.095,0.228,0.95,30.98,1002.1,1
67.73,13.71,1.892,1.684,0.106,33.6,1011.15,0
72.07,92.7,2.825,1.2,0.488,30.85,990.85,1
19.95,64.82,2.387,2.419,0.165,24.86,1015.24,0
45.57,82.66,1.671,0.165,0.6,31.7,1000.44,1
74.06,44.55,0.644,0.591,0.233,18.76,1013.79,0
116.38,52.47,1.353,1.468,0.771,17.27,999.15,1
87.32,88.2,2.08,0.473,0.644,23.76,995.64,0
110.71,47.34,2.514,2.078,0.572,18.63,1001.68,1
91.47,58.12,2.879,2.462,0.825,20.18,1013.92,1
71.01,11.82,1.816,2.114,0.5,26.7,1011.11,1
23.04,24.27,1.581,1.321,0.27,23.08,1002.03,0
80.0,67.75,0.053,2.635,0.621,32.32,1018.14,0
74.81,74.53,0.216,0.413,0.957,19.51,1002.26,1
72.3,62.43,0.468,0.781,0.601,34.94,1000.52,1
58.77,22.9,0.164,1.469,0.63,22.19,994.34,0
63.44,50.09,1.203,0.184,0.935,25.31,992.11,1
40.13,41.96,1.011,0.287,0.515,17.65,1000.5,0
62.32,54.61,1.912,1.192,0.996,26.59,992.76,1
23.71,88.33,1.607,2.832,0.16,34.23,1003.88,0
96.62,79.83,1.788,2.725,0.537,29.99,1015.8,1
22.29,17.56,1.416,1.398,0.213,19.88,1004.28,0
10.2,90.13,0.833,0.426,0.453,23.85,1004.42,0
52.35,52.46,2.858,0.534,0.171,23.51,997.6,0
79.0,76.95,0.259,1.133,0.223,16.96,994.99,0
52.53,22.6,2.817,0.63,0.211,32.72,996.67,1
33.21,70.36,0.934,0.249,0.32,22.63,1007.04,0
66.98,31.27,1.538,2.021,0.135,24.89,1007.75,0
41.64,49.45,0.327,1.744,0.809,20.82,996.61,1
111.94,11.52,0.213,0.874,0.221,18.05,1001.97,0
110.72,23.64,1.289,2.337,0.417,33.04,1007.06,0
60.28,18.29,2.225,2.328,0.016,15.75,1012.81,0
39.35,31.58,0.808,1.473,0.105,23.0,999.59,0
88.46,19.0,1.687,0.29,0.896,29.61,998.14,0
4.41,72.27,0.836,2.755,0.837,21.18,1011.91,0
56.97,12.61,1.166,2.006,0.841,23.92,1005.41,1
40.36,65.6,2.719,0.741,0.411,26.29,1015.7,1
110.46,22.66,2.568,1.831,0.142,34.9,996.33,1
1.44,95.06,1.548,1.215,0.108,30.17,1013.13,0
66.34,93.98,0.714,1.906,0.606,34.34,994.86,1
88.88,30.3,0.58,1.422,0.828,28.86,1007.54,1
58.2,65.3,2.862,1.456,0.9,20.38,998.51,1
10.25,12.52,0.608,2.208,0.289,20.75,993.03,0
116.7,93.86,2.425,1.841,0.321,31.45,1008.5,1
62.16,57.07,1.107,0.24,0.101,23.55,1005.2,0
73.7,13.89,2.957,0.196,0.774,22.4,1004.58,0
28.39,40.82,1.104,0.915,0.276,33.9,1007.78,0
58.02,16.92,1.055,1.291,0.481,15.26,1001.17,1
51.5,45.36,1.912,0.826,0.929,25.5,1010.11,1
8.99,70.29,2.885,1.954,0.752,30.5,993.93,1
12.74,52.29,2.929,0.585,0.053,29.72,1011.45,0
100.5,44.53,2.122,2.112,0.008,22.35,1007.39,1
28.78,20.72,2.264,2.319,0.787,25.71,1004.59,0
23.39,32.04,1.69,0.373,0.553,15.11,993.83,1
60.59,19.01,2.267,1.952,0.72,25.7,998.35,1
92.25,82.67,2.579,2.884,0.157,26.81,998.86,1
7.43,22.17,1.458,0.578,0.872,32.5,997.01,0
69.22,63.58,1.86,2.728,0.773,19.21,1018.63,1
14.31,40.85,1.612,1.818,0.891,31.5,1017.47,1
4.38,30.34,1.687,1.773,0.341,29.36,1006.38,0
6.33,67.55,2.67,0.156,0.276,28.32,996.17,0
100.1,51.13,1.067,2.245,0.152,22.89,1017.33,1
14.16,46.01,0.625,1.435,0.93,22.35,1012.48,0
5.42,63.36,1.369,2.164,0.177,29.07,991.16,0
52.55,54.21,0.624,2.428,0.119,34.8,1004.72,0
101.28,37.31,1.495,1.571,0.193,23.11,1008.15,1
31.49,60.32,2.711,0.791,0.771,33.37,991.99,1
50.61,70.25,1.852,0.425,0.89,26.73,991.49,1
4.79,12.4,2.566,0.482,0.811,32.36,1003.91,0
53.89,51.93,0.499,2.601,0.563,19.34,990.06,1
69.31,15.19,2.703,0.371,0.994,30.24,991.41,0
68.51,26.78,1.805,1.154,0.069,31.7,994.95,1
39.89,60.45,0.095,1.003,0.867,31.64,1017.3,1
37.86,87.96,1.899,2.596,0.428,30.69,1012.99,0
12.79,89.45,2.854,1.433,0.455,21.08,1003.51,1
44.02,16.29,0.238,2.989,0.128,25.44,1004.38,0
11.94,47.72,1.747,2.211,0.033,20.99,1010.58,0
91.99,62.47,2.746,2.553,0.317,21.86,1004.23,1
115.95,23.24,0.029,0.296,0.175,21.02,991.92,1
116.41,78.89,1.893,0.759,0.483,20.68,1012.16,1
103.81,76.98,1.425,0.406,0.147,28.87,991.73,1
72.1,91.3,1.041,1.391,0.138,28.01,1004.58,0
84.1,10.76,1.883,2.155,0.877,19.09,1015.85,0
34.22,29.5,0.158,0.507,0.921,28.83,993.52,0
75.69,84.45,2.259,0.391,0.964,20.82,1011.2,0
54.68,70.35,0.013,1.844,0.681,19.03,991.39,1
57.84,90.5,0.921,0.691,0.771,29.95,1019.79,0
90.93,15.15,1.512,1.438,0.836,22.26,1010.46,0
33.83,63.73,1.131,0.153,0.659,26.39,1019.07,0
38.16,61.21,0.922,2.042,0.33,19.0,1010.05,0
110.96,13.21,2.493,1.624,0.156,27.27,997.27,0
6.75,56.22,2.804,1.942,0.237,19.16,1017.79,0
58.28,64.86,2.621,0.826,0.84,18.34,1008.8,1
109.54,27.22,1.567,0.836,0.696,22.73,1007.28,1
73.24,34.6,2.652,2.404,0.456,30.8,1002.87,0
65.57,67.63,2.763,2.156,0.029,18.53,998.54,1
29.97,52.15,1.228,1.739,0.266,17.34,1005.9,0
41.19,87.22,0.85,1.884,0.729,15.63,1000.98,0
102.25,40.81,0.295,0.282,0.512,23.32,1015.62,0
67.11,34.0,1.437,2.569,0.436,20.64,990.86,1
61.77,98.64,2.839,2.31,0.314,20.84,1005.9,1
11.95,92.0,1.683,1.771,0.607,34.64,1015.1,1
1.92,12.61,2.003,2.756,0.966,18.88,990.83,0
115.64,79.37,0.339,0.506,0.901,24.17,998.47,1
45.24,19.93,0.431,2.06,0.03,34.73,991.55,0
72.39,12.47,1.393,2.889,0.481,15.61,1007.85,1
9.57,34.63,2.854,0.93,0.329,28.93,999.5,0
81.97,34.24,1.082,0.046,0.511,22.42,1018.79,0
111.91,83.74,2.632,2.205,0.606,33.12,1008.49,1
69.08,73.96,0.361,0.021,0.2,33.24,1006.85,1
15.13,98.34,1.851,2.618,0.782,22.74,1017.52,1
69.81,74.04,1.802,0.169,0.475,19.43,996.71,1
91.96,47.64,2.58,1.958,0.992,23.56,1006.87,0
48.77,72.9,0.01,1.132,0.025,34.31,1006.28,0
105.58,99.95,0.57,0.61,0.19,20.63,992.46,0
77.84,73.91,0.659,2.695,0.69,34.63,1017.96,1
107.91,78.55,2.85,2.239,0.695,31.39,1011.01,0
74.82,94.45,0.461,1.021,0.582,20.35,1016.64,1
15.75,20.23,0.111,0.852,0.972,30.82,1019.48,0
37.16,73.43,1.603,2.208,0.415,16.0,1004.39,0
24.22,86.57,1.586,2.51,0.417,25.96,1014.11,1
109.06,95.89,2.532,2.148,0.91,22.15,1007.33,1
91.25,28.99,2.847,1.92,0.538,23.54,1019.31,1
81.17,55.35,1.616,0.684,0.354,24.46,997.42,1
36.12,71.25,2.79,2.558,0.719,25.05,990.41,1
22.09,32.27,2.175,2.249,0.62,28.13,995.58,0
90.77,64.04,0.794,1.552,0.306,28.94,993.84,0
56.9,33.18,2.785,1.535,0.298,34.51,1003.11,0
27.09,40.01,2.002,1.708,0.396,30.26,992.32,0
73.99,49.74,1.242,2.485,0.072,28.76,996.61,0
4.84,57.63,2.041,2.227,0.943,22.85,992.89,1
39.14,50.44,1.204,2.569,0.183,17.36,1004.6,0
56.23,54.39,0.343,1.522,0.194,16.18,998.0,0
17.76,36.87,2.157,1.874,0.647,24.55,1004.13,0
118.16,24.31,2.472,2.564,0.724,28.37,992.67,1
25.09,14.26,2.186,0.697,0.737,28.0,1005.51,1
15.64,27.64,0.687,1.332,0.375,34.06,993.9,0
24.42,62.37,2.87,1.862,0.873,22.65,992.98,1
92.29,80.75,0.076,2.745,0.544,27.56,999.3,1
51.06,25.23,0.998,0.048,0.439,32.76,1016.23,1
67.85,19.77,0.78,0.638,0.81,23.08,1013.66,1
2.52,77.44,0.144,0.703,0.244,24.55,1018.77,0
4.13,37.46,1.217,0.98,0.86,33.46,1003.81,1
53.5,95.63,1.869,0.845,0.539,26.0,999.37,1
98.0,74.29,2.648,1.77,0.9,30.99,1019.13,0
106.23,39.41,2.969,2.657,0.202,33.71,1001.45,1
10.4,36.06,2.424,1.911,0.936,26.42,990.27,0
64.6,57.13,1.406,0.725,0.688,17.18,1014.6,1
109.59,17.12,2.171,2.591,0.618,31.43,995.08,1
46.56,20.59,2.531,1.896,0.422,31.36,1011.54,0
99.55,25.83,1.396,0.657,0.956,17.3,990.45,0
16.04,79.73,2.355,1.085,0.444,25.96,993.33,0
112.25,56.25,1.448,2.37,0.499,24.74,1004.51,1
90.17,10.95,1.159,2.217,0.781,31.94,992.04,1
112.96,70.62,1.578,1.73,0.285,20.49,1016.66,1
81.19,48.13,2.028,0.434,0.291,23.53,1012.5,1
43.61,55.98,2.181,2.41,0.775,27.1,999.85,1
112.58,29.27,1.07,0.923,0.129,25.34,1007.93,1
33.07,59.66,1.714,2.315,0.823,34.1,1011.47,1
39.86,98.12,2.73,1.943,0.625,34.21,1012.66,1
84.1,16.61,2.929,0.793,0.539,16.63,1001.87,0
91.84,35.55,0.682,0.637,0.229,20.96,1016.96,0
111.53,31.87,0.578,0.393,0.786,15.15,1018.25,1
24.58,32.37,2.03,0.726,0.805,23.36,995.87,1
95.76,44.08,1.244,0.473,0.483,28.24,1017.34,0
88.63,83.63,0.073,1.851,0.389,24.43,1011.38,0
7.66,92.16,1.041,1.796,0.246,16.34,1016.64,0
46.47,28.2,2.42,1.759,0.754,18.92,1002.74,0
33.93,58.87,2.392,1.926,0.639,18.47,1009.84,1
36.54,67.32,1.484,2.444,0.207,25.22,997.06,0
117.95,56.96,1.418,2.741,0.794,28.55,1012.53,1
77.13,49.07,1.739,0.691,0.882,21.33,1007.45,0
86.12,27.28,0.658,1.763,0.059,17.61,1004.43,0
117.19,53.94,1.578,0.235,0.772,30.97,1010.78,1
45.26,46.11,0.033,0.36,0.853,32.17,1006.57,0
96.22,81.6,1.427,1.963,0.992,20.53,1012.96,1
52.14,78.72,1.008,1.46,0.238,23.41,1015.75,1
104.34,22.06,2.025,2.275,0.371,16.64,1014.02,1
21.68,17.97,1.915,1.277,0.966,19.55,999.23,0
113.72,91.73,1.143,0.383,0.094,30.34,1019.28,1
26.25,58.2,0.022,2.616,0.524,22.3,1009.49,0
39.15,87.2,0.757,0.249,0.507,27.09,999.7,0
90.74,15.23,1.9,0.567,0.607,33.92,991.28,1
47.25,57.39,0.217,0.831,0.331,29.47,1019.64,1
72.99,58.55,0.323,2.986,0.926,24.07,1007.97,1
53.35,87.46,1.941,1.251,0.27,22.34,996.83,1
89.08,18.78,2.267,1.505,0.65,18.81,1004.73,1
27.4,31.64,0.965,2.309,0.496,30.12,1001.93,0
7.01,46.59,1.469,1.909,0.267,17.25,1018.54,0
35.99,87.93,2.837,2.524,0.189,16.23,1004.78,1
56.92,94.5,2.837,1.459,0.957,17.1,1004.54,1
20.16,99.35,0.923,2.917,0.561,19.86,1013.84,1
42.58,96.33,2.43,2.39,0.604,27.54,1001.73,1
48.0,10.53,1.782,1.204,0.783,32.23,995.9,1
6.89,14.29,2.926,1.144,0.081,34.85,1013.05,0
70.0,23.28,1.433,2.788,0.714,29.63,1017.3,0
106.12,41.4,2.324,2.053,0.165,17.92,991.37,1
18.21,84.69,2.304,1.864,0.74,20.55,1015.8,0
71.74,90.34,1.492,2.273,0.141,17.64,1003.14,1
79.77,26.82,2.387,1.683,0.832,17.31,998.67,0
50.32,65.77,0.783,0.478,0.681,26.35,991.18,0
84.13,92.56,0.367,0.958,0.386,33.13,996.17,1
49.29,51.74,1.275,1.674,0.359,28.69,999.99,0
60.56,19.32,2.831,0.055,0.149,31.01,992.12,1
0.88,51.2,1.502,1.312,0.904,25.16,995.66,1
83.01,43.82,1.906,2.267,0.119,24.51,1012.11,0
79.36,61.99,1.872,0.493,0.472,33.75,1010.61,1
4.61,49.48,0.398,0.194,0.237,29.44,1013.1,0
44.19,11.56,1.171,2.508,0.996,24.19,994.96,0
117.48,99.46,2.121,1.852,0.586,21.65,991.29,1
50.49,58.92,2.916,0.53,0.15,16.86,1004.06,0
60.23,52.63,0.504,2.419,0.668,31.42,1000.28,0
109.19,95.92,1.231,1.974,0.992,18.39,1013.3,1
86.07,24.03,0.285,1.002,0.605,25.3,1006.16,0
69.85,27.03,0.727,1.129,0.457,27.75,1017.94,0
95.74,82.72,1.13,0.468,0.293,29.88,991.84,1
103.72,33.47,1.622,2.506,0.092,16.67,1000.91,1
54.83,81.93,0.692,1.527,0.228,15.21,1002.16,1
57.01,34.44,0.683,1.671,0.554,29.12,993.78,0
46.33,12.99,2.333,2.65,0.754,24.09,1007.49,1
116.0,56.53,2.888,0.047,0.878,18.62,991.21,1
83.66,27.7,0.971,0.201,0.794,34.64,1011.38,0
9.99,78.21,2.064,0.485,0.125,30.83,991.12,0
103.56,67.71,0.774,0.09,0.773,26.57,1016.2,0
57.67,93.12,2.784,1.974,0.582,29.04,991.95,1
8.25,80.47,2.019,1.902,0.469,18.1,1003.69,1
65.97,26.27,2.408,0.632,0.573,34.24,994.66,1
50.06,82.01,0.148,0.448,0.008,34.93,993.99,0
105.33,67.76,1.796,0.437,0.068,27.97,1011.64,1
24.48,70.21,1.583,2.86,0.526,28.37,1013.23,0
99.18,84.9,0.879,2.081,0.174,29.09,1012.18,1
66.92,61.64,0.787,1.756,0.546,28.32,1002.12,1
6.55,51.94,1.74,0.967,0.354,23.77,1019.72,0
116.62,67.3,2.119,1.299,0.907,25.81,1000.2,0
61.51,36.82,0.1,0.268,0.95,20.65,997.36,0
34.91,26.43,1.702,2.994,0.98,23.94,1019.9,0
56.33,65.49,0.511,2.265,0.899,23.72,1019.32,0
102.94,31.05,0.421,1.864,0.986,20.76,1007.76,1
36.59,17.19,1.869,1.763,0.706,30.73,996.27,0
23.12,10.05,0.933,1.513,0.961,23.19,997.15,0
15.49,64.75,1.323,0.772,0.642,26.03,1005.63,0
35.74,42.59,1.08,0.679,0.809,18.12,1013.28,0
93.61,77.71,1.945,1.649,0.132,24.5,992.32,1
56.6,43.77,1.41,0.211,0.683,30.23,1010.63,1
27.3,53.74,2.89,0.223,0.931,23.89,993.09,0
19.94,46.64,1.057,1.682,0.54,26.15,1015.32,0
39.93,68.55,2.221,2.759,0.187,29.03,1005.96,0
112.79,42.05,0.772,2.743,0.527,22.78,1019.69,0
41.16,96.74,1.526,0.032,0.707,22.07,1012.59,0
118.57,94.25,1.658,0.322,0.77,16.71,1004.92,1
58.23,86.32,0.987,1.749,0.524,26.65,994.24,0
21.5,92.83,1.415,2.545,0.217,29.14,1006.27,0
106.94,50.42,0.838,2.863,0.927,26.63,993.43,1
55.24,58.28,0.018,2.582,0.774,20.67,1017.15,0
85.16,76.79,0.647,2.033,0.271,20.25,996.9,1
118.05,72.65,2.1,0.602,0.812,18.19,1015.96,1
6.02,90.16,2.313,0.218,0.348,15.94,999.12,0
11.6,74.47,0.841,0.143,0.312,23.54,996.66,0
86.45,99.81,1.224,1.836,0.863,18.21,999.13,1
33.82,41.37,0.112,0.109,0.873,28.82,1011.23,1
22.12,84.97,0.711,2.218,0.398,34.23,1005.76,0
4.72,72.79,2.338,2.137,0.009,16.47,993.22,0
2.62,72.22,1.818,0.239,0.187,32.86,994.11,0
92.94,39.33,0.617,2.72,0.909,28.15,1001.36,0
16.13,80.7,0.772,1.566,0.899,32.21,1000.16,0
56.13,91.03,2.45,2.713,0.453,18.1,1015.55,1
72.71,29.67,0.627,2.705,0.304,33.13,1007.17,0
51.4,66.29,1.002,0.591,0.303,34.16,995.6,1
3.25,45.29,1.993,1.142,0.897,33.13,990.85,0
94.02,99.06,1.683,0.404,0.325,30.71,993.07,1
1.26,53.09,1.383,2.325,0.512,16.81,1011.01,1
91.43,30.55,2.699,1.512,0.731,19.41,1015.41,1
107.2,44.37,0.659,2.786,0.209,33.26,1013.48,1
51.94,68.85,2.224,0.625,0.254,19.59,1013.7,0
64.27,16.85,0.477,2.065,0.358,21.95,997.83,1
57.24,64.32,1.847,2.968,0.654,16.01,1019.67,1
46.71,93.81,2.612,1.996,0.817,27.56,992.59,1
106.49,86.53,1.374,0.206,0.547,26.27,1014.63,0
107.27,16.09,2.173,1.765,0.133,34.24,992.9,0
40.3,99.41,2.461,0.54,0.446,32.85,998.03,1
73.81,72.89,0.408,0.092,0.128,25.12,1004.86,0
111.23,24.61,2.117,1.005,0.088,27.19,991.6,1
115.45,11.12,2.76,0.798,0.59,23.26,1001.83,1
61.08,25.42,1.729,2.366,0.956,17.65,1000.5,0
54.34,85.44,0.558,1.121,0.838,32.36,1009.42,1
33.44,11.95,0.381,2.199,0.774,25.99,1011.54,0
115.06,30.98,0.779,0.049,0.727,23.51,992.71,1
17.14,78.16,0.311,0.044,0.897,16.37,991.14,1
69.58,62.75,1.54,0.088,0.753,28.31,1013.28,0
33.91,80.45,0.209,0.658,0.627,22.99,1005.84,0
33.48,77.15,0.67,1.122,0.365,20.07,1006.04,0
48.6,14.55,1.32,1.824,0.101,32.54,1019.42,1
119.86,90.33,1.422,2.958,0.461,18.67,1003.13,1
6.6,30.43,1.696,1.063,0.925,25.3,995.89,0
69.43,59.81,2.117,0.167,0.583,30.92,1010.42,0
9.91,67.99,0.142,0.585,0.185,31.98,1014.47,0
18.54,25.18,0.242,2.694,0.649,31.37,1005.07,0
52.75,97.86,0.183,2.098,0.465,32.93,1010.75,1
61.26,53.93,1.269,2.371,0.931,17.85,1005.42,0
31.06,15.19,0.126,0.373,0.161,33.81,1002.22,0
37.97,94.35,2.238,0.405,0.712,15.22,991.03,1
10.44,62.76,0.669,0.337,0.682,20.12,995.21,0
36.39,72.93,2.818,2.572,0.984,16.68,1004.39,1
115.99,57.27,1.459,0.63,0.565,33.91,1001.9,1
113.36,85.13,1.339,1.929,0.872,23.48,1015.29,1
40.19,12.98,2.342,1.548,0.025,21.31,993.25,0
68.5,34.15,2.139,1.633,0.123,18.34,991.5,1
109.15,52.27,1.822,0.586,0.346,18.12,992.61,1
0.74,16.89,2.805,1.906,0.619,27.28,1010.34,0
97.28,73.53,1.267,0.129,0.449,15.94,1007.83,0
113.8,45.43,2.426,2.98,0.203,26.89,1008.97,1
10.96,34.54,1.14,0.08,0.589,30.49,994.71,0
19.37,10.3,2.515,0.15,0.567,27.02,1005.49,0
115.29,74.78,0.778,0.974,0.524,31.53,1013.03,1
64.5,85.04,0.868,2.495,0.091,20.31,1010.52,0
1.7,45.55,2.034,0.772,0.927,16.54,1003.16,0
30.92,60.78,0.638,1.416,0.592,29.42,993.11,1
53.99,30.49,0.687,0.054,0.264,31.56,1016.12,0
83.15,66.0,0.916,0.237,0.687,25.03,1005.79,1
87.98,11.09,2.037,1.824,0.318,31.41,1016.69,1
119.45,53.98,2.668,0.583,0.506,24.16,1003.16,0
34.5,67.98,2.024,2.083,0.341,18.97,997.11,0
64.59,92.64,2.483,2.356,0.88,24.49,999.22,1
64.0,44.32,1.631,2.551,0.994,19.32,1002.54,1
48.68,78.87,0.207,0.401,0.161,24.44,1008.43,0
20.3,63.79,0.301,1.367,0.024,17.95,1013.07,0
117.29,93.43,1.663,2.841,0.219,18.71,997.28,1
102.4,45.85,0.983,2.316,0.59,32.66,995.63,0
59.8,38.72,0.662,0.351,0.174,17.32,996.08,1
72.39,89.84,1.399,1.508,0.811,19.49,1018.03,1
27.27,14.43,1.999,2.767,0.409,34.91,994.92,0
65.25,22.27,1.155,1.32,0.611,26.52,1000.37,0
83.4,17.42,2.408,2.512,0.456,26.72,1004.58,1
61.82,85.88,2.216,1.488,0.903,31.9,1006.69,1
118.83,10.95,2.205,0.32,0.035,25.49,1015.74,0
73.36,87.55,2.956,0.444,0.729,19.44,993.39,1
44.52,50.61,0.886,0.14,0.652,23.45,993.24,0
92.66,10.36,1.934,0.586,0.65,30.1,999.49,1
20.46,46.15,2.566,2.681,0.414,32.45,1002.4,0
46.14,26.81,1.739,1.951,0.016,20.46,1001.21,0
41.64,66.2,2.369,2.217,0.689,20.24,1001.76,0
51.82,71.14,1.243,1.865,0.829,21.55,1015.54,1
93.81,53.88,1.771,1.16,0.085,26.92,1015.1,1
58.1,13.65,0.167,0.651,0.442,20.57,1014.17,0
95.28,69.05,2.957,2.777,0.163,32.86,1012.66,1
69.18,85.78,2.4,1.544,0.611,34.56,991.21,1
41.05,74.83,2.606,1.443,0.786,28.58,994.48,1
97.2,84.7,2.083,2.988,0.667,34.41,1011.97,1
28.59,28.05,0.558,1.152,0.318,20.76,1007.85,0
26.93,90.0,0.093,2.562,0.14,31.3,1010.22,0
60.54,39.0,2.594,2.587,0.794,28.57,1011.51,1
31.3,11.21,1.189,0.698,0.324,20.26,1017.34,0
1.09,85.91,0.792,0.285,0.022,21.37,1009.05,0
77.8,94.76,1.685,2.927,0.571,24.77,998.27,1
61.33,69.0,1.263,1.278,0.247,30.83,992.49,1
53.46,30.83,1.955,0.007,0.841,32.44,1002.96,0
116.04,32.66,1.451,1.497,0.143,27.68,1011.3,1
68.54,51.99,2.092,1.858,0.435,29.43,998.46,1
103.61,90.8,2.56,2.328,0.253,20.28,993.6,1
16.73,23.46,0.587,2.829,0.69,29.82,1019.96,0
68.3,84.34,0.988,2.746,0.549,27.1,1002.57,1
104.16,36.22,1.31,2.82,0.791,19.46,996.49,1
69.97,82.77,2.886,0.096,0.459,34.0,994.94,0
86.16,92.82,1.096,2.135,0.005,25.26,1015.88,1
44.65,48.47,1.143,0.678,0.215,30.89,1014.59,1
11.09,42.85,1.96,0.563,0.999,25.51,1008.4,0
54.95,82.2,1.258,2.401,0.405,33.66,1006.42,1
47.34,57.65,2.854,1.251,0.62,17.83,1018.54,1
104.05,71.6,2.683,2.75,0.905,25.92,996.85,1
29.28,66.05,1.54,0.127,0.021,15.5,1002.46,0
116.01,23.76,1.934,2.407,0.66,18.95,990.74,1
114.98,86.03,0.174,0.411,0.288,20.62,1002.56,0
29.72,27.62,2.087,0.53,0.279,24.45,1001.53,0
41.77,93.91,2.122,1.432,0.225,31.4,1018.48,0
107.47,32.55,1.078,1.187,0.823,24.33,1000.75,1
115.99,76.05,0.659,1.459,0.373,26.22,1015.04,1
53.21,35.62,2.745,2.82,0.067,33.48,1013.0,0
38.52,38.6,1.28,1.972,0.097,30.13,994.42,0
63.13,37.9,1.961,0.871,0.149,16.0,1018.88,0
82.53,77.31,0.1,0.519,0.899,18.53,1008.93,1
32.82,60.11,1.242,1.26,0.427,15.76,1007.9,0
88.38,89.47,2.452,1.355,0.916,16.38,990.35,1
6.2,37.66,1.163,1.804,0.817,21.78,1010.98,0
5.92,72.28,1.809,0.798,0.838,29.56,991.67,0
46.35,77.77,0.63,2.303,0.287,19.89,995.56,1
42.42,23.63,1.25,0.295,0.271,22.85,992.96,0
37.88,46.05,2.783,1.681,0.56,22.88,1001.35,0
58.92,53.45,1.699,1.871,0.418,26.81,1013.87,1
38.49,42.01,2.706,0.62,0.509,32.86,1011.22,0
23.07,38.99,2.706,2.478,0.053,34.66,993.2,0
37.14,71.78,2.832,1.846,0.972,27.09,1013.95,0
116.99,29.43,2.686,1.937,0.058,25.1,1003.83,1
49.33,73.85,0.01,1.493,0.179,28.64,990.98,1
53.37,94.15,2.802,2.729,0.678,28.36,996.71,1
69.19,60.87,0.412,2.082,0.156,25.48,1013.56,0
118.0,65.03,0.12,1.146,0.107,29.74,1012.0,1
28.99,16.2,0.166,0.716,0.154,24.83,995.65,0
81.75,87.8,1.047,0.213,0.062,34.93,991.14,1
85.92,35.69,1.862,0.496,0.251,15.98,998.86,0
72.88,65.35,1.207,2.978,0.271,23.86,1013.85,1
10.63,98.12,0.077,1.22,0.499,22.94,1018.15,0
81.22,63.6,1.429,2.696,0.439,30.41,1007.19,1
7.69,75.22,1.326,0.512,0.474,18.82,992.73,0
71.54,50.08,2.271,1.276,0.616,23.68,1005.06,1
88.75,15.43,0.839,2.882,0.231,28.96,1019.96,0
25.32,81.78,0.653,0.273,0.135,27.06,1018.16,1
100.99,13.15,0.768,1.782,0.879,25.9,1019.8,0
3.64,73.06,0.911,2.758,0.634,23.7,1010.98,0
101.26,12.06,1.797,2.849,0.061,30.04,1002.78,0
55.24,87.61,1.415,2.538,0.961,27.93,1016.79,1
26.11,24.19,1.011,2.568,0.693,32.49,1016.86,0
16.05,56.28,1.123,1.957,0.152,29.66,994.33,0
114.4,63.74,1.113,0.661,0.969,17.81,1013.26,1
8.72,51.18,2.917,2.192,0.365,27.39,1017.58,0
23.89,40.67,0.699,2.935,0.985,15.89,1016.96,0
41.74,52.1,2.454,1.578,0.103,22.75,1011.21,0
74.43,38.03,2.125,0.782,0.16,23.24,1006.12,1
65.38,49.43,0.017,1.72,0.657,32.1,1013.3,0
15.08,42.3,2.98,2.072,0.022,18.61,1005.48,1
34.77,60.96,2.269,0.625,0.019,27.87,999.64,1
28.65,31.41,2.047,2.158,0.792,18.85,997.77,0
25.63,98.98,1.216,1.762,0.168,33.97,1006.22,1
49.34,55.08,1.666,1.837,0.919,25.59,1003.68,1
84.48,27.47,0.76,0.918,0.426,29.16,1005.73,0
26.09,52.94,0.106,0.466,0.874,27.93,997.82,0
44.0,87.98,2.508,1.87,0.418,21.07,1007.72,1
46.91,11.96,2.689,1.759,0.53,33.02,1009.86,0
117.17,71.16,0.487,1.014,0.317,27.54,1014.21,1
114.56,59.32,2.361,0.888,0.658,25.21,1007.7,1
96.02,25.26,2.223,1.042,0.318,25.57,1012.68,0
29.0,83.57,0.535,1.47,0.223,32.81,995.08,0
8.16,43.2,1.265,2.924,0.081,16.18,993.63,0
38.03,36.44,1.268,2.291,0.058,22.78,995.39,1
32.02,84.53,2.28,2.555,0.306,31.83,1015.39,1
60.71,67.47,2.513,1.517,0.736,15.75,1006.68,1
93.33,90.84,0.284,1.578,0.206,27.78,1003.66,1
103.0,66.69,1.689,0.613,0.299,23.07,1012.86,1
101.38,76.67,2.285,2.163,0.905,19.09,993.72,1
43.16,85.28,2.359,1.265,0.639,27.23,990.19,1
82.47,14.93,0.444,2.227,0.92,31.62,999.33,0
37.54,79.84,1.577,1.227,0.911,24.35,997.47,1
7.31,65.23,2.573,0.326,0.063,17.93,999.22,0
84.19,16.26,0.956,0.519,0.955,21.12,1019.21,0
1.18,55.77,1.275,2.435,0.051,34.63,1007.03,0
49.1,17.42,2.413,0.776,0.926,17.22,1007.67,0
39.53,76.24,0.268,0.793,0.547,18.21,1009.67,0
83.21,59.19,2.578,2.788,0.533,34.8,1001.93,1
91.95,95.82,0.933,1.973,0.713,32.64,1019.37,1
36.49,26.48,0.004,0.343,0.879,29.14,1019.2,0
97.4,64.54,0.702,0.431,0.617,18.02,1013.08,1
35.27,29.04,0.269,0.817,0.425,19.81,996.35,0
53.56,65.27,0.277,1.782,0.112,18.6,1016.41,0
87.24,75.04,2.079,2.258,0.789,27.62,993.03,0
83.15,75.01,0.642,0.823,0.128,22.98,1008.9,1
118.48,83.36,2.804,2.612,0.726,15.96,1003.72,1
27.02,86.82,1.549,0.328,0.528,20.83,991.18,1
79.48,16.95,1.38,0.623,0.386,32.21,1017.12,0
73.16,40.89,1.303,2.911,0.613,30.92,1018.83,1
109.81,71.84,2.078,0.404,0.772,27.86,1017.22,1
18.76,54.87,1.357,2.664,0.941,16.71,995.77,1
90.22,27.16,0.386,2.112,0.265,32.66,999.99,1
68.19,59.74,2.641,0.219,0.947,25.69,1018.67,1
32.96,46.67,1.285,1.451,0.961,24.89,993.19,0
56.93,45.1,0.222,1.557,0.814,33.68,1007.5,0
40.05,82.88,1.588,2.796,0.881,15.18,1004.57,0
69.52,46.68,1.942,1.263,0.692,26.12,994.56,1
106.68,12.38,0.827,1.34,0.039,30.82,1016.6,0
68.32,15.23,2.401,0.337,0.575,16.27,994.02,0
75.81,87.06,2.009,1.918,0.747,22.14,1007.78,1
62.25,96.45,1.951,0.633,0.942,34.55,999.55,1
6.14,71.96,1.262,0.233,0.57,19.24,1002.54,0
27.94,42.79,2.886,2.991,0.794,25.62,996.34,1
59.04,94.47,0.823,0.809,0.705,29.92,1008.74,1
37.23,69.65,1.733,0.423,0.281,22.81,1019.66,0
21.81,85.99,0.927,2.098,0.155,23.16,1015.01,1
60.5,78.93,2.234,2.465,0.751,16.27,1010.5,1
38.74,44.12,0.143,0.192,0.234,18.8,1012.69,0
30.97,53.08,0.138,0.316,0.245,32.61,1015.18,0
55.68,26.75,2.433,0.271,0.644,31.37,1004.18,0
15.99,36.28,1.303,0.141,0.789,21.09,1007.01,0
111.33,80.03,1.024,1.978,0.582,22.63,1016.86,1
104.12,90.46,1.823,1.765,0.885,23.81,1010.88,1
84.91,75.2,2.106,1.988,0.211,21.92,994.08,1
12.75,51.87,0.604,1.517,0.252,28.08,1013.39,0
93.11,17.79,0.556,2.453,0.637,15.26,990.68,1
96.95,15.13,2.874,1.64,0.829,32.6,1015.43,1
92.13,43.69,1.769,2.756,0.539,21.01,1013.65,1
13.68,51.74,1.17,1.457,0.01,32.45,1014.92,0
77.27,64.82,2.404,2.372,0.677,24.09,990.71,1
100.12,10.58,1.575,1.222,0.814,30.53,1019.17,1
69.28,99.08,0.725,1.306,0.277,31.52,1008.42,1
77.57,42.75,0.62,2.547,0.054,21.03,1014.0,0
55.0,86.33,1.191,0.323,0.518,27.81,1007.0,1
63.44,58.15,2.58,1.695,0.042,27.15,1000.19,1
4.13,21.74,0.184,2.179,0.416,24.52,998.88,0
76.68,81.78,0.656,2.251,0.018,24.39,992.1,1
9.77,73.88,2.679,1.774,0.225,21.1,1006.28,0
52.2,57.47,0.365,1.344,0.389,21.2,994.31,0
35.12,56.31,1.889,0.782,0.112,25.96,1007.03,1
65.45,17.87,0.641,2.728,0.114,15.65,1008.75,0
16.01,69.03,1.818,1.109,0.827,33.67,1003.26,0
83.0,92.01,1.149,2.397,0.041,28.0,994.69,0
95.4,18.39,0.305,0.095,0.689,23.87,1002.98,0
19.6,33.72,1.747,0.697,0.814,16.24,1016.36,0
12.52,91.21,2.049,1.037,0.131,27.6,1003.74,0
17.46,35.59,2.041,2.015,0.195,15.35,1000.28,0
105.26,68.85,1.911,0.958,0.641,28.6,1008.89,1
63.38,58.13,1.501,0.124,0.316,16.45,1008.57,1
56.07,63.67,1.558,0.522,0.476,28.12,992.72,1
12.81,47.42,1.907,0.777,0.836,23.12,997.09,0
77.95,37.0,2.071,0.528,0.138,28.25,1004.83,1
104.16,14.37,1.965,0.611,0.62,17.77,1000.99,1
99.38,76.99,1.761,2.307,0.942,17.35,999.6,1
75.13,77.15,0.468,1.236,0.057,19.95,1003.37,1
9.03,70.37,0.632,1.216,0.06,23.23,998.71,0
13.49,67.93,0.781,2.9,0.555,20.06,1000.42,0
5.92,31.93,2.759,1.34,0.96,16.64,1013.21,0
30.9,12.01,2.278,2.783,0.22,21.5,1005.31,0
16.28,82.78,1.659,0.897,0.331,29.12,1016.19,0
31.21,54.2,0.756,1.202,0.099,26.66,1018.46,0
46.21,37.62,0.333,1.189,0.362,34.27,1017.66,1
113.16,19.17,2.696,1.638,0.044,23.72,997.61,1
73.25,15.64,2.678,1.753,0.389,21.66,1004.19,0
100.2,41.4,0.332,0.744,0.555,28.87,1006.05,1
85.24,82.43,2.392,2.381,0.975,23.24,1015.57,1
13.5,92.69,1.34,1.49,0.818,27.37,1006.77,1
88.31,90.71,0.972,0.021,0.822,33.93,997.58,0
33.01,92.8,2.217,1.774,0.228,24.98,1006.43,1
76.69,91.7,1.843,2.394,0.087,24.96,991.33,1
40.92,57.45,2.34,0.751,0.603,30.5,1015.02,1
119.72,29.75,0.223,0.114,0.521,30.12,1006.98,0
31.63,81.82,0.956,2.422,0.517,25.32,1009.55,1
33.5,29.23,0.958,2.929,0.109,16.29,996.03,0
111.68,34.05,0.989,0.23,0.494,34.62,1006.74,0
2.96,30.99,1.507,2.814,0.15,22.55,1005.92,0
83.6,56.35,0.849,1.078,0.422,21.33,1008.59,1
87.04,38.96,1.333,2.824,0.062,34.63,1015.42,1
100.37,23.87,1.103,1.947,0.857,32.44,1012.94,1
116.93,50.79,2.206,2.671,0.013,21.6,1006.41,1
117.07,88.65,1.811,2.357,0.939,21.17,1016.8,1
7.83,61.35,1.961,0.084,0.863,29.42,1000.75,0
98.62,89.05,0.632,0.196,0.753,21.69,1004.78,1
77.56,27.63,0.977,1.577,0.983,20.03,1009.48,1
77.68,25.03,0.063,0.389,0.054,34.59,1003.22,0
15.4,61.8,0.325,1.383,0.642,26.31,1000.84,0
78.02,51.7,0.795,2.864,0.849,30.25,993.37,1
117.9,69.42,0.196,0.884,0.127,29.26,1009.08,1
109.42,81.52,1.808,1.467,0.585,30.11,995.78,1
52.7,77.62,2.994,1.153,0.394,33.07,994.15,1
4.79,94.8,0.302,1.889,0.436,25.02,995.46,0
43.48,45.84,2.464,0.582,0.913,30.07,1010.65,0
99.17,28.57,0.356,0.78,0.539,30.94,994.15,1
84.18,59.58,2.01,2.576,0.093,33.93,1019.29,0
55.12,19.97,1.929,2.434,0.937,29.26,1012.76,0
6.61,36.0,2.708,2.368,0.185,32.85,1001.78,0
51.23,28.71,0.342,2.313,0.893,16.9,1007.8,0
56.28,45.69,0.946,1.378,0.971,17.52,990.23,1
111.43,20.01,0.272,2.187,0.878,18.17,1015.34,0
76.93,12.87,1.222,1.162,0.677,17.9,998.14,1
37.4,69.11,2.735,0.302,0.744,16.75,992.16,1
63.04,64.92,2.345,1.18,0.7,17.45,1012.74,1
7.93,73.75,2.169,0.476,0.461,34.92,999.89,0
116.71,69.43,1.599,1.173,0.274,20.44,1007.03,1
43.21,20.29,2.65,0.892,0.285,24.56,1015.32,0
57.34,36.2,1.348,1.797,0.731,31.43,1013.28,0
42.63,21.66,0.449,1.085,0.626,17.37,1000.11,0
81.9,85.87,2.513,2.117,0.585,21.35,1016.06,0
79.47,77.22,0.839,1.536,0.653,18.19,1001.67,1
85.84,28.14,0.161,2.758,0.775,16.25,1005.0,1
32.18,40.72,0.378,0.273,0.748,34.22,1008.37,0
37.88,97.0,1.827,2.063,0.105,32.17,992.13,0
15.03,63.47,1.821,2.017,0.363,32.59,1007.91,0
78.66,82.1,0.781,2.852,0.264,32.37,1007.32,0
4.78,33.81,2.182,1.115,0.538,18.09,1016.2,0
71.72,28.9,2.321,0.916,0.061,30.7,1000.61,0
104.36,80.55,2.762,0.517,0.762,29.56,997.27,1
106.9,71.73,1.755,0.796,0.107,33.51,1004.3,1
53.88,71.29,2.338,1.506,0.271,19.39,1010.62,1
55.12,59.74,2.259,2.513,0.783,23.28,1006.86,1
9.24,60.72,0.773,0.853,0.052,20.9,994.15,0
80.49,76.21,0.931,0.473,0.66,20.16,1000.44,0
98.55,34.3,1.435,0.816,0.924,28.05,991.91,1
29.36,41.75,0.057,0.303,0.618,18.28,1012.18,0
50.56,88.45,0.892,2.78,0.713,24.3,1016.49,0
100.66,37.8,1.422,2.618,0.792,27.93,991.37,1
105.25,59.17,0.324,0.925,0.222,17.61,1005.76,1
29.18,73.24,0.379,0.741,0.581,20.14,1006.98,1
66.07,99.99,1.39,2.716,0.309,34.35,1003.16,1
23.1,49.18,2.193,0.005,0.249,30.91,1005.08,0
12.23,48.53,2.501,1.802,0.192,28.54,1011.31,1
109.33,85.83,1.639,2.748,0.585,32.12,1004.51,1
98.46,82.5,1.424,1.526,0.795,15.28,1017.59,1
91.2,75.8,1.153,0.009,0.876,15.12,1006.23,1
5.85,51.69,0.579,0.657,0.429,18.08,992.15,0
101.25,39.15,0.44,2.767,0.373,24.91,1018.6,1
52.57,64.79,2.376,0.051,0.687,26.4,994.4,0
41.09,88.86,1.395,1.184,0.78,17.27,1013.53,1
65.58,89.54,2.371,2.369,0.253,16.45,1005.81,1
10.96,19.76,2.112,2.514,0.297,31.57,1012.23,0
90.8,48.55,0.582,1.433,0.533,24.29,1005.4,0
69.89,51.82,1.531,0.697,0.444,34.85,991.77,0
22.39,97.99,1.332,1.799,0.706,19.59,1001.25,0
22.59,71.02,1.272,0.791,0.504,27.94,1008.62,0
22.11,46.65,1.628,0.766,0.112,31.09,1008.87,0
6.84,12.35,2.946,2.423,0.166,32.45,1019.19,0
70.54,60.88,2.439,0.463,0.902,21.13,1008.19,0
100.84,18.65,2.711,0.017,0.227,18.87,998.59,0
2.1,85.1,0.089,1.01,0.05,19.52,991.3,0
5.88,77.73,0.421,1.473,0.731,28.33,1013.65,0
68.73,51.45,0.254,2.115,0.684,25.45,1016.68,0
98.34,48.63,0.79,2.343,0.6,26.98,1008.41,1
39.21,90.76,1.326,1.991,0.502,15.41,1004.47,0
41.95,35.96,1.926,1.88,0.97,22.82,1015.83,1
71.56,32.41,1.502,1.997,0.12,21.2,997.21,1
32.91,94.53,2.71,0.815,0.51,32.28,1001.96,0
3.19,82.83,2.82,1.147,0.564,30.53,1005.23,0
88.23,83.86,0.491,1.849,0.022,23.59,991.48,0
75.08,27.57,2.559,0.197,0.412,27.61,1010.66,1
69.69,22.9,1.445,0.886,0.783,15.95,995.66,0
89.0,12.34,1.36,1.219,0.471,27.75,999.99,0
81.03,31.33,2.355,1.6,0.875,16.94,1002.43,1
24.71,79.68,0.279,1.459,0.645,29.28,1009.16,1
42.3,31.6,2.647,2.154,0.766,26.48,991.96,0
15.13,75.62,2.013,1.42,0.804,21.01,1000.23,0
15.58,32.67,2.626,2.712,0.69,22.42,998.23,0
81.14,45.58,2.983,1.141,0.749,16.8,990.05,1
103.03,98.48,1.554,1.576,0.695,21.46,1010.75,0
115.53,32.03,0.28,0.01,0.55,34.34,997.08,0
75.4,43.87,0.5,0.931,0.567,24.72,994.99,0
22.09,37.1,0.971,2.6,0.19,24.48,1013.94,0
12.68,19.87,0.311,1.001,0.827,27.58,991.18,1
97.54,54.09,2.446,0.76,0.312,24.69,1017.01,1
69.45,44.08,0.891,1.631,0.536,22.11,1010.61,0
74.19,72.54,2.928,0.236,0.25,17.79,995.15,1
93.78,83.58,2.108,1.595,0.696,27.61,1000.5,1
84.39,58.98,0.52,0.911,0.975,29.98,1018.5,1
100.13,12.9,1.428,1.149,0.802,33.46,1008.57,1
6.75,65.7,1.401,2.374,0.619,15.06,1008.26,0
89.7,14.99,1.478,1.986,0.568,16.33,1009.59,1
102.1,65.47,1.607,1.338,0.49,32.99,1003.88,1
34.34,71.65,0.094,1.733,0.205,27.62,995.02,0
76.85,27.8,2.059,2.301,0.348,34.16,994.53,0
37.7,83.74,1.462,2.237,0.406,23.62,1010.62,1
114.96,92.0,2.373,0.556,0.945,23.33,1016.52,1
4.01,83.18,2.446,0.903,0.426,21.89,999.01,0
69.58,37.46,0.692,1.045,0.586,17.86,1005.1,0
19.98,62.8,0.145,0.563,0.922,22.57,1019.77,1
85.47,92.33,2.11,0.036,0.518,15.29,997.71,1
21.11,38.86,2.933,0.522,0.251,25.19,1001.71,0
28.25,83.8,1.34,2.425,0.381,31.94,1000.91,1
59.32,10.85,0.779,1.638,0.376,21.42,990.98,0
109.78,10.33,0.47,1.025,0.715,16.89,1005.29,1
25.41,78.37,0.862,1.825,0.296,34.48,996.26,0
17.31,78.53,0.984,2.22,0.73,17.58,993.86,1
91.08,81.01,1.272,1.063,0.889,25.57,1011.31,0
60.07,93.7,1.966,1.398,0.336,31.18,1012.97,0
109.41,20.61,0.819,0.193,0.135,20.05,1016.67,0
17.59,30.88,0.153,1.791,0.639,31.83,1018.02,1
77.51,91.34,1.12,1.069,0.361,26.14,1016.07,0
27.95,25.95,2.567,1.301,0.534,21.64,993.67,0
18.81,71.4,1.495,1.268,0.634,32.31,996.71,0
82.01,57.74,2.894,1.897,0.408,27.44,993.67,1
71.24,17.49,1.511,1.717,0.925,27.31,1000.61,1
90.58,35.67,0.828,1.266,0.4,25.08,993.72,1
37.14,56.83,0.58,0.051,0.307,20.49,1009.6,1
53.76,86.71,2.084,1.863,0.886,21.1,1011.5,0
48.66,73.68,1.609,2.639,0.136,16.76,994.79,0
118.09,65.97,1.812,2.309,0.124,19.87,1008.65,0
35.07,54.64,2.265,2.945,0.936,20.56,990.69,1
35.38,36.88,2.178,0.417,0.209,16.17,1003.03,0
42.55,20.73,0.13,0.668,0.148,17.21,998.56,0
67.75,46.82,2.408,1.618,0.535,20.41,1019.95,1
30.28,12.57,1.598,0.708,0.047,28.55,1017.68,0
109.83,29.0,1.175,0.104,0.62,18.68,994.43,1
31.88,48.92,1.613,1.207,0.453,25.44,1017.52,0
107.5,47.67,1.837,0.863,0.64,25.16,1002.56,1
12.42,13.99,0.449,0.791,0.284,31.68,1007.3,0
78.79,63.02,1.252,2.86,0.905,27.18,1006.01,0
108.84,59.47,1.007,0.715,0.271,33.34,1011.78,0
20.25,17.03,1.051,0.388,0.638,27.56,1000.05,0
116.2,94.88,0.274,0.376,0.945,15.51,992.09,1
54.35,18.94,0.48,2.419,0.401,22.63,1002.53,0
113.49,86.94,0.485,2.145,0.161,28.98,1006.34,1
81.22,10.03,1.12,0.388,0.068,24.5,1006.65,0
36.19,89.41,2.683,0.659,0.963,23.39,1013.78,1
22.6,11.77,0.618,2.242,0.764,28.43,991.33,0
36.45,78.2,1.249,0.824,0.919,20.71,1019.64,0
11.16,42.55,0.935,2.945,0.699,33.18,1019.72,0
17.26,76.44,2.362,1.622,0.342,23.26,992.97,0
12.56,46.16,0.15,0.576,0.123,27.62,1000.32,0
50.75,16.38,0.59,2.576,0.929,34.65,1007.71,1
95.47,79.08,0.632,0.958,0.49,30.71,1001.2,1
16.97,16.41,2.979,0.866,0.397,25.63,1004.63,0
15.64,92.99,1.712,0.982,0.578,32.19,999.78,1
77.21,14.59,0.417,2.305,0.107,26.21,1011.36,0
23.66,53.14,0.817,0.52,0.309,23.83,1000.92,0
11.71,75.07,0.503,1.145,0.638,32.47,1002.9,0
20.02,45.39,0.374,0.092,0.1,15.54,1007.28,0
110.85,29.55,2.392,2.48,0.135,23.15,1019.08,1
98.58,78.32,1.487,1.022,0.511,21.86,1009.25,1
42.49,80.59,1.894,0.745,0.623,29.28,992.91,1
78.7,93.04,0.994,1.74,0.187,15.25,999.57,1
64.47,43.85,1.661,2.115,0.033,28.22,1002.59,1
81.25,55.56,0.773,2.439,0.958,21.93,1012.21,1
81.92,42.68,0.924,1.043,0.027,16.96,1003.41,0
75.45,33.14,1.957,2.437,0.002,34.61,1009.77,0
31.93,77.59,0.451,1.395,0.323,19.24,1015.18,0
4.68,40.57,1.852,0.303,0.222,21.98,993.13,0
54.67,48.53,2.557,2.539,0.574,19.14,1012.97,1
106.92,46.33,0.361,1.643,0.894,28.24,1012.37,0
68.34,74.14,2.692,1.807,0.481,30.65,1014.59,1
99.89,92.6,0.238,2.812,0.773,32.21,1018.68,1
118.99,70.01,1.047,1.677,0.909,21.22,999.29,1
19.63,52.44,1.832,0.017,0.189,25.49,1002.87,0
83.01,80.13,1.678,2.612,0.488,28.27,997.88,1
80.92,67.69,0.289,0.854,0.642,27.59,999.81,1
117.59,15.45,2.397,1.505,0.332,29.32,999.89,1
118.27,18.61,2.919,0.615,0.74,30.39,1016.09,1
82.4,13.41,0.544,0.891,0.705,16.95,991.89,0
29.23,51.11,2.685,2.06,0.421,18.37,996.08,0
95.83,84.33,1.67,1.289,0.088,29.69,1008.32,1
12.84,38.18,2.808,1.881,0.012,24.53,1012.96,0
93.68,44.57,0.528,2.471,0.369,23.54,1010.92,1
109.22,91.85,2.376,1.022,0.082,24.11,991.4,0
45.94,85.32,0.179,1.705,0.782,22.44,1003.61,1
75.68,69.85,2.65,2.333,0.334,26.82,995.53,1
51.62,34.01,2.022,2.145,0.666,21.47,1019.64,0
52.53,20.53,1.111,1.62,0.346,27.74,1019.97,1
37.24,11.45,0.571,1.15,0.796,19.05,991.53,0
91.46,19.63,2.45,1.223,0.888,30.15,1010.03,1
112.34,36.33,1.81,1.299,0.838,30.63,1014.39,1
112.89,59.66,1.081,1.047,0.484,26.57,999.74,0
20.97,15.76,1.332,2.097,0.084,22.39,1010.81,0
104.97,22.26,2.48,0.376,0.372,15.29,995.63,1
88.49,26.3,1.017,2.902,0.424,17.43,993.84,1
30.34,66.88,0.269,2.337,0.96,16.59,1017.76,0
8.07,65.42,2.734,0.894,0.565,15.2,1009.28,0
32.16,59.57,1.162,0.128,0.641,29.44,1014.51,0
109.46,32.55,1.045,2.134,0.782,34.12,1005.98,1
75.98,43.4,0.613,2.203,0.568,15.22,994.64,1
86.53,18.7,2.692,2.891,0.598,17.25,1001.3,0
30.86,30.38,0.653,0.761,0.245,32.21,1016.45,0
86.33,90.79,1.91,0.248,0.059,28.77,990.47,1
3.37,98.17,2.642,2.745,0.721,23.09,996.22,1
45.04,68.29,0.105,0.776,0.849,34.86,997.6,0
75.21,92.51,2.486,2.165,0.412,26.47,997.89,1
17.53,67.85,1.232,0.182,0.549,28.39,992.96,1
98.76,12.99,1.974,2.282,0.307,28.06,1015.45,1
28.2,99.71,1.117,0.381,0.45,19.45,994.79,1
78.27,18.91,2.087,2.087,0.209,24.76,1014.89,0
48.62,71.44,0.763,1.597,0.76,19.33,1000.65,1
71.53,32.76,0.066,2.866,0.492,25.19,1003.72,1
12.89,45.28,2.843,0.111,0.547,15.62,1003.89,0
2.03,68.13,0.049,0.876,0.037,22.64,1011.39,0
109.15,49.28,2.472,0.209,0.622,22.44,1011.94,1
32.36,32.55,0.507,2.638,0.203,20.83,1009.22,1
98.36,40.1,1.177,1.782,0.383,16.58,1013.21,0
119.92,40.74,2.467,1.605,0.413,30.42,990.25,1
25.37,96.34,0.618,0.394,0.449,23.41,1005.14,0
31.82,81.88,2.597,1.467,0.227,31.28,1005.72,0
79.54,51.27,1.493,1.196,0.85,31.71,997.18,1
115.85,27.98,1.098,0.947,0.428,19.27,1006.69,0
109.9,82.99,1.987,2.317,0.612,23.43,1004.01,1
60.35,24.15,1.024,0.184,0.614,29.42,1004.16,0
95.41,28.94,1.042,1.94,0.607,24.99,993.55,0
16.29,42.94,2.201,2.469,0.559,32.1,1003.06,0
117.29,89.23,0.929,2.722,0.823,26.43,1012.99,1
115.72,21.86,0.602,2.238,0.813,27.59,1002.3,0
19.65,21.0,2.423,0.847,0.417,30.74,1004.62,1
35.93,54.46,2.416,1.802,0.636,17.44,1019.03,1
12.02,34.88,1.493,0.424,0.103,26.68,1016.15,0
32.61,61.19,1.58,0.351,0.091,16.71,1017.86,0
97.91,50.65,2.088,1.916,0.48,20.21,992.33,1
45.4,49.15,1.528,2.553,0.9,19.25,1008.56,0
10.61,20.08,1.251,0.202,0.65,26.34,996.7,0
41.07,22.69,2.985,0.318,0.669,31.88,1002.13,1
117.77,83.9,0.443,1.697,0.158,17.66,1010.39,1
75.56,89.73,1.778,0.655,0.453,30.37,1007.37,1
49.94,31.12,2.658,1.835,0.401,17.86,1005.17,0
19.98,20.21,2.062,0.644,0.783,18.79,1014.43,0
118.34,14.81,2.643,0.349,0.138,33.34,1010.48,1
98.5,64.75,1.009,1.637,0.539,15.19,1014.63,1
33.78,74.38,0.816,2.587,0.911,18.94,1017.96,0
8.41,43.55,2.554,2.055,0.892,19.31,1011.36,0
6.8,71.17,1.182,2.456,0.852,20.64,1001.86,0
14.45,74.17,2.129,0.799,0.375,22.27,996.38,1
69.69,94.18,0.443,2.658,0.941,17.06,998.13,0
111.45,15.84,2.268,1.131,0.805,24.37,1001.9,1
59.61,27.31,1.647,2.557,0.851,22.99,1012.2,0
101.15,16.17,0.806,1.414,0.932,27.5,991.2,1
53.51,88.12,1.484,0.804,0.937,32.35,1014.43,0
85.03,81.33,2.091,0.781,0.24,20.95,1012.74,1
87.82,61.72,0.036,1.703,0.128,25.93,1004.98,0
20.88,17.53,1.912,0.237,0.691,22.43,1001.99,1
43.35,34.6,1.625,2.79,0.563,15.81,993.38,0
76.48,36.79,0.661,0.814,0.327,31.42,998.69,1
8.48,60.47,2.259,1.007,0.684,27.68,993.29,1
43.38,33.22,0.91,0.7,0.062,15.04,1014.57,0
64.18,16.57,0.831,0.009,0.047,19.99,1005.28,1
119.55,75.77,1.414,2.078,0.354,21.18,997.4,1
56.94,36.92,2.028,1.772,0.194,31.23,990.54,0
97.93,50.71,2.787,2.429,0.719,30.21,1005.72,1
51.85,21.49,0.424,0.123,0.948,22.92,1012.56,1
95.57,82.23,1.189,2.786,0.662,18.15,1012.99,1
71.45,60.9,0.201,0.993,0.655,22.72,996.43,1
106.39,91.14,2.276,2.739,0.007,31.2,1019.85,0
49.31,54.59,1.343,0.321,0.512,24.05,1007.06,1
72.52,94.73,2.121,2.232,0.817,17.32,999.96,1
75.6,90.27,0.967,1.738,0.654,15.77,1001.78,0
50.09,61.88,2.533,1.075,0.228,21.67,993.73,1
17.32,94.05,1.604,0.237,0.848,17.97,1004.8,1
11.23,39.08,2.831,1.814,0.964,29.9,1012.6,0
2.0,42.91,0.236,0.079,0.279,20.58,1002.28,0
104.82,14.09,1.543,1.504,0.207,32.55,1016.01,1
28.38,63.03,2.299,1.813,0.339,27.35,1004.3,0
25.38,74.97,1.8,2.198,0.063,22.87,1017.02,0
88.32,79.62,0.07,2.974,0.873,27.2,1011.1,1
38.4,23.48,2.917,0.78,0.929,20.9,991.65,1
60.73,49.97,0.895,0.967,0.633,17.83,992.01,0
19.5,25.92,0.748,1.023,0.764,34.28,1014.0,0
115.17,69.59,1.457,2.195,0.669,26.26,1000.7,1
102.19,24.22,1.626,2.795,0.377,15.15,995.68,1
103.65,91.37,2.299,2.923,0.632,21.21,1015.96,1
48.81,30.76,1.18,2.837,0.836,18.19,1019.5,0
91.48,36.23,1.32,2.638,0.81,20.16,1014.26,1
17.27,86.58,1.605,2.973,0.081,16.11,1011.75,0
1.03,51.26,1.183,1.128,0.463,19.9,990.03,0
2.4,12.16,2.744,2.845,0.397,28.66,993.18,0
70.39,54.51,2.554,2.283,0.752,31.41,1010.13,1
54.65,17.61,1.365,0.505,0.501,21.95,1002.29,0
62.16,98.68,0.001,0.136,0.35,25.45,990.58,0
0.9,62.93,2.703,0.643,0.706,15.84,1012.23,0
50.72,33.09,0.373,2.336,0.474,16.82,1002.56,0
86.17,60.73,0.734,1.895,0.257,26.04,1009.76,1
53.12,16.92,0.457,0.673,0.89,31.81,1004.05,0
87.87,81.99,0.539,2.226,0.113,16.76,990.79,1
27.96,93.28,2.409,0.424,0.018,23.37,1009.08,0
97.58,88.7,1.739,2.466,0.144,34.41,1013.64,0
70.61,40.76,2.868,2.382,0.164,29.78,994.68,1
25.29,39.32,0.694,2.918,0.538,18.95,1016.73,0
28.41,13.16,1.457,0.451,0.625,20.7,995.45,0
75.36,68.63,2.932,2.72,0.449,33.96,1002.69,0
99.59,58.14,2.479,1.023,0.204,19.42,1005.82,1
49.88,51.34,2.186,1.248,0.132,23.82,999.42,1
31.0,91.69,0.567,1.405,0.492,22.11,1005.01,0
104.04,25.11,2.308,1.881,0.565,24.8,1011.55,1
80.31,10.87,1.043,2.984,0.304,19.73,1011.43,0
53.77,16.6,1.592,1.8,0.22,28.37,1017.67,0
58.55,30.1,1.827,2.78,0.081,19.69,1015.86,0
24.51,13.0,1.828,0.765,0.026,27.04,1019.55,0
75.22,55.26,2.18,1.195,0.106,22.16,1007.86,1
43.05,38.27,1.985,1.513,0.742,20.03,1002.02,1
119.48,26.24,0.205,0.969,0.344,28.9,997.2,1
57.62,77.51,1.372,2.931,0.027,34.3,997.32,0
58.31,28.4,1.992,2.177,0.508,32.39,994.53,1
67.9,71.88,0.888,1.437,0.536,16.74,1011.8,1
110.01,41.43,0.939,2.254,0.429,24.09,1009.63,1
96.1,56.06,0.374,1.402,0.111,28.9,998.77,0
54.14,94.05,1.256,0.052,0.755,26.25,1016.76,1
86.24,13.36,2.96,1.63,0.689,29.53,1006.57,1
70.35,55.02,0.856,1.876,0.395,34.5,992.07,1
59.08,86.9,1.594,2.944,0.381,21.85,991.84,0
23.08,62.92,2.23,0.122,0.156,30.42,994.3,0
55.67,34.92,0.04,1.536,0.754,16.88,996.34,0
29.5,45.79,2.701,0.294,0.6,32.39,1016.62,1
109.78,71.22,1.16,0.447,0.086,30.57,1013.35,1
40.25,90.17,2.607,1.831,0.378,25.42,996.05,1
114.27,13.7,0.117,0.695,0.904,31.42,997.45,1
63.97,16.44,0.437,2.248,0.452,28.33,1009.1,0
75.79,39.25,0.968,1.543,0.325,26.04,1016.15,0
65.15,30.95,1.036,0.655,0.644,33.92,999.5,0
15.53,33.84,2.543,1.481,0.203,17.61,1005.76,1
45.1,29.91,0.034,0.003,0.524,34.86,1016.71,1
11.9,27.62,1.923,2.588,0.67,18.09,1013.12,0
74.75,21.76,0.394,0.038,0.855,24.6,1016.75,0
53.62,94.06,2.47,0.021,0.693,19.63,998.34,0
93.36,22.98,2.336,1.835,0.384,20.44,1010.73,0
26.46,28.4,1.5,2.921,0.768,27.64,993.42,1
19.75,32.16,0.638,2.568,0.898,15.69,1008.49,0
48.76,93.97,1.903,0.756,0.478,33.81,999.12,1
111.19,78.01,0.469,0.59,0.005,20.59,1011.04,1
85.25,81.07,0.57,1.878,0.881,20.45,994.26,1
50.27,19.43,1.88,2.468,0.165,32.27,1009.97,0
62.07,85.27,2.974,1.086,0.126,30.3,1011.26,1
10.11,46.74,2.673,1.297,0.308,28.43,1015.71,0
118.15,33.65,1.779,0.346,0.38,17.93,1010.61,1
79.97,61.82,1.616,0.458,0.799,30.39,1005.69,1
34.25,84.0,2.995,1.705,0.389,22.22,1013.52,0
70.3,80.08,1.642,0.308,0.049,34.88,998.53,0
13.14,90.1,1.26,0.606,0.636,28.42,1010.32,0
115.9,93.53,2.729,0.704,0.671,31.72,1011.74,1
20.97,31.43,0.703,1.332,0.814,29.68,1001.78,0
77.76,48.15,0.293,0.137,0.399,26.88,1019.67,1
29.45,11.32,1.902,1.499,0.086,29.33,1000.68,0
86.11,89.14,0.288,2.786,0.553,26.95,992.53,1
93.22,23.91,1.119,0.073,0.121,16.02,999.1,1
80.81,87.53,1.271,1.893,0.017,21.91,992.98,1
73.74,39.64,1.643,2.508,0.779,21.33,1000.18,1
107.1,43.13,2.975,0.937,0.403,29.28,993.84,1
9.44,13.52,0.663,0.395,0.525,26.52,1003.19,0
39.71,39.42,1.127,0.13,0.663,27.21,1013.34,0
29.79,89.95,0.397,1.932,0.401,31.94,992.02,0
118.56,12.3,1.823,1.657,0.051,25.51,1006.89,0
46.73,46.57,2.183,0.688,0.253,19.37,991.31,1
87.91,12.83,1.446,2.495,0.194,15.25,1016.54,1
82.17,43.38,0.737,2.207,0.977,18.19,1017.64,0
25.45,25.54,1.863,0.829,0.74,15.61,1004.77,0
28.68,32.7,1.617,2.26,0.452,19.74,1013.08,0
33.75,88.98,0.514,0.735,0.063,27.7,1007.79,0
49.34,49.24,1.217,2.026,0.116,18.03,1000.22,1
28.12,34.64,1.306,0.356,0.813,16.64,997.35,0
2.36,63.04,2.948,2.077,0.945,34.42,1012.76,1
105.53,22.79,2.548,0.716,0.031,34.94,1002.9,1
115.87,33.35,2.203,1.717,0.91,27.74,1017.61,1
40.99,59.16,2.666,0.517,0.381,17.17,1019.27,0
40.62,31.38,2.206,2.178,0.214,31.43,996.31,1
0.85,71.12,2.71,0.183,0.102,25.78,1006.83,0
81.63,54.23,0.164,0.496,0.772,18.64,1006.11,1
99.05,79.48,1.368,0.552,0.469,26.51,1016.04,1
17.59,95.34,2.241,0.124,0.832,15.79,1010.73,0
19.16,20.42,1.75,2.235,0.226,34.45,1008.22,0
94.81,40.12,0.525,2.943,0.679,31.52,1010.37,1
73.95,38.76,1.021,2.335,0.118,20.22,1001.68,0
5.38,23.61,0.953,2.582,0.09,23.38,1018.81,0
74.71,82.93,0.784,0.018,0.133,22.91,991.73,0
37.07,78.39,1.029,0.354,0.809,32.23,990.87,1
44.25,53.6,1.545,1.677,0.656,22.09,1002.47,1
92.37,58.4,2.565,2.934,0.166,15.96,994.64,1
97.31,15.36,2.226,1.982,0.385,19.29,1006.34,1
48.04,60.0,2.506,1.122,0.764,19.31,990.27,1
113.66,81.22,2.651,0.438,0.286,33.98,1003.79,1
48.78,61.64,1.248,0.459,0.921,33.48,998.85,1
92.62,33.88,1.038,1.088,0.915,21.01,996.07,1
58.07,70.08,0.173,2.141,0.553,15.06,1003.34,0
107.7,42.53,2.791,0.095,0.632,25.34,1015.64,1
108.93,59.04,0.197,2.557,0.653,30.94,1009.66,1
10.49,53.88,2.223,2.825,0.258,20.37,994.8,1
112.38,44.31,1.134,2.666,0.365,23.78,1004.97,0
99.06,74.7,2.846,2.739,0.136,18.46,1017.95,1
94.96,89.55,1.259,0.046,0.925,21.55,1003.18,1
24.11,10.47,2.45,2.933,0.724,30.18,1004.12,0
96.61,94.03,0.848,1.099,0.046,23.57,1018.24,1
102.02,56.04,0.897,2.608,0.549,23.95,994.07,1
34.7,73.07,1.787,0.56,0.343,30.79,1012.05,1
114.27,87.01,2.994,1.34,0.815,30.26,998.97,1
5.98,52.04,1.553,0.132,0.344,18.74,1015.98,0
17.99,85.15,2.809,0.12,0.644,23.31,991.63,0
64.51,25.99,2.359,2.83,0.166,31.98,1019.71,0
69.1,24.33,2.388,2.432,0.559,24.13,1013.06,0
77.42,69.17,1.308,1.589,0.294,28.24,998.53,1
2.04,88.31,1.16,1.576,0.165,21.12,1012.83,0
115.24,90.32,0.576,2.246,0.619,16.19,1017.69,1
5.35,67.94,2.892,1.025,0.639,18.3,993.39,0
17.17,57.29,2.878,2.286,0.983,23.03,1017.41,0
1.68,39.83,2.241,1.455,0.669,22.07,1000.81,0
68.02,98.2,0.889,1.914,0.516,32.91,990.19,1
111.87,38.77,0.736,2.894,0.913,25.91,993.37,1
79.91,76.98,2.966,1.414,0.828,27.54,1016.54,1
98.72,57.88,0.2,1.255,0.549,28.77,1019.48,0
1.59,64.77,2.531,2.717,0.511,25.63,1016.86,0
65.04,45.41,1.066,2.708,0.942,30.39,1003.25,1
55.15,96.83,1.257,2.977,0.617,30.66,1018.84,0
59.88,61.45,2.496,1.653,0.714,22.03,1002.21,1
8.67,94.4,0.272,1.033,0.087,16.7,993.41,0
82.13,10.68,1.063,0.721,0.718,34.73,1000.23,0
60.39,61.54,2.856,0.102,0.265,27.85,1019.95,1
91.82,74.55,2.097,2.18,0.116,29.18,1008.78,0
58.23,77.06,2.265,0.7,0.85,30.13,1000.2,0
17.93,91.45,2.273,1.82,0.691,27.26,1008.73,1
77.79,10.4,0.182,2.75,0.408,24.42,1002.87,0
20.69,10.03,0.61,2.851,0.431,34.69,991.49,1
104.69,52.5,1.474,0.013,0.197,29.55,996.03,0
73.57,12.64,1.104,0.951,0.01,31.92,990.58,0
18.86,97.71,1.233,2.512,0.349,23.79,997.64,1
115.48,29.99,2.344,1.609,0.148,33.1,1012.19,0
62.2,52.54,0.044,2.423,0.422,29.64,995.8,1
8.75,15.5,1.981,2.56,0.834,29.92,1005.84,0
75.22,56.98,0.0,1.328,0.115,16.74,1011.05,0
30.38,44.2,0.189,1.077,0.092,27.35,1006.46,0
96.44,14.02,1.225,1.366,0.902,21.7,990.46,1
98.14,40.16,2.523,1.958,0.745,28.38,1000.9,1
117.47,45.23,0.435,1.101,0.053,26.36,1003.25,0
60.22,99.09,1.664,2.325,0.08,17.22,1000.28,0
54.59,28.71,2.036,2.712,0.685,25.6,1006.39,0
90.42,59.03,0.689,0.847,0.37,24.03,1005.39,0
15.9,98.86,1.537,2.895,0.724,30.53,995.62,1
65.63,81.28,2.734,1.868,0.404,25.05,1012.56,0
65.55,99.4,1.537,2.635,0.968,24.62,994.83,1
10.74,97.15,0.472,0.312,0.694,29.39,1003.77,0
50.16,54.06,1.883,0.754,0.047,28.37,1012.69,0
102.39,72.67,1.777,0.963,0.331,34.84,1010.92,1
102.74,19.94,0.081,0.908,0.564,22.04,1002.97,1
11.91,49.7,0.272,0.516,0.142,28.77,1013.67,0
10.89,82.81,0.47,2.605,0.003,18.35,1011.41,0
31.52,55.48,0.409,1.256,0.079,31.09,1001.54,0
104.97,73.24,0.778,2.889,0.524,30.72,1016.87,1
15.47,77.12,1.362,1.75,0.632,29.52,994.26,0
86.4,32.81,1.115,0.415,0.093,17.38,1000.75,0
12.14,88.81,2.672,1.638,0.665,34.75,1010.93,1
74.78,51.38,1.836,2.981,0.617,33.85,1016.19,0
42.73,28.92,2.628,1.696,0.94,22.4,999.68,1
94.67,87.89,1.581,0.006,0.841,26.55,1006.84,0
28.04,47.6,0.27,2.799,0.943,32.78,990.36,0
76.7,77.53,1.39,0.705,0.966,24.89,1001.13,1
28.28,59.32,2.466,2.066,0.441,26.98,999.93,1
85.64,44.37,0.582,1.545,0.488,27.06,1015.27,1
104.84,82.89,0.274,0.976,0.282,27.99,992.22,0
15.22,62.6,0.988,0.848,0.508,26.51,991.86,1
103.99,45.15,1.167,2.786,0.151,23.12,1003.28,0
71.23,19.86,0.919,2.736,0.671,25.79,1002.22,1
15.25,90.59,0.406,1.539,0.025,32.43,994.85,0
51.31,13.19,0.753,0.775,0.236,32.28,997.9,0
19.3,87.69,2.047,0.307,0.208,30.45,1019.23,0
84.04,42.4,1.158,0.47,0.938,23.28,1005.4,0
91.06,67.54,1.898,1.567,0.145,30.72,992.64,0
12.7,93.0,1.609,0.923,0.891,22.76,991.49,0
60.74,23.65,1.647,0.126,0.124,28.28,991.26,0
97.76,61.03,0.746,1.366,0.651,26.35,1001.67,1
112.34,78.8,1.565,2.239,0.32,21.0,1015.97,1
61.62,78.18,0.071,2.675,0.316,24.06,1014.99,1
114.03,57.31,1.295,1.756,0.998,31.61,1001.04,1
64.28,66.23,1.718,2.17,0.226,33.26,1013.23,0
47.3,78.18,0.546,1.092,0.203,19.11,1012.57,0
101.78,85.69,0.77,1.489,0.589,24.12,1004.49,1
59.16,78.56,0.659,2.189,0.741,23.67,1002.13,0
56.63,41.86,0.212,2.183,0.983,24.78,995.42,1
58.84,99.71,1.044,1.274,0.701,34.53,998.36,1
101.61,49.11,2.937,1.631,0.562,25.37,1000.16,1
99.83,12.2,1.062,2.772,0.409,31.6,1014.38,1
48.42,42.64,1.382,1.896,0.595,28.28,1006.59,0
40.0,21.5,1.959,1.928,0.601,17.14,996.03,1
59.03,20.93,1.945,2.354,0.218,28.91,992.87,1
68.73,35.34,2.85,0.346,0.671,27.94,1004.9,1
28.6,14.8,2.573,1.569,0.204,30.17,1009.99,0
95.27,71.97,2.382,2.878,0.49,16.49,1014.57,1
58.38,16.66,2.855,1.085,0.26,19.83,1013.92,0
40.09,28.3,0.692,0.885,0.313,30.39,1014.72,0
12.82,18.36,1.851,1.804,0.614,22.41,1003.44,1
28.66,15.69,2.662,0.663,0.064,33.22,1015.97,0
113.91,34.1,1.872,1.668,0.012,25.35,1003.34,0
36.61,61.47,2.932,0.467,0.131,15.02,995.04,0
20.26,96.82,0.301,1.739,0.169,28.98,1001.92,1
55.28,88.8,1.318,1.807,0.198,25.27,1000.2,0
36.85,88.83,2.932,1.255,0.774,21.34,1001.77,1
4.22,25.85,1.139,1.148,0.447,15.41,1009.76,0
38.78,33.84,2.219,0.736,0.47,18.97,1009.71,1
65.29,16.88,0.091,0.993,0.644,18.23,996.75,1
66.21,80.06,2.085,1.495,0.729,26.66,999.48,1
42.79,16.28,2.804,0.743,0.004,30.39,1007.86,0
53.68,60.1,1.148,2.349,0.857,19.69,992.52,1
115.86,32.31,0.064,2.127,0.988,28.95,1010.66,1
45.28,31.91,0.084,0.808,0.122,33.0,995.37,0
30.99,99.17,2.676,0.292,0.651,27.43,1015.52,1
29.22,78.11,2.168,0.001,0.002,30.51,1002.05,1
54.93,85.32,0.32,1.79,0.049,19.08,996.62,0
91.14,61.48,0.164,0.634,0.285,16.5,1010.03,1
24.72,88.39,2.414,0.038,0.846,22.31,1006.62,1
85.12,68.09,2.43,1.077,0.653,29.18,995.16,1
2.54,95.16,0.362,2.886,0.446,28.72,1014.81,0
50.27,35.32,0.905,2.07,0.439,34.1,1003.6,0
93.1,63.58,2.34,2.573,0.466,27.6,994.57,1
40.65,72.11,1.576,0.434,0.311,23.23,1013.89,0
67.65,45.36,2.87,0.22,0.878,30.94,994.0,1
24.6,89.17,1.443,0.035,0.568,18.06,1019.04,0
89.04,98.18,2.031,2.867,0.484,31.26,1003.25,1
6.27,54.44,1.529,0.901,0.465,22.32,1011.85,0
102.31,45.16,2.829,1.379,0.936,18.08,1003.56,1
23.78,52.47,1.196,1.184,0.724,18.24,995.63,0
104.93,86.75,0.689,2.191,0.145,34.67,1012.74,1
42.3,68.09,0.98,0.93,0.437,27.46,998.68,0
86.72,14.03,2.558,1.606,0.288,18.49,1010.47,0
38.31,58.8,1.494,2.987,0.987,20.37,997.72,1
108.71,11.56,1.063,1.332,0.415,22.44,997.23,1
15.2,80.07,1.633,1.654,0.068,16.12,1003.72,0
21.42,39.55,0.4,1.508,0.411,17.17,1014.49,0
59.16,52.48,0.016,2.41,0.321,30.24,1008.41,0
9.83,81.88,0.842,0.801,0.6,30.74,991.94,0
23.52,14.18,1.815,0.511,0.226,34.76,1012.02,0
113.25,24.27,2.135,2.262,0.036,16.35,1007.39,1
117.18,45.82,2.48,1.247,0.096,32.78,1008.71,1
45.15,30.69,2.78,2.741,0.283,21.34,1000.61,0
110.79,40.41,1.236,1.932,0.348,21.56,1006.68,1
65.38,99.84,2.222,1.693,0.834,17.55,1001.16,1
32.37,84.29,0.224,0.211,0.27,34.73,992.45,0
84.29,89.55,0.173,2.191,0.031,34.62,1015.33,0
79.07,94.33,0.374,2.058,0.781,32.3,1010.34,0
118.7,40.68,1.346,1.92,0.869,16.82,1010.11,0
31.81,36.74,0.634,0.804,0.492,31.83,995.81,0
80.65,31.07,0.861,2.84,0.285,27.69,1009.91,1
6.24,84.71,1.944,0.965,0.772,17.58,996.96,0
13.64,71.16,1.076,0.457,0.009,20.24,1010.63,0
0.47,31.26,1.672,2.962,0.924,28.78,1000.01,0
119.94,43.93,1.237,2.239,0.866,31.07,994.73,1
96.27,55.6,0.507,1.244,0.545,31.96,1017.19,0
94.41,57.53,0.222,2.808,0.278,25.88,993.14,0
61.17,89.99,0.709,0.273,0.033,25.69,1012.85,0
36.01,44.25,0.173,0.263,1.0,28.68,993.05,0
18.15,91.77,1.856,2.047,0.762,30.55,1010.54,0
34.16,49.72,2.387,0.534,0.339,18.41,993.31,0
45.12,77.17,1.019,2.751,0.019,29.8,1005.26,1
90.76,93.72,1.161,2.521,0.639,21.83,995.64,1
64.76,91.68,2.449,0.919,0.987,22.68,1016.0,1
9.3,15.13,0.668,2.667,0.707,16.55,1002.04,0
2.16,28.51,0.357,0.129,0.084,26.77,990.46,0
12.28,52.92,1.503,1.646,0.402,16.87,1008.84,0
49.26,48.84,1.939,2.807,0.109,33.26,1003.35,0
111.98,67.68,1.799,2.566,0.912,27.42,1015.79,1
76.49,95.02,2.142,1.068,0.33,34.81,1002.99,0
96.22,20.12,0.17,0.549,0.733,19.91,1002.33,1
55.96,50.67,1.285,0.632,0.085,28.59,1003.62,0
43.4,27.32,0.716,1.544,0.128,34.29,1015.8,0
13.01,90.47,2.277,1.79,0.679,20.97,1007.6,0
105.11,96.81,2.618,0.098,0.843,16.93,1010.08,1
93.98,53.08,0.844,1.241,0.201,27.68,1011.61,1
20.17,19.36,0.286,2.491,0.418,22.32,1018.13,0
61.47,80.68,0.76,1.333,0.619,20.46,1015.13,1
58.48,72.74,0.312,0.508,0.796,34.87,1017.82,1
75.01,41.92,0.967,2.865,0.628,30.08,1000.3,1
113.54,89.87,1.615,0.799,0.095,24.71,996.45,1
69.57,97.82,2.921,2.395,0.543,16.0,996.1,1
64.83,60.21,1.198,0.581,0.885,18.83,1015.73,0
6.04,60.92,0.66,1.27,0.868,20.98,1014.92,0
7.55,36.78,0.5,1.471,0.585,24.74,1009.51,0
22.48,62.61,0.519,1.502,0.996,24.94,991.89,1
3.9,49.57,0.578,1.549,0.105,15.49,999.54,0
89.2,37.2,2.287,0.675,0.479,33.87,1012.03,1
86.8,16.05,0.183,1.548,0.775,25.86,997.46,1
16.33,32.74,2.992,1.445,0.141,15.39,1008.72,0
100.33,27.81,1.568,0.626,0.973,29.03,1006.28,1
18.57,58.78,1.633,2.965,0.354,16.43,997.88,0
36.14,64.15,1.073,2.597,0.35,29.42,1018.03,0
29.88,64.77,2.071,2.663,0.213,29.03,997.7,0
44.68,44.94,1.414,2.057,0.288,34.7,1016.84,0
30.56,47.91,0.987,0.48,0.578,21.84,1006.23,0
58.67,85.08,0.795,1.704,0.429,17.89,992.75,1
48.89,52.86,2.777,2.464,0.193,16.84,1015.01,0
118.39,98.9,0.873,0.116,0.809,16.43,1013.74,1
6.71,49.57,1.309,1.488,0.062,31.21,1014.93,1
17.06,68.46,1.051,1.188,0.835,29.37,1009.14,0
6.34,14.53,0.259,0.636,0.275,34.52,1011.35,0
75.1,68.8,0.558,1.135,0.496,21.18,1017.21,1
6.54,86.63,0.569,2.95,0.381,31.06,993.83,1
100.37,94.82,2.081,2.17,0.571,16.86,992.49,1
61.43,99.76,1.22,0.899,0.796,33.08,993.75,1
63.24,35.4,2.346,1.816,0.989,16.04,1016.1,1
67.39,61.78,2.127,0.74,0.306,30.76,1006.89,0
20.5,50.56,0.576,1.833,0.554,21.15,995.28,1
23.72,60.74,1.689,2.689,0.466,18.62,994.25,0
38.26,24.17,2.229,1.671,0.999,29.09,1003.36,1
71.22,87.05,1.899,2.2,0.809,32.92,1014.47,1
25.21,91.86,1.8,1.36,0.397,30.28,1014.16,0
13.96,50.47,2.219,1.572,0.477,21.26,1015.54,0
116.41,35.24,0.17,2.085,0.246,22.07,1013.07,1
2.64,22.68,2.194,2.437,0.755,18.79,991.85,1
96.32,71.54,0.818,1.978,0.845,31.48,1011.61,1
94.56,38.1,1.716,2.932,0.965,17.14,1005.57,0
35.67,91.86,0.727,2.459,0.566,33.06,1011.79,1
16.28,70.39,2.516,2.331,0.671,27.02,1004.53,1
17.48,68.11,1.442,2.535,0.446,26.78,1004.51,0
83.69,60.35,1.929,0.844,0.609,31.76,993.78,1
77.14,14.12,2.382,1.296,0.349,28.35,1017.16,1
93.93,93.87,2.686,1.693,0.738,21.08,1001.24,1
112.5,66.51,2.196,1.387,0.023,21.99,1007.47,1
83.03,99.47,0.446,2.542,0.028,18.46,996.21,1
18.7,58.36,2.564,0.081,0.716,24.28,1001.07,1
29.21,73.91,1.856,0.628,0.931,17.2,1016.12,0
101.06,15.06,1.828,2.645,0.632,28.06,996.29,1
25.12,66.86,2.764,0.177,0.727,18.38,996.18,1
8.7,78.82,0.746,0.681,0.824,32.28,997.81,0
84.39,80.07,0.719,1.054,0.362,29.01,1007.24,1
48.3,79.31,1.54,2.252,0.108,32.83,1005.62,0
110.4,30.37,2.253,1.681,0.933,16.74,995.26,1
78.03,97.79,1.342,2.864,0.939,30.97,1010.76,1
10.85,99.57,1.902,0.684,0.442,32.62,1017.23,1
113.74,16.8,1.358,2.616,0.217,15.89,995.96,0
31.03,94.28,1.831,0.849,0.892,34.98,1010.19,0
40.47,36.05,2.467,0.736,0.708,21.01,1007.59,0
48.27,72.04,0.541,1.495,0.008,19.23,999.87,0
6.15,40.43,2.086,0.214,0.108,23.3,1008.53,0
59.58,97.1,2.362,1.153,0.983,15.17,996.3,1
14.8,19.14,1.341,1.067,0.038,32.72,1015.02,0
48.12,54.8,0.97,0.48,0.283,20.37,990.67,0
42.09,48.52,0.041,2.582,0.548,25.43,1007.01,1
92.74,39.34,2.391,1.158,0.184,27.47,999.56,0
96.38,68.1,0.984,2.946,0.232,30.82,1016.44,0
18.41,21.8,1.072,2.699,0.353,20.0,1004.98,1
43.99,74.5,1.008,0.584,0.27,29.34,1014.07,0
44.8,98.25,1.496,1.515,0.803,17.35,1017.71,0
18.17,82.41,2.107,1.805,0.5,29.08,1000.03,1
95.81,87.4,2.316,2.457,0.279,33.39,1016.41,1
84.87,42.37,1.178,2.657,0.313,16.7,1011.79,1
22.85,39.24,1.989,1.872,0.04,17.33,993.25,0
44.01,56.53,2.162,0.105,0.049,26.14,993.12,0
12.7,14.12,0.891,1.444,0.718,15.93,1014.52,0
75.38,95.08,0.29,2.654,0.113,18.75,1004.05,1
14.56,22.94,2.684,2.142,0.476,18.8,1004.85,0
118.31,91.27,2.031,2.61,0.842,24.62,1016.74,1
93.68,17.52,1.944,2.022,0.368,19.97,1017.11,0
46.83,84.04,0.177,0.132,0.346,24.51,993.38,1
69.43,23.68,2.454,2.904,0.873,25.42,1001.21,1
109.36,13.43,1.698,2.754,0.865,29.61,1016.86,1
66.49,74.75,2.544,0.38,0.88,33.92,1014.6,1
20.94,35.22,2.924,0.338,0.572,25.07,1011.63,0
45.44,74.3,2.871,1.617,0.952,22.1,993.06,1
101.18,59.96,2.568,2.271,0.819,20.17,1008.64,1
77.31,19.79,0.033,1.147,0.416,27.69,1007.46,0
78.09,93.89,2.657,0.409,0.63,33.86,995.02,1
104.02,50.71,0.225,1.532,0.122,30.29,1013.22,0
107.28,76.1,2.554,1.013,0.551,19.12,999.36,1
110.38,55.09,0.841,1.055,0.263,32.87,1008.62,0
11.38,64.39,1.83,1.935,0.284,29.71,1000.86,0
65.3,37.25,0.114,2.657,0.126,17.56,992.53,0
88.86,28.03,2.314,1.676,0.358,29.26,1005.74,0
90.83,58.83,0.335,2.063,0.481,20.79,999.2,0
72.81,49.62,1.232,1.98,0.6,24.83,992.14,1
20.01,45.11,2.452,1.653,0.305,21.0,995.96,0
95.69,70.53,2.086,0.932,0.792,16.68,1008.57,1
86.41,72.15,0.018,1.133,0.521,30.37,993.04,1
10.34,14.13,1.209,0.947,0.638,31.57,992.62,0
55.66,40.49,0.126,2.752,0.278,19.64,1018.32,0
20.88,47.06,2.02,2.48,0.814,19.79,993.23,1
40.5,18.72,2.907,1.738,0.624,23.6,1001.28,0
2.17,31.23,1.966,2.737,0.862,31.23,994.0,0
48.04,14.65,0.673,2.659,0.16,16.55,1018.18,0
65.99,99.66,1.066,2.783,0.381,31.17,1004.43,1
74.35,76.29,2.93,0.665,0.113,33.45,993.33,1
79.62,17.87,0.672,2.153,0.216,26.23,1013.06,1
100.35,11.82,1.685,1.828,0.395,16.21,1013.42,0
25.86,74.74,1.201,2.201,0.895,20.39,1017.04,0
14.46,49.53,2.305,0.79,0.557,17.23,1011.17,0
102.18,80.81,2.602,2.084,0.33,20.19,991.64,1
18.79,93.11,1.023,1.229,0.747,31.24,1006.51,1
116.97,63.94,1.981,2.502,0.02,16.11,1001.52,1
101.1,26.84,1.647,2.386,0.37,20.68,1012.46,0
60.11,80.4,0.835,0.634,0.601,25.34,1007.73,1
117.77,96.02,0.816,0.552,0.583,32.48,1011.76,1
11.69,62.22,1.616,2.153,0.608,20.0,995.41,0
36.37,71.38,0.462,1.651,0.212,30.57,1003.11,1
76.59,40.37,2.432,1.672,0.337,26.67,1002.96,1
42.0,44.34,0.207,2.258,0.932,28.53,1019.43,1
111.4,76.12,0.284,2.565,0.974,32.24,990.57,1
7.88,93.5,1.027,0.717,0.312,15.53,1014.48,1
65.93,66.61,0.354,1.667,0.645,25.59,992.91,0
70.9,81.09,1.427,2.487,0.241,29.94,992.41,1
78.33,25.45,1.199,2.618,0.369,32.69,999.85,1
30.68,29.08,2.165,0.862,0.792,17.65,1011.02,1
43.75,57.88,2.859,0.312,0.501,21.83,1010.35,0
101.24,25.89,2.261,0.698,0.85,16.57,1008.84,1
23.39,67.15,0.538,2.836,0.629,31.7,1013.24,1
99.22,36.25,2.807,1.387,0.629,32.15,996.97,1
67.52,81.24,1.176,1.256,0.034,24.67,1009.02,1
91.46,82.73,1.423,0.039,0.75,15.42,1009.14,1
85.63,51.74,1.265,0.153,0.978,17.04,1009.63,0
24.9,26.27,0.842,2.006,0.473,27.49,1007.83,0
68.26,68.21,2.685,1.769,0.159,34.65,996.65,1
104.13,99.35,0.997,1.727,0.977,31.78,1017.43,1
51.85,66.03,1.736,0.331,0.29,30.96,1019.28,1
115.99,13.22,0.72,1.056,0.409,23.36,1010.68,0
54.27,11.56,2.392,2.437,0.077,34.7,1003.32,0
17.13,38.83,2.323,0.525,0.111,31.5,1006.12,1
46.73,27.62,0.889,2.648,0.217,21.71,993.25,0
114.2,83.17,2.045,0.364,0.548,29.97,1000.9,1
38.37,86.03,2.112,0.507,0.558,23.65,1019.28,0
104.17,33.28,1.688,1.433,0.606,28.21,1006.43,0
105.75,39.31,1.802,2.836,0.584,34.4,1006.82,1
42.02,31.26,1.723,0.989,0.495,19.93,1018.62,0
9.99,91.75,0.246,1.975,0.802,30.9,1016.59,1
86.95,55.24,2.011,1.766,0.934,26.81,1007.06,1
37.38,69.05,1.409,0.449,0.27,34.0,998.07,0
93.95,47.39,1.315,0.745,0.13,17.69,993.51,1
53.12,66.79,2.58,2.79,0.425,29.39,1015.91,1
58.23,44.73,0.07,0.554,0.026,15.74,1017.6,0
93.35,40.57,0.754,2.085,0.883,19.93,1004.83,0
45.88,67.1,0.364,2.894,0.24,21.42,992.84,0
53.18,63.2,0.106,0.359,0.549,23.65,1008.19,0
45.14,36.42,0.827,1.198,0.115,34.31,1001.02,0
44.08,23.44,2.965,0.672,0.553,16.35,994.74,0
63.11,43.17,0.811,0.665,0.039,18.38,1017.57,1
97.06,47.37,1.991,0.357,0.769,19.06,997.18,1
43.41,66.58,0.355,1.949,0.955,23.48,1011.33,0
62.91,92.31,1.806,2.239,0.307,16.21,1002.88,0
80.49,13.26,2.953,2.03,0.258,34.31,1014.84,1
32.33,31.93,0.876,2.774,0.448,26.2,1011.03,0
33.3,27.43,2.544,0.437,0.62,31.27,993.69,1
112.01,55.21,2.993,0.96,0.189,30.45,1003.49,1
86.82,48.67,1.766,1.034,0.803,28.22,997.79,1
69.26,75.61,0.928,0.696,0.199,33.09,1011.41,1
77.73,31.82,2.021,0.427,0.005,33.05,1006.34,0
3.52,63.5,2.535,1.46,0.524,17.56,1000.21,0
74.17,89.55,0.514,2.503,0.115,33.04,999.88,1
61.14,91.96,1.358,2.864,0.698,25.48,993.43,1
65.49,96.29,0.958,0.388,0.167,20.36,996.41,1
43.13,79.59,0.85,2.469,0.817,27.17,1011.4,0
9.78,91.54,2.582,2.474,0.47,20.62,1008.3,0
23.2,31.11,1.265,1.167,0.566,24.58,1000.67,0
114.09,27.78,1.017,0.33,0.187,31.33,1015.08,1
49.04,10.58,1.811,2.97,0.147,15.64,1004.53,0
56.0,73.62,0.658,1.967,0.631,18.66,1013.83,1
6.33,94.37,0.69,2.947,0.255,34.13,1013.44,0
4.51,26.82,1.561,1.451,0.386,23.9,1015.44,1
86.06,67.32,1.228,1.186,0.479,21.07,1015.49,1
64.57,77.18,0.885,0.742,0.23,33.47,1010.37,0
61.04,93.49,0.162,2.951,0.795,33.22,1012.48,1
29.17,68.22,1.562,0.76,0.939,15.88,1013.31,1
89.37,97.33,2.45,0.071,0.432,22.25,995.07,1
20.19,41.02,2.554,1.537,0.918,33.26,999.01,0
22.79,41.49,0.706,1.131,0.883,18.6,993.13,1
55.29,58.87,1.799,0.784,0.166,26.56,995.68,0
34.35,44.52,2.568,1.904,0.173,21.42,1013.35,1
29.7,10.13,1.226,1.093,0.477,29.73,1018.41,0
77.43,75.86,2.796,1.207,0.526,18.17,1010.21,0
78.12,77.65,2.709,0.069,0.341,26.92,1016.58,0
98.94,77.23,0.624,1.767,0.313,15.0,999.54,1
50.13,41.05,0.777,0.366,0.431,20.05,1015.37,1
8.77,57.01,0.541,0.641,0.69,18.24,1000.16,0
32.84,42.4,0.588,2.151,0.084,19.2,1016.83,0
117.6,11.44,2.724,0.94,0.711,32.21,1013.94,1
71.55,60.62,2.793,0.49,0.926,33.3,1019.51,1
85.17,21.14,0.156,1.732,0.764,30.1,1014.82,0
0.88,17.2,1.781,0.645,0.192,26.8,1001.95,0
62.18,77.99,1.693,0.813,0.087,19.62,993.3,1
4.5,10.86,1.172,1.864,0.49,20.49,1016.23,0
68.31,96.31,1.895,2.22,0.956,21.2,1007.14,1
110.49,56.37,2.842,2.219,0.819,30.54,1015.74,1
116.21,98.47,0.511,1.447,0.563,20.06,1001.61,1
64.87,15.22,0.361,1.363,0.143,34.47,990.87,0
54.98,62.52,0.1,2.363,0.714,30.93,991.57,1
113.4,41.44,1.091,0.579,0.813,34.99,1010.11,1
80.83,85.91,1.013,0.457,0.935,24.18,993.43,1
7.79,42.51,1.292,1.994,0.612,26.79,1012.36,1
55.89,33.44,1.51,1.229,0.514,20.61,1002.58,0
28.83,87.18,2.273,2.13,0.619,27.07,1006.89,1
56.38,43.72,1.176,0.77,0.943,34.48,1014.04,0
54.66,11.51,0.992,0.975,0.628,15.61,997.59,0
69.86,45.13,2.481,2.69,0.258,20.79,1002.39,0
42.81,68.91,2.549,1.265,0.636,20.63,1011.89,1
19.71,32.89,0.698,1.773,0.88,34.65,1017.55,1
60.45,48.88,0.944,0.32,0.567,17.65,998.71,1
99.62,15.1,2.475,0.536,0.503,31.25,1008.68,0
79.68,62.93,0.238,0.108,0.733,20.49,1018.54,1
40.6,78.07,0.978,1.273,0.661,32.21,1009.47,0
112.26,47.2,1.345,2.967,0.057,24.76,1016.78,1
109.46,47.82,0.561,2.622,0.725,19.85,1018.19,1
25.12,17.95,0.54,1.899,0.408,29.19,1017.88,0
4.73,28.17,1.275,2.583,0.941,31.83,1012.75,0
88.96,23.92,2.264,1.783,0.971,24.4,1006.56,1
99.31,53.35,2.521,1.106,0.449,29.28,992.9,1
116.14,57.63,2.938,0.521,0.969,18.63,996.68,1
106.78,95.4,0.222,1.959,0.311,33.75,997.67,0
72.06,16.59,0.65,0.579,0.683,16.93,991.0,0
63.61,63.99,2.27,1.252,0.075,19.44,993.06,0
3.34,57.38,1.622,2.477,0.145,20.77,998.84,0
29.6,56.46,0.983,0.388,0.865,18.06,992.72,0
55.15,88.58,0.617,0.387,0.894,23.13,995.09,1
75.42,28.5,0.841,0.673,0.533,24.15,991.63,0
66.87,13.67,1.288,1.656,0.34,25.37,1002.5,1
89.12,70.5,0.531,0.755,0.451,15.82,1014.64,1
33.57,41.06,2.893,1.51,0.87,19.38,1014.37,0
67.79,11.58,0.323,0.906,0.211,31.16,1017.15,0
10.58,32.62,2.957,1.519,0.295,31.21,1012.37,1
49.64,37.84,2.526,0.833,0.785,21.6,997.33,1
90.02,65.52,1.269,2.94,0.935,24.22,1011.07,1
83.21,25.53,2.219,1.478,0.093,18.67,1012.61,0
118.88,47.17,2.015,2.231,0.804,31.44,1006.29,1
33.35,53.42,0.64,2.102,0.645,34.13,1014.21,0
59.78,51.33,1.017,1.472,0.231,20.83,992.14,0
39.54,97.65,1.539,0.717,0.756,30.64,1007.84,1
52.87,14.1,1.914,1.532,0.728,22.05,1004.4,1
102.83,95.59,1.629,2.043,0.142,15.05,1014.16,1
82.11,62.37,1.419,1.38,0.502,26.99,993.84,1
105.89,81.62,1.329,0.246,0.758,23.21,996.38,1
24.42,48.74,1.495,0.054,0.192,30.17,1006.76,1
104.8,50.85,1.303,0.984,0.463,29.98,1018.42,1
7.17,89.14,1.624,0.451,0.121,33.92,992.5,1
106.63,90.63,2.664,2.719,0.307,23.76,1012.3,1
39.49,31.48,1.898,0.527,0.218,24.65,996.16,1
37.75,27.93,2.168,1.183,0.505,23.01,993.16,0
61.45,54.66,1.792,2.136,0.141,20.94,1001.84,0
112.88,91.02,1.929,2.446,0.383,27.76,1007.49,1
5.73,39.01,1.735,1.433,0.275,31.56,1014.81,0
42.27,68.68,0.081,0.543,0.746,18.16,1009.04,0
102.79,73.73,2.999,0.813,0.7,34.64,1004.75,1
47.53,80.08,0.101,1.257,0.095,28.68,998.57,0
23.9,60.75,1.185,1.094,0.953,30.6,998.78,0
50.98,46.22,0.315,1.046,0.745,34.98,1013.12,1
46.27,97.03,0.291,0.396,0.616,25.08,993.42,0
109.85,65.02,2.381,2.74,0.478,16.43,994.39,1
91.43,75.57,1.278,0.089,0.178,30.81,1011.59,1
60.61,41.05,2.403,1.32,0.962,32.42,1018.83,1
118.6,70.3,0.818,2.941,0.008,18.25,993.61,1
55.83,33.2,0.769,1.979,0.692,15.48,1008.28,0
6.99,32.06,0.754,1.066,0.507,17.72,997.18,0
31.47,74.32,1.848,0.438,0.903,21.48,990.77,1
52.33,56.93,2.445,2.892,0.381,33.49,1014.97,0
18.83,71.49,1.357,0.042,0.519,15.05,1005.26,0
113.71,34.25,1.138,2.044,0.742,31.08,990.72,1
92.02,63.89,2.921,2.64,0.048,32.1,1016.86,0
32.19,49.95,0.35,0.075,0.054,31.22,1006.07,0
70.9,63.73,1.46,2.176,0.212,16.64,1012.11,0
86.57,36.18,1.225,2.997,0.146,28.58,1002.71,1
112.95,74.39,0.294,1.919,0.006,34.08,995.55,1
105.8,82.53,0.805,1.244,0.623,17.41,1003.97,1
61.82,33.39,0.085,2.623,0.796,15.63,998.63,0
92.96,37.06,2.631,1.663,0.957,32.47,998.9,1
67.46,69.5,1.824,2.248,0.441,27.9,1009.32,1
66.32,72.6,2.445,1.763,0.28,27.93,992.82,1
13.77,73.37,1.565,0.115,0.864,34.29,1001.91,0
15.14,71.44,1.799,0.639,0.844,30.4,1006.4,0
63.54,45.35,2.103,0.236,0.625,22.95,1011.3,0
32.26,45.54,2.724,0.32,0.273,23.72,1008.99,0
2.52,32.93,0.275,0.046,0.909,17.89,1016.59,0
86.74,24.12,0.993,1.263,0.178,21.08,1019.77,0
3.9,72.33,2.127,0.536,0.044,23.91,1018.12,0
71.43,18.39,2.875,2.567,0.797,20.22,1012.92,1
64.7,94.4,2.942,2.25,0.564,33.32,1010.58,1
116.26,84.4,1.914,1.72,0.246,15.24,991.06,1
58.11,87.18,0.581,1.467,0.671,26.74,1006.0,0
7.63,91.6,0.358,0.768,0.767,30.43,1009.91,0
66.2,46.77,2.838,1.425,0.845,29.64,1002.39,1
100.93,86.2,1.302,1.924,0.282,27.87,1001.54,1
119.62,24.23,0.584,2.347,0.026,23.21,1006.28,0
51.64,11.95,2.802,0.245,0.51,33.37,1017.2,1
38.44,80.64,0.314,2.125,0.856,21.58,997.83,1
108.8,16.73,2.189,2.228,0.208,30.0,1001.97,1
22.95,98.97,1.876,1.677,0.421,33.53,1009.59,0
73.85,70.73,0.263,0.643,0.256,17.57,995.58,1
48.69,77.81,1.016,1.618,0.013,33.94,1015.05,1
4.93,32.12,0.45,1.508,0.899,30.52,1009.98,1
41.67,70.65,1.813,1.427,0.135,27.33,1000.57,1
31.83,13.89,1.431,1.382,0.767,22.47,1011.67,1
82.33,85.4,0.013,0.332,0.347,33.09,998.38,0
113.85,25.27,2.927,0.549,0.278,15.88,1013.23,1
32.17,72.76,1.049,0.292,0.941,23.64,992.12,1
97.38,30.2,0.775,0.727,0.657,30.13,1002.8,0
6.64,16.16,0.667,0.79,0.687,31.22,997.85,0
64.57,53.33,0.476,0.735,0.76,19.05,1014.5,1
8.47,25.24,2.997,0.633,0.341,15.95,1012.58,0
112.08,75.65,0.885,2.206,0.564,31.06,1015.26,1
91.96,31.38,1.217,2.456,0.27,23.44,1009.55,1
78.95,40.82,2.614,0.981,0.835,17.87,1013.86,0
98.87,61.07,1.926,0.915,0.599,16.71,1003.16,0
77.7,35.65,1.106,2.532,0.243,27.81,1010.34,1
116.27,44.02,2.695,1.872,0.9,26.66,990.93,1
85.67,83.41,2.249,0.88,0.581,32.08,1016.42,1
110.96,26.13,0.684,2.141,0.495,15.63,1010.54,0
62.06,17.4,1.931,1.034,0.034,32.37,1015.98,0
14.05,39.55,2.767,1.76,0.91,32.74,1013.13,1
63.38,48.19,1.489,2.978,0.952,23.93,998.59,0
15.22,58.84,2.201,0.905,0.563,16.53,998.19,0
71.1,43.52,2.913,2.792,0.443,33.93,1013.99,1
57.9,81.09,2.071,0.962,0.36,16.44,995.54,1
74.71,13.54,0.307,1.621,0.268,26.81,993.32,0
1.21,48.86,0.734,1.38,0.575,24.86,990.45,0
23.38,44.4,1.785,2.349,0.128,31.7,998.95,0
58.96,68.28,0.827,0.183,0.919,25.05,992.98,1
114.06,96.96,2.873,1.881,0.176,24.38,1014.05,1
46.03,55.93,1.216,2.282,0.746,32.61,1004.54,1
50.92,98.82,1.372,1.416,0.307,34.28,997.58,1
85.76,37.2,2.105,0.316,0.226,25.99,1008.06,0
72.46,12.78,1.573,0.734,0.558,24.09,992.11,0
35.87,24.91,1.146,2.039,0.765,31.62,1011.78,1
49.3,45.56,0.23,2.686,0.727,31.62,1005.04,0
26.12,38.47,1.789,1.265,0.234,21.39,990.19,0
115.92,18.73,2.603,1.681,0.331,26.52,999.58,1
15.68,48.94,2.057,0.685,0.869,18.08,1012.51,0
44.62,40.43,1.144,1.237,0.723,27.71,995.64,0
3.1,21.04,0.383,1.01,0.713,31.68,1018.86,0
26.61,36.65,2.449,1.967,0.269,18.75,1016.9,0
93.66,89.78,2.825,2.954,0.792,21.46,1013.35,1
24.14,37.18,1.165,2.44,0.358,23.98,992.36,0
9.61,74.26,2.186,0.576,0.401,31.9,1000.62,1
56.93,65.08,1.232,1.733,0.288,29.63,998.95,0
1.2,48.45,1.507,0.199,0.121,21.34,994.13,0
10.17,31.51,2.509,0.741,0.42,19.86,1019.99,0
96.92,43.21,0.25,0.517,0.017,28.91,994.42,0
92.58,63.29,1.591,1.007,0.456,24.6,999.46,0
109.82,41.57,0.644,2.036,0.725,26.87,1016.4,1
102.54,29.34,1.019,1.498,0.961,27.97,994.33,1
81.98,20.48,1.933,2.799,0.079,26.17,1004.09,1
6.28,89.18,0.082,0.638,0.281,27.26,1019.27,0
93.94,49.63,1.781,1.093,0.494,32.75,997.42,0
101.46,66.27,0.85,0.99,0.17,32.36,1011.09,1
95.89,54.14,2.008,0.708,0.117,17.98,992.4,1
61.02,88.53,0.425,2.98,0.452,26.73,1008.03,0
27.95,59.22,2.207,1.162,0.581,23.79,1000.17,0
101.44,53.27,1.937,2.822,0.82,20.71,1010.99,1
87.26,93.21,2.914,1.171,0.998,27.62,1002.99,1
117.69,74.77,2.734,0.612,0.774,25.22,998.97,1
18.68,20.04,0.85,0.358,0.221,30.5,1006.38,0
27.08,25.99,0.082,2.567,0.748,16.87,994.19,0
25.42,80.84,1.966,0.096,0.537,21.05,1014.43,1
95.1,85.23,1.809,2.893,0.451,15.52,1012.52,0
22.43,59.07,0.082,1.255,0.936,29.92,1006.35,1
8.0,59.9,0.368,0.742,0.702,33.25,1001.01,0
119.83,66.87,1.754,1.852,0.682,26.75,1017.46,1
2.98,49.52,2.735,0.399,0.012,27.34,1009.03,0
100.23,71.22,2.72,0.216,0.865,15.93,998.54,1
43.84,19.76,0.454,2.483,0.793,25.08,1014.2,0
100.99,96.52,1.154,1.274,0.299,25.54,1009.05,1
66.55,77.51,0.13,1.555,0.292,15.78,993.81,0
108.2,66.81,1.408,0.53,0.053,30.65,993.43,1
111.14,38.47,2.259,0.184,0.051,20.57,1018.14,1
1.09,24.49,2.37,1.103,0.669,29.47,998.64,0
9.05,46.84,1.497,1.518,0.186,23.06,1009.9,1
30.04,69.54,0.288,2.296,0.924,34.91,991.09,1
80.32,67.03,1.144,1.503,0.842,19.24,1006.7,0
106.59,44.44,2.796,2.348,0.349,16.16,996.93,1
55.19,65.2,0.689,0.346,0.38,34.6,994.19,0
72.84,83.24,0.959,0.192,0.327,19.88,1013.21,1
22.62,12.37,2.24,0.477,0.092,27.71,1014.29,0
96.6,50.56,2.201,2.316,0.031,22.49,1011.46,1
116.08,78.27,2.737,2.278,0.452,27.79,990.34,1
32.23,59.15,1.164,0.424,0.943,26.92,998.55,0
59.38,68.63,1.544,0.093,0.917,29.15,1000.83,0
10.33,56.5,1.402,2.056,0.81,15.37,1010.73,1
67.1,99.27,2.783,2.566,0.629,31.72,1012.67,1
60.33,14.92,2.308,2.262,0.856,24.57,1008.84,0
17.33,54.19,2.494,0.608,0.515,25.38,1013.67,0
53.05,18.23,0.399,1.751,0.18,23.22,1002.82,0
40.09,24.38,2.376,2.272,0.684,34.79,1006.26,0
62.62,44.47,1.299,0.767,0.921,31.03,991.93,1
70.28,24.0,0.07,1.583,0.02,21.23,1002.81,1
1.02,96.73,0.18,0.943,0.251,30.66,1002.98,0
91.32,95.21,2.034,0.677,0.265,23.74,1008.35,1
85.56,40.25,1.116,2.909,0.099,32.4,1001.34,1
43.95,67.58,2.604,2.738,0.225,15.62,997.15,0
6.35,58.04,2.203,1.337,0.384,22.11,997.13,0
90.59,83.4,0.065,0.41,0.94,23.6,994.02,1
114.62,66.47,2.061,2.184,0.86,29.88,1011.03,1
28.82,10.02,0.577,0.767,0.946,18.65,1008.68,0
38.82,78.69,1.268,0.506,0.121,20.73,1007.38,0
22.06,77.22,1.874,1.145,0.028,29.48,1005.93,1
69.23,55.88,2.618,1.59,0.11,16.54,1001.03,0
18.58,91.26,1.368,0.292,0.914,19.02,1013.06,0
42.74,91.76,2.425,1.715,0.157,30.07,1017.66,1
83.64,57.15,2.349,0.046,0.573,32.51,1003.2,1
67.21,64.72,1.244,2.676,0.228,29.58,1002.27,1
46.38,99.69,1.503,2.762,0.021,25.54,994.88,0
50.43,36.89,2.101,2.199,0.085,16.98,1010.12,0
67.45,39.22,0.093,1.4,0.71,31.54,1006.74,0
0.7,26.45,2.672,0.765,0.182,17.48,1019.64,0
9.42,90.63,2.309,2.232,0.229,22.7,1007.53,0
105.75,77.0,0.748,2.795,0.377,16.01,998.66,1
9.35,19.51,2.944,0.476,0.657,29.19,1006.89,0
84.82,98.36,0.538,1.397,0.469,25.07,1019.54,1
110.4,75.79,2.742,0.946,0.945,33.15,1011.7,1
32.48,86.55,0.973,1.07,0.434,17.77,993.86,0
44.46,14.33,2.289,1.217,0.199,31.38,1000.29,0
68.27,55.45,1.369,2.855,0.536,25.21,998.96,1
105.81,72.87,2.209,0.776,0.451,22.32,1015.7,1
113.03,58.87,0.467,1.478,0.787,27.87,1008.33,1
88.75,70.0,0.809,2.854,0.935,30.81,1014.3,1
10.39,83.61,0.3,1.428,0.836,23.81,995.29,0
80.3,43.69,2.595,2.591,0.389,19.66,1017.24,1
49.24,86.38,0.889,0.176,0.216,33.32,991.75,0
56.48,24.66,2.083,2.859,0.914,21.26,1001.25,1
5.9,34.38,2.461,0.563,0.386,34.96,990.42,0
22.93,13.9,2.704,2.94,0.77,30.35,995.53,1
94.86,42.8,0.319,0.527,0.99,28.76,1018.87,1
54.48,44.19,2.679,1.333,0.577,15.25,992.35,1
36.2,82.47,0.592,0.926,0.48,23.97,994.36,0
46.08,68.78,2.211,1.3,0.7,25.05,1017.75,0
102.53,49.31,2.187,0.752,0.194,22.53,1011.31,0
89.88,68.69,0.026,2.896,0.488,18.0,1002.21,0
32.68,14.75,0.662,0.917,0.312,22.35,992.06,0
14.1,26.22,1.476,1.96,0.164,16.5,1013.55,0
30.24,66.43,1.26,0.412,0.61,20.82,1004.78,1
110.49,67.72,2.756,2.473,0.576,16.67,999.69,1
69.79,79.67,1.079,1.628,0.761,30.05,1000.82,1
64.02,46.27,2.811,2.938,0.873,28.42,1005.16,1
71.57,75.03,1.378,1.27,0.22,33.8,1006.54,1
43.92,71.56,2.893,0.586,0.78,22.6,1014.54,0
96.85,96.71,2.212,1.038,0.367,30.72,1013.15,1
62.79,29.36,2.488,2.211,0.629,26.75,1013.01,1
14.01,59.65,0.315,1.977,0.85,27.92,1011.88,0
15.49,64.16,1.758,2.335,0.256,25.95,1012.73,0
64.42,99.88,0.428,0.22,0.601,30.58,1010.33,1
112.39,28.11,0.893,1.741,0.48,15.84,1016.04,1
37.0,57.09,1.871,2.797,0.791,16.61,1006.72,0
104.34,41.16,2.179,0.324,0.697,16.92,1005.63,1
91.69,57.33,0.118,0.283,0.77,20.77,1011.04,0
29.74,30.89,1.593,2.15,0.288,26.82,994.98,0
4.36,14.29,1.696,0.946,0.704,27.91,1013.31,0
12.22,61.53,0.236,1.976,0.606,29.25,1018.08,0
87.42,40.23,1.502,1.636,0.457,20.62,998.89,0
23.96,26.37,2.142,2.958,0.378,28.0,1008.33,1
44.55,39.15,0.16,2.667,0.332,17.35,990.98,0
60.2,14.44,2.281,2.034,0.01,15.2,1012.97,0
87.06,95.54,1.729,0.785,0.17,28.89,1006.79,1
13.59,62.3,2.5,0.786,0.059,29.31,1010.21,0
48.76,83.33,0.654,2.647,0.848,27.44,994.29,1
58.21,48.08,2.5,1.756,0.86,20.18,1014.28,0
64.9,91.3,0.284,2.368,0.846,33.55,997.68,0
98.2,53.5,1.211,1.35,0.818,32.51,1010.54,0
20.6,61.66,0.598,0.309,0.221,25.31,1007.79,0
96.94,54.26,2.628,0.998,0.492,34.78,1009.61,1
83.15,76.0,2.115,0.483,0.908,20.97,991.51,1
66.7,61.0,0.076,2.345,0.76,24.82,1012.26,1
83.94,34.44,0.029,2.102,0.002,33.56,1013.86,0
49.44,23.1,0.874,0.265,0.459,24.24,1004.24,0
16.61,64.55,0.43,1.864,0.011,24.42,1002.27,0
79.89,54.03,1.891,2.622,0.281,16.59,1000.28,1
62.96,18.64,1.991,2.092,0.436,19.23,1017.84,0
76.72,45.61,2.826,1.533,0.893,18.16,1012.65,0
40.56,56.33,2.856,0.936,0.654,26.31,1010.96,1
108.82,84.42,1.977,2.661,0.362,21.37,1017.77,1
70.48,16.85,0.017,1.268,0.491,16.54,1000.46,0
10.25,41.36,1.077,2.566,0.817,25.2,1008.9,1
53.98,84.04,1.539,2.349,0.3,28.38,1010.58,1
90.76,68.36,1.498,2.449,0.615,29.73,1019.89,1
95.3,36.1,1.81,2.969,0.262,31.75,1002.82,1
59.35,86.08,2.882,2.246,0.48,24.64,1002.01,0
107.37,54.4,2.656,0.102,0.025,22.81,992.53,0
32.12,54.85,0.327,0.616,0.852,28.68,992.95,0
49.27,97.89,0.798,0.106,0.048,15.27,1005.35,1
107.83,95.24,2.499,0.57,0.224,27.67,995.14,1
107.55,42.27,2.473,0.184,0.334,23.11,992.19,1
82.29,22.65,0.826,1.505,0.625,24.06,1018.95,1
103.08,39.31,2.192,0.085,0.72,20.93,1018.54,1
10.65,12.74,2.016,1.418,0.08,17.55,999.76,0
103.8,11.87,1.421,2.697,0.043,23.03,1013.7,0
38.47,45.6,0.604,2.246,0.799,21.16,1016.18,1
21.4,94.69,2.666,2.832,0.712,34.2,1003.94,1
28.72,88.42,2.034,0.68,0.832,33.87,996.71,0
50.16,56.03,0.507,1.593,0.677,27.88,993.89,1
30.14,60.87,2.114,0.956,0.751,33.07,994.22,1
38.47,10.53,2.224,1.481,0.379,30.03,1013.91,0
16.2,29.4,2.661,1.671,0.59,21.92,1001.53,0
35.54,12.23,0.669,0.109,0.805,27.08,1010.81,0
68.67,77.91,2.966,0.7,0.172,19.41,1006.16,0
53.02,23.11,0.46,2.114,0.423,28.74,1001.84,0
41.61,88.21,1.802,2.319,0.74,15.9,993.71,1
89.57,67.9,1.972,1.708,0.533,31.63,1000.0,1
107.22,30.65,1.257,0.812,0.682,26.66,1015.21,1
90.81,24.19,1.425,1.215,0.293,16.17,1014.34,1
39.84,66.49,2.673,0.288,0.032,32.44,990.85,0
89.33,91.08,1.936,2.86,0.029,32.55,994.21,1
18.24,74.65,1.491,2.606,0.943,32.06,1012.68,0
15.64,41.37,0.385,0.197,0.945,30.49,1000.07,1
41.48,62.86,0.022,0.499,0.211,28.56,1009.31,0
96.92,37.97,0.375,1.743,0.147,22.94,1006.88,1
29.56,99.92,2.869,0.697,0.018,17.73,1009.56,1
7.59,77.4,2.292,2.803,0.231,20.78,991.61,1
15.81,65.29,2.901,2.267,0.334,21.94,1017.93,0
103.05,48.09,0.107,0.82,0.241,22.16,990.63,0
76.05,65.63,2.041,0.018,0.797,26.31,990.24,0
30.38,40.75,0.133,2.398,0.749,19.17,996.78,1
66.64,12.6,2.346,1.272,0.081,18.79,1019.8,0
63.31,45.56,1.143,1.927,0.697,29.34,992.18,1
78.65,93.74,0.287,0.861,0.521,15.15,1016.24,1
27.98,66.37,1.704,0.429,0.132,17.99,994.77,0
103.73,17.56,0.84,2.026,0.74,23.7,993.27,1
37.12,89.65,1.979,1.351,0.086,17.98,1013.37,0
83.3,34.2,1.975,0.706,0.177,34.2,1015.4,0
1.93,31.94,2.115,0.413,0.149,28.4,1013.77,0
44.72,36.74,2.977,1.741,0.939,23.66,997.23,0
42.21,61.95,1.16,2.177,0.698,17.25,1016.4,0
65.22,59.02,1.396,0.852,0.411,22.7,992.16,0
8.73,54.23,2.414,2.205,0.822,28.01,1000.26,0
94.82,74.58,1.735,0.549,0.216,34.38,1003.9,1
26.13,38.49,0.112,1.015,0.931,24.45,992.03,0
81.24,80.39,2.529,2.235,0.697,28.85,1007.4,1
96.39,25.78,0.154,1.98,0.56,18.91,1006.78,1
67.43,80.44,0.512,0.812,0.795,27.47,1019.77,1
88.91,69.74,0.306,0.366,0.645,19.78,1008.65,1
79.42,71.49,0.234,0.127,0.887,18.96,1001.93,1
42.66,53.34,0.077,2.514,0.829,25.18,1013.71,0
97.06,70.03,0.165,0.225,0.198,19.23,1000.05,0
35.36,17.18,1.327,0.345,0.24,29.43,1005.99,0
68.55,86.64,0.759,0.713,0.065,33.75,991.66,0
89.45,15.0,0.38,1.337,0.22,22.87,999.68,0
45.47,23.39,1.976,2.369,0.343,21.45,1005.84,0
36.33,61.91,0.678,0.742,0.029,18.52,1011.07,1
55.12,76.55,0.057,1.631,0.315,22.81,992.97,0
98.16,16.86,1.255,0.271,0.772,26.19,1013.92,1
111.59,92.87,0.931,1.394,0.84,22.46,1017.0,1
65.41,97.62,0.956,0.533,0.009,27.46,998.43,0
79.38,64.54,1.336,0.634,0.007,28.25,1012.96,0
108.39,53.31,2.007,1.1,0.146,16.96,995.41,1
11.83,76.73,1.849,2.284,0.873,28.96,1005.7,0
27.85,39.55,2.812,2.232,0.469,33.01,1013.93,0
85.07,54.39,1.553,1.245,0.983,15.53,1001.59,1
98.85,92.45,1.418,0.356,0.887,26.03,990.79,1
102.84,96.01,0.64,0.842,0.89,27.08,1006.2,1
49.81,93.44,2.266,1.516,0.128,29.2,1015.34,1
10.72,33.62,0.422,2.608,0.475,22.72,993.25,0
52.53,30.92,1.473,2.905,0.994,31.37,990.89,1
27.69,36.79,1.264,1.912,0.149,25.8,1014.27,0
34.94,49.72,1.975,1.052,0.574,23.18,998.01,1
92.67,38.28,2.753,2.08,0.344,29.39,1000.93,1
9.06,43.68,2.84,1.009,0.388,33.55,992.61,0
99.31,65.86,0.503,1.876,0.891,31.24,992.9,0
51.32,78.63,0.785,0.731,0.588,33.61,1008.44,1
71.53,76.2,2.435,0.801,0.759,20.32,1006.57,1
10.76,83.3,1.555,0.226,0.673,17.37,998.77,1
40.48,12.9,1.359,1.26,0.529,25.69,1003.58,0
10.76,14.3,2.132,1.855,0.792,15.89,1001.65,0
115.39,81.04,1.806,2.366,0.971,28.49,1010.85,1
96.87,57.98,2.912,2.431,0.967,19.8,1015.86,1
55.16,62.03,1.752,2.977,0.789,24.09,1012.95,1
26.83,14.73,1.398,0.263,0.487,28.11,990.13,0
112.01,32.98,1.628,1.479,0.163,24.66,992.99,1
41.35,67.45,2.426,1.564,0.044,19.72,1002.88,0
19.32,87.33,1.838,2.414,0.231,32.61,1015.55,0
67.58,92.53,1.941,0.799,0.34,30.29,997.11,1
113.25,55.04,2.914,0.208,0.13,27.02,1016.37,1
0.46,59.09,1.855,0.941,0.225,28.97,993.3,0
28.57,84.97,1.141,2.952,0.084,23.31,992.18,1
112.61,58.39,2.074,2.698,0.524,22.52,1017.4,1
20.53,56.52,1.978,1.186,0.126,18.2,994.86,0
13.59,91.46,0.042,2.629,0.743,31.07,1003.91,1
68.42,81.09,1.402,0.098,0.333,22.62,999.78,1
103.42,91.82,2.229,0.943,0.672,28.85,994.43,1
57.25,29.64,1.497,2.18,0.883,21.0,1008.96,1
119.35,57.19,2.339,0.664,0.086,30.92,1018.91,1
81.5,85.82,1.353,0.595,0.989,17.1,1009.74,1
8.89,20.0,2.95,2.585,0.645,27.5,1000.61,0
119.14,81.52,0.879,1.848,0.053,31.15,1011.35,1
48.95,26.47,0.276,2.967,0.314,28.21,994.3,0
34.49,82.73,1.29,0.404,0.886,28.92,1007.4,0
66.95,65.08,1.625,1.068,0.596,25.52,1004.08,0
36.52,27.39,1.047,0.934,0.287,26.18,1000.8,0
10.37,52.6,0.727,2.64,0.94,16.32,1012.19,0
0.17,71.37,2.016,0.766,0.787,20.02,993.55,0
53.95,67.05,1.131,1.06,0.736,29.44,1005.98,1
100.42,48.45,1.894,0.429,0.888,33.91,1015.63,1
68.68,90.94,2.337,2.326,0.77,25.84,996.05,1
119.9,56.73,2.283,0.713,0.287,29.51,997.94,1
34.42,55.53,1.126,0.205,0.584,28.67,1009.82,0
33.65,15.6,1.704,1.305,0.842,34.99,1013.18,1
19.17,92.99,1.349,1.174,0.181,30.9,998.5,0
19.69,25.94,2.612,0.533,0.163,27.55,1000.8,0
34.22,57.55,2.636,0.401,0.159,17.3,1012.2,1
95.14,82.32,1.031,2.69,0.194,22.25,998.56,1
108.69,29.39,0.275,0.204,0.103,20.01,1009.99,1
117.01,57.46,0.503,0.298,0.838,32.07,994.77,1
27.87,31.66,1.101,0.735,0.818,23.92,1002.34,0
105.76,78.37,1.693,2.859,0.151,25.71,1010.66,1
39.39,60.79,1.97,0.256,0.706,34.3,1003.8,1
13.54,87.04,0.994,2.448,0.627,31.73,990.58,1
104.4,90.51,2.002,2.676,0.276,30.8,1002.19,1
76.33,68.39,2.813,1.134,0.227,17.84,998.65,1
19.77,75.29,1.956,0.882,0.251,15.46,993.04,0
51.58,59.43,0.476,2.032,0.731,17.51,990.27,1
34.47,44.6,1.739,2.108,0.319,29.81,991.37,0
88.42,68.33,1.626,2.34,0.278,23.21,1018.48,1
54.41,91.75,2.612,2.492,0.022,17.35,1012.49,1
118.71,47.5,1.051,0.805,0.908,29.78,1018.19,1
6.57,38.3,1.269,2.061,0.753,18.89,993.44,0
42.6,44.96,1.796,0.405,0.473,26.78,1007.12,1
57.83,49.19,1.573,1.532,0.943,29.83,992.5,1
60.38,16.62,2.157,1.839,0.294,27.16,990.8,0
37.91,54.86,0.121,0.485,0.675,34.87,1003.99,0
87.51,54.49,1.691,0.23,0.305,23.68,1009.39,0
104.97,62.96,0.365,0.584,0.315,21.24,991.91,1
112.65,42.65,0.946,1.262,0.845,19.02,1000.95,0
96.61,65.18,1.985,2.664,0.787,25.08,992.71,1
102.07,89.04,0.472,1.596,0.294,32.05,1000.86,0
66.07,95.99,0.927,2.245,0.081,33.94,1004.15,1
99.11,62.53,2.109,0.522,0.358,34.44,1000.13,1
36.42,13.83,1.952,0.318,0.76,25.63,1007.29,1
47.82,97.23,0.273,0.719,0.101,27.11,1007.54,0
38.03,73.53,1.732,0.942,0.672,26.63,999.99,0
56.09,40.24,0.442,1.644,0.89,24.32,1001.69,1
34.27,23.24,0.757,2.644,0.179,18.04,1003.23,0
115.39,22.91,1.378,1.278,0.862,16.31,1001.27,1
37.54,25.1,0.328,1.556,0.051,23.73,1012.82,0
11.77,14.1,2.981,0.014,0.667,18.72,994.2,0
63.22,91.19,0.496,0.1,0.791,32.73,1015.71,1
6.85,58.67,2.344,0.251,0.445,30.23,999.94,1
13.27,73.0,2.49,2.097,0.204,27.37,1011.72,1
26.33,84.53,2.983,1.459,0.925,15.95,1016.51,1
55.72,81.24,1.286,0.579,0.02,27.44,1016.62,1
51.99,89.43,2.622,1.778,0.555,27.42,1003.57,1
95.96,97.05,2.873,1.634,0.373,23.78,997.7,1
88.74,49.52,0.519,0.266,0.461,28.16,1008.17,0
51.16,95.53,1.438,1.921,0.537,32.16,995.52,0
40.04,75.1,0.18,2.301,0.535,30.16,1013.72,1
37.98,16.36,1.862,0.86,0.204,24.47,1011.34,1
92.88,71.36,1.744,2.062,0.68,20.25,1013.87,0
6.25,71.8,0.612,0.599,0.019,24.56,1003.0,0
1.54,91.53,2.394,2.27,0.021,33.92,1006.72,0
95.47,43.56,0.112,2.735,0.478,31.4,993.08,1
57.26,62.64,2.419,1.326,0.542,15.54,1010.63,0
15.71,11.1,0.08,0.734,0.275,30.66,1004.61,0
28.27,39.89,1.97,1.198,0.552,18.41,1005.28,0
111.9,15.6,0.236,0.75,0.516,26.42,1015.41,0
103.14,56.97,0.754,0.004,0.349,31.13,1013.17,1
85.17,83.57,2.166,1.951,0.652,26.23,1006.06,1
57.87,28.58,0.841,0.128,0.958,23.08,1000.65,1
62.44,57.47,1.534,0.631,0.491,21.43,1003.39,1
117.03,28.36,2.746,2.167,0.786,21.1,1000.52,1
115.89,20.86,0.149,1.997,0.248,31.75,994.55,1
25.83,55.99,2.433,0.22,0.762,31.5,1009.37,1
97.33,17.12,0.196,1.98,0.649,31.47,1010.75,1
23.67,62.86,0.38,2.792,0.64,20.65,1019.14,1
25.62,12.82,0.358,0.224,0.893,30.98,1003.67,0
81.13,19.6,2.982,1.247,0.233,15.73,1019.92,1
48.6,59.5,0.541,2.188,0.368,19.13,995.61,0
111.79,63.23,2.69,2.003,0.083,25.29,1009.7,1
10.68,12.61,2.973,0.68,0.726,23.13,1019.84,0
61.38,61.6,1.151,0.489,0.844,17.24,1009.21,1
110.22,85.47,1.893,2.353,0.406,15.83,1003.57,1
108.49,75.01,2.337,2.869,0.357,27.22,1005.46,1
18.78,21.81,1.178,2.303,0.659,21.27,1015.37,0
44.0,63.32,0.485,2.89,0.076,15.32,1018.17,0
74.29,70.5,1.301,1.815,0.294,23.62,1003.62,0
19.13,13.35,2.316,2.787,0.366,21.14,1013.17,0
116.16,86.98,2.342,2.071,0.519,26.53,1018.01,1
109.77,91.56,0.692,2.727,0.477,33.6,998.46,1
20.03,86.54,0.525,0.485,0.209,21.16,1004.79,0
14.54,84.22,2.762,2.447,0.541,34.94,1019.86,1
10.25,77.05,0.132,0.59,0.926,16.72,1000.6,0
109.13,67.01,2.204,0.082,0.027,16.77,1008.59,1
23.23,71.08,0.139,1.553,0.68,29.26,1009.71,0
49.95,82.58,2.514,0.955,0.625,29.97,994.62,1
53.86,69.62,2.716,0.131,0.924,23.46,1014.2,0
71.88,39.5,0.892,2.941,0.645,20.72,1002.39,1
8.61,43.84,0.222,1.999,0.625,30.88,1005.01,0
27.21,90.74,1.442,2.705,0.77,34.12,1009.29,0
111.78,11.54,0.895,2.997,0.268,34.8,1002.31,0
109.01,72.89,1.251,1.176,0.596,27.69,999.75,0
93.75,95.93,1.995,0.764,0.519,29.8,1006.39,1
2.33,73.56,0.629,0.552,0.438,31.44,1000.4,0
39.24,99.45,1.071,1.546,0.079,30.98,1003.02,1
75.36,71.88,2.348,1.818,0.293,34.87,993.25,1
33.02,13.09,1.931,1.417,0.28,31.21,1015.34,0
109.15,84.43,0.979,1.162,0.724,28.25,1002.35,1
76.07,35.62,1.993,0.505,0.921,22.52,992.48,0
8.63,50.15,2.296,1.326,0.231,26.96,1013.7,0
109.08,38.09,1.777,0.256,0.075,32.61,990.59,0
114.93,34.17,0.718,2.595,1.0,21.11,1007.98,0
9.33,48.83,0.001,0.141,0.691,15.61,1011.08,0
63.88,44.09,2.409,1.142,0.886,21.54,995.74,1
36.4,67.0,2.468,0.3,0.144,34.2,993.94,0
47.14,83.18,2.093,2.325,0.801,30.88,993.42,1
21.56,36.74,0.23,0.938,0.813,18.74,1019.8,0
69.37,29.23,1.756,0.339,0.151,15.24,1012.65,0
114.96,70.02,2.463,1.594,0.161,28.38,999.38,1
60.37,70.33,1.169,2.749,0.295,26.58,1000.07,0
9.95,91.1,0.594,2.726,0.217,16.66,1009.46,0
74.4,11.44,1.763,0.749,0.975,34.32,1003.73,1
40.83,86.77,2.479,2.159,0.363,27.36,998.14,1
102.71,56.89,0.147,0.091,0.761,28.03,991.71,1
52.16,65.92,1.791,0.396,0.805,32.07,1013.52,1
23.14,18.22,1.93,1.498,0.386,21.74,1016.65,0
22.93,48.94,1.807,0.686,0.683,26.17,996.18,0
92.25,30.46,1.95,2.395,0.108,26.52,991.9,1
31.87,32.88,1.894,2.793,0.397,34.35,993.56,0
92.07,55.37,0.391,0.013,0.967,17.63,1002.43,0
24.71,83.12,0.705,0.699,0.169,30.18,998.98,0
38.6,76.94,1.857,1.319,0.386,26.5,992.2,0
55.86,63.19,0.053,1.689,0.791,31.91,1003.65,1
113.18,58.55,1.904,2.748,0.665,31.64,996.12,1
111.81,48.46,1.996,2.676,0.632,15.24,992.01,1
24.82,97.54,0.718,1.912,0.853,20.13,1009.74,1
42.99,60.42,1.794,0.772,0.029,18.62,1007.18,0
17.93,32.86,1.602,2.35,0.771,24.23,1014.79,0
61.2,30.71,0.782,0.608,0.883,33.11,999.07,1
55.27,65.02,1.389,2.896,0.016,15.1,994.07,1
108.09,57.05,2.729,0.018,0.559,24.76,1000.8,1
111.6,10.69,1.28,1.709,0.349,32.7,1013.36,0
46.03,84.71,1.89,0.265,0.051,33.52,997.25,0
59.01,73.37,0.106,1.223,0.418,28.15,997.65,0
107.55,69.56,0.233,1.905,0.644,31.6,994.43,0
96.8,16.19,0.244,2.069,0.919,21.48,1019.6,1
0.44,42.59,2.335,2.357,0.621,20.72,1019.02,0
38.41,94.18,1.051,1.78,0.857,15.98,1009.74,1
50.61,87.63,0.683,0.754,0.122,25.06,996.44,0
27.57,35.7,2.242,2.668,0.211,24.12,1013.0,0
23.95,24.14,0.51,2.433,0.97,22.44,1007.52,0
4.53,50.42,0.739,0.48,0.887,17.27,1012.49,0
77.2,42.02,1.293,2.48,0.235,19.62,1015.81,0
31.5,71.4,0.994,2.918,0.621,19.07,999.55,1
6.28,96.98,1.756,1.912,0.363,33.88,1017.41,1
27.72,42.67,1.014,0.845,0.469,34.33,1016.96,0
96.23,15.6,1.179,1.82,0.861,15.07,1006.41,1
102.18,90.79,2.589,1.028,0.736,18.41,1010.54,1
57.97,13.42,2.654,2.028,0.238,32.78,1002.33,0
49.93,95.75,2.483,1.634,0.316,15.77,1009.65,1
117.34,69.81,2.594,2.788,0.29,33.87,1006.47,1
24.07,94.75,1.709,1.854,0.781,22.6,999.68,0
25.84,27.97,1.939,0.642,0.49,25.77,999.69,0
35.02,13.66,1.672,2.175,0.951,30.28,1009.55,1
20.73,53.94,2.357,0.903,0.817,19.88,1018.7,1
45.52,50.56,1.653,0.817,0.211,17.01,996.05,1
109.3,39.83,0.333,1.175,0.786,31.2,1001.78,1
73.84,96.19,2.429,0.036,0.506,34.69,1014.17,1
49.43,84.03,2.282,2.907,0.254,28.18,993.69,1
112.13,69.54,2.461,1.597,0.363,31.5,1019.83,1
5.82,24.66,0.571,2.32,0.972,33.83,1010.34,0
25.23,76.09,0.815,0.774,0.484,19.57,1017.32,0
67.91,75.43,0.887,2.24,0.72,22.01,1015.14,1
73.87,48.26,1.524,1.702,0.477,19.38,1013.31,0
4.75,93.23,0.402,1.272,0.372,16.24,990.99,0
48.36,25.03,1.156,2.912,0.796,29.65,1002.19,0
77.9,34.06,0.546,1.482,0.848,17.91,996.06,0
83.77,15.69,0.794,1.972,0.072,16.85,1016.14,0
76.58,81.59,2.119,0.046,0.279,22.15,1010.41,1
38.47,65.96,2.564,0.904,0.508,16.21,993.21,0
11.22,38.34,0.069,2.666,0.316,18.59,1000.79,0
51.25,24.74,1.698,2.277,0.784,16.4,992.08,1
15.45,13.61,0.108,1.61,0.115,32.55,1012.2,0
113.71,25.01,0.256,2.7,0.798,30.59,1002.55,1
57.02,50.8,2.115,1.459,0.618,32.19,997.03,0
38.07,32.25,2.207,1.7,0.289,32.37,1005.53,1
91.96,33.31,2.442,1.146,0.344,33.89,991.26,1
59.75,88.8,1.423,1.86,0.183,18.73,997.72,0
37.2,56.36,2.579,0.957,0.253,33.0,995.26,1
97.44,75.63,0.501,1.156,0.717,25.5,1017.92,1
104.06,13.21,0.749,2.899,0.376,18.32,1001.31,0
80.76,42.86,0.404,0.334,0.687,28.12,1007.53,0
5.64,53.13,2.393,0.316,0.514,21.54,1005.09,0
67.96,26.78,0.686,0.13,0.145,15.93,1009.78,0
91.6,20.82,0.467,0.96,0.499,16.57,998.37,0
16.38,88.33,1.869,1.195,0.756,23.47,993.62,0
27.44,94.55,0.231,0.284,0.298,31.53,992.44,0
105.9,17.09,0.135,1.647,0.648,21.22,995.8,1
2.41,41.41,0.32,1.75,0.199,30.32,1004.48,0
90.33,96.25,0.001,2.253,0.136,16.11,997.08,0
56.85,17.48,2.091,2.928,0.36,22.87,1003.02,0
53.61,67.93,1.687,1.858,0.389,17.55,990.88,0
0.85,97.5,0.63,0.335,0.761,32.27,1008.83,1
98.33,98.04,0.699,0.266,0.46,34.36,1016.34,1
43.18,52.41,2.433,2.333,0.081,21.51,991.43,0
64.89,24.65,1.505,1.951,0.634,34.78,996.54,1
81.28,28.19,2.096,0.486,0.469,30.05,999.53,0
84.32,90.06,1.358,0.76,0.332,15.02,998.62,1
114.72,92.05,0.713,2.251,0.802,24.71,991.21,1
63.76,64.71,2.911,1.698,0.154,31.68,993.2,0
47.97,78.96,1.697,1.755,0.913,25.68,1017.37,1
114.44,76.59,0.393,0.63,0.334,26.0,1011.34,1
77.05,69.56,1.218,1.887,0.461,23.95,1018.75,1
35.78,84.45,0.988,2.312,0.929,22.9,1003.21,1
15.18,71.69,0.642,2.656,0.761,15.55,1016.37,0
101.11,58.06,2.8,2.21,0.074,27.43,1014.5,1
43.46,31.33,2.643,1.729,0.578,30.33,1016.25,1
79.26,76.95,0.597,2.02,0.31,30.8,991.17,0
56.5,52.61,1.056,1.455,0.508,27.49,1009.58,0
23.87,36.53,2.287,0.681,0.743,21.83,1007.0,0
72.2,82.18,0.626,2.647,0.496,15.45,1006.36,1
7.28,72.7,1.775,1.598,0.071,32.92,1005.13,0
49.6,94.36,2.099,1.783,0.53,23.58,1013.88,0
65.59,24.89,1.962,2.97,0.024,27.02,1019.04,0
52.33,68.43,2.119,2.955,0.348,18.89,1014.87,0
89.84,31.98,2.12,1.759,0.478,17.84,1016.11,1
99.35,91.32,2.894,0.102,0.645,16.74,1004.52,1
92.55,18.95,1.039,1.188,0.506,30.98,1010.72,1
4.66,69.05,2.636,2.812,0.152,27.93,1002.47,0
23.3,81.2,0.065,0.865,0.932,27.42,1000.81,1
64.39,41.94,0.865,2.998,0.65,33.39,1016.86,1
112.18,95.87,0.146,0.253,0.317,18.17,1017.16,1
100.19,86.57,1.954,1.704,0.966,18.41,1010.47,1
101.1,36.52,0.302,1.546,0.883,18.79,1015.14,1
36.38,10.68,2.537,0.766,0.143,23.47,1000.81,0
51.53,36.7,1.94,2.846,0.655,32.48,1003.01,0
56.48,35.32,0.086,1.858,0.56,32.63,1014.63,1
18.88,90.1,2.144,0.691,0.193,26.81,1001.94,0
3.73,97.04,2.586,1.152,0.233,28.16,991.2,1
113.63,16.34,1.983,2.164,0.564,32.96,1000.6,1
28.89,52.42,0.092,0.893,0.321,27.48,1001.95,0
28.79,59.35,2.574,2.639,0.835,19.6,994.64,0
10.01,18.36,2.197,0.497,0.098,29.1,1000.32,0
111.42,43.97,1.135,0.794,0.914,30.4,1018.03,1
69.57,38.54,0.986,0.435,0.841,27.71,1015.76,1
80.04,58.25,1.439,0.313,0.739,20.47,1003.38,0
109.39,69.51,2.601,0.901,0.263,23.0,1011.3,1
41.47,73.31,0.756,2.998,0.715,24.41,994.56,0
74.58,22.31,0.303,0.283,0.439,17.91,1012.58,0
4.66,83.17,2.594,0.639,0.634,24.04,1004.27,0
22.41,71.07,0.079,0.815,0.313,18.22,1011.68,0
99.75,90.02,2.733,1.857,0.836,24.99,1009.32,1
92.01,50.44,0.917,2.236,0.041,16.02,996.98,0
42.08,90.45,1.525,2.256,0.691,33.97,1015.04,1
45.22,87.92,0.397,0.026,0.829,19.93,1007.17,1
64.03,49.46,2.707,1.956,0.646,24.34,1013.53,0
0.03,44.3,2.25,1.892,0.192,15.66,992.82,0
28.95,93.95,2.772,1.553,0.285,18.85,1008.46,0
24.99,74.36,2.05,1.138,0.515,28.86,998.76,0
30.06,93.54,0.554,2.392,0.329,17.24,1015.83,1
96.71,81.73,0.925,1.032,0.005,27.56,1018.49,1
33.56,64.84,1.461,0.69,0.041,15.04,991.67,1
22.98,20.43,1.822,0.93,0.768,24.3,1011.73,0
60.51,36.23,2.779,1.319,0.084,29.43,993.09,1
103.88,97.2,1.152,0.642,0.928,33.53,1015.73,1
28.96,38.75,2.109,1.823,0.443,24.86,993.74,1
9.42,18.39,2.883,2.653,0.758,31.81,995.85,0
42.77,73.68,0.457,1.786,0.126,31.05,997.55,0
89.72,76.06,2.588,1.34,0.927,20.92,1011.83,0
66.08,35.69,1.262,2.391,0.034,32.49,998.78,1
98.02,36.79,2.197,2.244,0.042,27.81,1007.88,0
115.15,52.2,0.881,1.101,0.055,17.08,1007.16,1
95.12,11.96,1.002,1.812,0.103,33.78,1002.07,0
72.46,81.04,0.081,2.19,0.487,18.53,1006.18,0
59.2,38.54,2.914,0.736,0.788,24.41,993.55,1
4.81,86.84,2.44,1.099,0.285,24.33,1016.29,0
118.12,82.24,0.282,0.317,0.746,27.5,996.21,1
46.02,69.53,2.999,2.963,0.774,28.3,1016.41,1
18.27,39.24,1.815,0.258,0.908,19.66,1005.56,0
80.01,56.47,2.561,0.506,0.149,22.05,1008.42,1
34.11,50.03,0.2,1.439,0.136,17.89,997.72,0
70.29,40.5,1.168,2.596,0.122,17.52,996.67,1
70.41,86.33,2.009,1.068,0.359,31.5,1004.72,1
53.49,53.52,0.319,2.306,0.489,30.01,998.02,1
100.33,84.95,1.467,2.028,0.462,23.85,1002.69,1
31.8,19.47,1.328,1.916,0.257,16.92,1003.21,0
53.84,22.69,0.648,2.535,0.622,24.0,998.13,0
64.52,97.96,0.901,0.043,0.338,20.89,998.75,1
79.63,62.9,2.901,2.787,0.366,30.56,1019.19,1
94.08,55.88,0.866,2.488,0.106,16.93,1007.62,1
47.38,57.08,0.64,2.814,0.592,24.03,1014.96,0
77.53,29.37,1.609,2.381,0.655,26.83,991.37,1
18.07,74.68,2.013,2.636,0.758,34.71,990.06,0
111.92,17.63,2.175,0.609,0.904,16.79,1005.57,1
45.97,61.6,2.263,0.958,0.766,17.28,1014.8,1
87.54,61.37,0.11,0.946,0.236,34.76,1008.33,0
2.44,92.28,1.181,0.328,0.236,23.11,1008.56,0
24.62,57.36,2.322,2.189,0.915,29.87,994.18,1
58.45,22.34,2.715,0.409,0.79,30.67,1019.36,0
105.39,61.55,1.807,0.158,0.782,21.29,1005.89,1
63.27,18.22,0.157,2.326,0.72,19.29,993.08,1
111.58,28.34,1.19,2.714,0.267,20.52,1002.43,1
58.06,12.8,0.223,2.292,0.847,30.29,992.16,0
58.85,56.2,2.246,2.476,0.143,31.81,1002.54,0
14.37,17.61,0.191,1.787,0.35,28.99,1011.35,0
96.32,52.25,0.557,2.663,0.346,23.82,999.71,1
29.64,93.97,1.251,1.49,0.56,20.25,999.39,1
107.95,74.78,1.388,2.965,0.463,23.5,1005.43,1
109.3,16.97,1.219,0.31,0.46,33.29,1004.95,1
113.2,30.18,1.39,2.428,0.554,32.26,1004.01,1
62.43,70.63,2.14,1.924,0.415,21.47,1005.51,0
81.25,90.52,1.108,1.742,0.25,21.56,991.44,1
93.42,12.96,1.643,2.177,0.664,30.6,1004.23,0
15.72,83.12,0.91,2.521,0.791,23.53,1019.76,0
72.11,60.56,1.061,2.589,0.479,26.45,1012.93,1
4.12,59.15,1.841,0.526,0.649,23.45,998.63,0
59.71,96.2,1.471,0.591,0.535,19.85,1010.33,1
18.58,77.29,2.169,0.048,0.059,18.78,999.9,0
21.95,86.51,1.682,0.396,0.423,17.79,995.75,1
43.81,41.86,2.411,0.792,0.01,15.23,1013.21,0
51.89,59.89,1.33,2.163,0.662,20.61,996.29,0
74.78,65.39,1.473,1.427,0.508,18.43,1015.76,1
8.93,38.94,2.01,2.274,0.127,20.16,1001.41,0
60.44,61.32,0.664,1.46,0.542,16.52,1012.71,0
21.92,31.3,1.158,1.667,0.898,21.83,997.79,0
68.88,22.9,1.875,0.333,0.34,25.4,1009.58,1
76.49,43.66,0.087,2.33,0.982,33.89,996.38,1
66.81,76.54,1.311,2.274,0.959,21.94,990.66,1
88.6,92.46,1.797,0.923,0.785,15.62,1014.44,1
40.27,51.19,2.902,0.986,0.814,22.25,1015.68,0
91.81,67.85,2.631,0.659,0.411,31.34,1016.42,1
51.93,19.27,0.842,2.442,0.403,21.8,991.09,0
58.1,91.4,1.522,2.241,0.954,20.83,1012.83,1
77.77,61.17,0.169,1.827,0.366,33.38,1015.08,1
2.2,80.23,0.722,0.716,0.097,20.94,999.35,0
78.48,81.5,2.325,0.516,0.153,34.41,1004.11,1
74.23,33.08,0.37,0.151,0.71,31.65,1002.24,1
37.18,57.63,0.773,0.137,0.383,28.68,1003.2,0
10.3,96.44,2.832,0.561,0.199,26.97,1015.4,0
10.91,18.07,2.472,0.302,0.814,19.5,1002.54,0
110.79,71.47,2.345,1.668,0.489,29.61,999.07,1
82.71,96.6,2.594,1.074,0.568,21.94,993.91,1
15.25,37.05,2.249,1.335,0.154,24.71,1010.25,0
42.81,87.53,0.362,1.782,0.193,17.08,992.53,0
71.1,94.03,1.55,1.977,0.126,20.92,991.84,1
100.27,77.24,1.333,1.945,0.515,25.58,1010.45,1
5.24,30.82,0.933,0.783,0.776,24.36,1010.83,0
28.4,40.06,2.502,2.429,0.732,21.87,995.97,0
106.77,13.22,1.392,2.753,0.261,24.44,1018.72,1
1.1,84.83,0.181,0.948,0.852,29.9,1013.63,0
24.17,86.47,0.825,0.051,0.106,24.19,1010.59,1
115.08,66.94,0.686,2.697,0.114,25.12,1012.63,0
73.61,41.73,2.662,2.771,0.849,29.02,1002.36,0
31.4,16.91,1.942,0.153,0.244,31.83,1003.67,0
8.04,77.78,1.681,0.015,0.708,25.54,1016.11,1
3.38,75.39,1.52,2.449,0.009,33.96,990.76,0
29.37,92.13,1.95,0.904,0.094,22.07,1014.07,0
105.78,75.75,2.265,2.744,0.609,20.05,1003.43,1
49.91,84.58,1.663,0.65,0.182,28.86,1003.92,1
86.44,77.14,2.815,2.583,0.028,18.51,999.77,1
110.19,66.76,2.931,0.206,0.467,33.0,1008.21,1
48.96,48.43,2.986,0.782,0.331,22.73,1010.27,0
22.95,91.19,2.008,2.919,0.802,28.96,994.82,0
62.05,68.59,2.798,0.694,0.819,26.4,1006.97,1
108.97,45.85,1.213,0.399,0.614,16.09,1003.95,1
96.52,17.51,2.579,2.571,0.293,29.18,1013.46,1
7.9,36.16,2.728,0.353,0.462,30.8,1006.36,0
83.11,58.94,2.712,0.292,0.702,34.65,1002.89,1
68.63,34.81,2.493,0.97,0.069,23.32,1005.87,0
108.9,29.91,1.22,1.906,0.332,25.06,1004.72,0
14.7,57.47,0.477,2.132,0.822,32.5,1018.06,1
64.08,25.28,1.002,2.644,0.406,20.38,999.36,1
105.54,82.04,2.302,1.623,0.625,18.78,991.12,1
49.2,53.59,0.699,1.18,0.096,17.66,1009.86,0
57.84,61.65,1.435,1.077,0.777,34.57,1008.12,1
8.46,23.26,1.696,2.541,0.1,20.41,1017.3,0
33.38,39.21,1.812,2.171,0.862,30.15,993.52,0
38.94,46.91,2.807,2.716,0.107,23.99,1005.68,1
113.41,82.74,1.984,2.892,0.891,19.81,994.52,1
33.92,79.31,2.359,0.9,0.364,33.27,1003.67,0
55.3,30.07,1.746,1.589,0.625,24.28,1013.98,1
80.56,65.46,2.501,1.895,0.847,26.32,1015.72,1
19.46,31.91,0.791,0.492,0.01,19.45,1015.02,0
58.37,98.94,0.63,0.16,0.266,21.48,1006.42,1
88.62,95.69,2.779,2.603,0.908,29.95,1009.02,1
104.02,60.69,2.08,1.607,0.388,21.86,1006.55,1
75.15,72.9,2.015,1.712,0.706,25.12,1006.84,1
80.29,82.13,1.402,1.665,0.14,17.29,1016.55,1
15.15,74.89,1.13,2.265,0.678,32.0,996.28,1
113.49,72.98,1.667,0.437,0.073,29.75,1003.16,1
15.91,96.27,0.362,1.842,0.717,30.21,1008.3,0
92.96,63.68,1.364,1.408,0.324,18.56,1012.96,1
31.78,67.27,1.366,2.691,0.466,24.9,1012.86,1
112.03,86.43,1.615,1.559,0.166,15.55,993.52,1
86.4,70.29,1.904,2.829,0.628,21.3,996.66,1
90.46,75.96,2.872,1.06,0.338,21.96,1017.35,1
26.29,31.08,1.957,2.901,0.383,33.27,1000.73,0
53.16,43.41,2.651,2.625,0.652,34.86,990.08,1
74.14,23.26,1.669,1.753,0.179,27.35,995.99,1
92.4,55.52,1.881,1.061,0.852,25.34,1019.09,0
12.48,51.02,0.21,1.128,0.739,23.8,999.29,0
115.48,99.74,0.4,2.318,0.578,15.37,1008.41,1
106.83,65.01,1.739,1.742,0.128,31.0,1011.8,1
32.44,80.78,1.187,1.205,0.687,28.44,1009.4,1
98.73,40.06,2.396,1.908,0.018,27.99,1001.33,0
62.2,84.84,1.63,2.2,0.804,31.18,1002.91,1
55.42,65.36,2.647,0.069,0.304,33.56,1015.14,0
37.73,72.73,2.917,0.27,0.117,22.79,1009.88,0
69.72,36.5,0.443,0.283,0.164,23.53,990.7,0
87.59,59.38,1.184,0.696,0.963,34.5,996.1,1
49.31,67.06,1.995,1.281,0.774,28.29,998.59,1
75.51,63.02,0.916,2.411,0.238,32.03,1000.96,0
83.92,92.37,0.801,1.053,0.963,19.43,1007.31,1
85.33,90.84,2.441,0.052,0.14,21.34,1001.0,1
6.24,97.39,2.941,1.45,0.734,22.83,1014.75,1
103.17,70.07,2.321,2.99,0.657,21.34,1004.22,0
54.99,97.47,1.571,1.047,0.821,32.68,1005.07,1
31.49,84.92,1.328,2.884,0.382,25.23,1002.82,0
29.01,34.37,1.619,0.304,0.402,34.07,999.31,0
57.96,48.47,1.389,0.519,0.625,21.43,1011.74,0
106.42,31.46,1.509,2.172,0.398,15.74,996.89,1
45.4,10.38,0.61,1.504,0.041,17.76,1010.68,0
89.97,26.92,2.711,2.295,0.73,19.34,1005.89,0
11.62,10.37,2.264,2.591,0.641,27.8,993.07,1
57.13,74.79,2.043,0.753,0.424,18.62,990.54,0
119.0,48.3,2.85,2.048,0.303,22.63,995.08,1
92.45,38.13,0.853,1.823,0.321,30.91,1012.83,0
25.26,78.55,0.243,2.585,0.741,17.5,1001.54,0
60.17,84.92,2.478,1.29,0.729,16.61,1014.15,1
28.03,97.78,2.995,0.156,0.819,25.8,1005.06,1
49.15,67.78,1.735,1.723,0.762,28.96,990.98,1
93.61,51.54,0.176,2.877,0.758,33.22,1015.38,0
92.55,37.47,2.341,0.044,0.252,28.24,1018.09,1
27.37,30.01,0.221,0.721,0.102,33.92,992.23,0
110.67,29.16,1.62,0.948,0.762,19.89,996.25,1
71.11,46.83,0.833,2.298,0.099,21.84,1011.47,0
45.59,99.26,2.745,0.97,0.982,31.79,1019.92,1
60.23,10.08,1.354,0.717,0.875,31.22,1016.29,1
72.61,27.75,2.695,1.946,0.533,28.3,992.97,0
67.19,26.96,0.897,0.139,0.352,25.12,1008.22,0
58.37,74.54,1.162,0.512,0.527,15.35,1009.96,0
60.59,41.72,2.841,1.224,0.734,20.61,1008.92,0
21.17,51.15,0.604,1.067,0.756,18.17,1007.04,0
97.53,23.38,1.736,1.041,0.074,16.02,998.77,1
65.01,46.45,1.166,0.326,0.805,30.52,1010.06,1
15.73,19.29,2.323,1.083,0.641,17.63,1011.85,0
91.94,57.97,0.388,2.394,0.041,22.15,1007.27,1
111.89,18.81,1.312,1.242,0.313,34.55,1004.91,1
113.68,81.15,2.097,1.759,0.511,23.18,996.57,1
44.28,60.99,1.221,0.491,0.188,17.83,1006.34,0
16.26,75.16,0.176,0.209,0.155,28.8,993.85,0
62.21,47.67,2.115,2.64,0.014,31.2,992.18,1
13.51,44.33,1.51,0.994,0.912,20.58,1013.34,0
112.08,18.84,0.034,1.051,0.056,31.19,1010.29,1
22.03,57.15,1.838,2.633,0.366,20.43,1009.47,1
30.33,56.31,2.76,2.123,0.206,28.86,1017.84,0
48.8,52.13,0.333,2.269,0.741,17.5,1001.42,1
45.98,76.65,1.772,2.046,0.707,23.56,1001.99,1
95.36,84.93,2.186,0.317,0.806,25.41,1002.41,1
54.76,77.57,0.212,2.874,0.617,29.51,1003.96,1
20.49,22.95,0.068,2.727,0.592,28.0,1005.39,1
32.07,65.99,1.393,0.709,0.407,32.07,1013.34,0
61.09,17.23,2.374,2.412,0.636,18.69,996.53,0
17.69,72.52,0.482,1.228,0.115,28.22,1003.02,0
73.4,44.37,2.51,2.051,0.685,17.56,1005.15,1
67.89,21.92,1.97,0.497,0.104,24.56,995.07,1
85.76,87.58,0.997,1.616,0.862,25.49,1011.06,1
112.52,65.26,1.547,0.38,0.506,15.55,991.69,1
109.47,41.93,2.897,1.609,0.53,16.41,1007.58,1
113.53,12.77,0.649,0.731,0.585,31.79,996.06,1
29.37,58.36,1.499,1.357,0.776,20.74,990.25,1
15.79,93.09,1.873,2.004,0.478,21.92,999.47,1
36.27,63.67,0.414,2.631,0.428,27.81,1002.87,1
107.41,97.45,0.131,0.496,0.288,19.41,1014.52,1
116.65,22.28,0.04,2.68,0.128,18.86,1002.24,0
103.12,61.15,0.974,1.17,0.19,23.43,1017.46,1
13.2,81.83,0.222,2.531,0.001,16.18,1015.28,0
113.69,57.3,2.411,1.538,0.869,33.34,995.78,1
50.8,18.2,2.992,2.587,0.765,33.8,994.67,0
1.12,62.46,0.184,1.988,0.219,23.96,997.32,0
53.09,65.06,1.298,1.526,0.002,19.18,1000.79,1
5.53,75.58,0.077,0.938,0.492,24.41,1007.5,0
65.27,78.51,0.402,2.907,0.413,17.0,993.72,1
40.63,79.37,0.969,2.403,0.776,22.96,1005.96,0
56.81,69.71,1.181,1.144,0.403,16.47,1007.42,1
73.58,29.42,2.819,0.5,0.864,29.12,1009.83,1
104.26,46.38,1.188,2.339,0.096,20.51,1006.5,0
79.43,79.85,1.489,2.97,0.366,25.41,1014.76,0
52.09,95.81,0.737,0.837,0.934,15.27,1009.25,0
98.33,17.11,0.0,2.748,0.012,25.49,1017.74,1
108.67,58.2,2.698,0.376,0.391,15.07,1011.03,0
14.37,38.13,0.245,2.857,0.26,33.5,1003.08,0
63.83,30.29,2.893,2.236,0.532,25.02,996.29,1
34.14,55.52,0.393,1.04,0.279,17.0,990.32,0
5.65,64.55,1.815,0.914,0.87,21.82,992.71,0
80.23,10.88,2.998,1.93,0.937,15.92,995.69,1
103.53,80.22,0.415,1.781,0.849,25.62,996.49,1
19.55,83.79,1.272,2.757,0.399,17.45,1012.26,1
97.49,96.9,2.341,2.299,0.99,24.46,1001.58,1
102.41,26.26,0.097,1.621,0.735,21.11,999.74,1
109.72,63.51,2.069,2.783,0.356,30.23,991.57,0
31.83,48.4,0.241,1.778,0.094,24.65,1006.16,0
108.47,40.13,0.71,2.549,0.667,31.96,1008.39,1
38.48,60.91,0.48,2.523,0.729,33.83,1016.34,0
66.28,80.41,2.722,2.758,0.122,34.39,1005.09,1
6.06,12.07,0.541,0.203,0.55,20.2,990.23,0
5.27,97.25,0.121,1.751,0.987,30.35,991.96,1
86.44,82.89,1.763,1.405,0.326,23.76,998.13,1
53.34,77.6,1.039,1.472,0.302,23.52,994.18,0
30.76,78.43,1.217,1.38,0.903,32.36,1013.12,1
22.85,45.02,0.357,2.512,0.117,17.91,993.24,0
80.39,77.65,2.245,0.955,0.934,24.56,994.82,1
0.05,44.81,1.805,1.388,0.779,26.86,1010.0,0
96.71,90.88,1.093,0.602,0.391,16.32,997.19,1
9.51,25.95,0.515,0.755,0.084,32.29,1019.07,0
22.98,36.31,1.78,1.981,0.019,21.29,1015.9,0
46.35,59.62,2.336,0.351,0.376,28.14,1012.34,0
58.18,38.73,0.937,0.563,0.705,33.56,1000.29,1
42.6,48.18,0.078,1.584,0.488,29.4,991.7,0
38.49,54.32,0.643,0.131,0.739,32.72,1000.09,0
115.67,87.07,2.047,0.381,0.671,16.39,1001.3,1
76.99,57.09,2.967,2.59,0.573,24.85,993.82,0
2.81,42.62,0.04,2.538,0.967,26.3,993.62,0
51.62,32.3,0.918,1.043,0.728,28.78,1010.04,0
105.0,46.78,0.186,1.044,0.915,17.34,996.97,1
36.17,56.42,0.949,2.81,0.242,28.14,1010.34,1
11.35,77.15,1.218,0.078,0.714,17.92,1006.45,0
91.01,20.89,2.763,1.741,0.598,16.35,1017.04,1
72.72,29.94,0.242,1.792,0.924,24.39,1013.92,0
68.44,44.17,2.331,2.364,0.51,27.01,994.54,1
6.43,42.44,1.187,2.855,0.28,34.16,1008.3,0
16.86,45.26,2.434,1.067,0.385,28.97,1009.59,0
74.71,81.42,1.54,1.314,0.219,26.83,1015.86,0
24.94,39.17,0.118,2.014,0.22,19.29,1009.23,0
60.49,55.17,2.839,2.902,0.47,18.04,994.22,1
65.39,66.15,0.248,2.672,0.893,27.15,997.75,1
34.02,30.9,1.793,2.001,0.192,19.46,1009.13,0
113.81,74.68,2.633,2.57,0.288,29.13,1017.36,1
101.1,59.24,0.239,0.256,0.853,17.29,1016.75,0
86.68,50.21,1.662,1.131,0.339,21.79,1000.78,1
9.36,82.88,2.473,0.039,0.962,30.46,1014.92,0
12.74,31.91,2.959,0.532,0.269,31.62,1005.34,0
59.13,89.49,2.173,1.891,0.442,21.9,1003.93,1
19.29,60.49,0.835,2.657,0.096,19.13,1000.53,0
117.39,64.83,2.099,1.898,0.992,34.16,1010.35,1
19.02,88.76,2.117,1.992,0.89,30.22,1007.99,0
58.5,83.58,2.1,0.311,0.818,31.14,1001.24,0
43.69,64.14,2.563,1.995,0.157,19.46,1012.89,0
76.73,77.79,0.262,1.363,0.969,23.49,1001.38,1
15.48,49.0,0.325,1.954,0.929,16.36,1007.53,0
51.64,59.26,1.922,0.979,0.436,17.19,1001.77,0
32.96,15.59,2.862,1.744,0.682,19.42,993.51,0
106.53,18.09,1.398,1.272,0.992,21.06,994.84,0
4.87,84.65,2.882,1.676,0.41,34.94,1009.7,1
109.65,15.37,2.814,0.441,0.113,23.44,1014.34,0
99.96,25.25,2.709,1.187,0.868,28.96,1004.05,1
35.71,81.62,2.73,1.123,0.476,33.09,999.77,0
94.71,10.1,2.695,2.209,0.987,19.92,1000.09,0
3.75,35.42,2.46,2.119,0.551,17.89,1007.93,0
116.02,62.56,2.085,2.727,0.029,19.87,1004.03,1
63.19,63.59,0.073,1.896,0.492,32.65,990.02,1
36.39,79.94,0.397,0.944,0.718,28.31,1013.14,1
43.51,55.53,0.403,2.35,0.026,24.03,994.27,1
7.97,55.85,0.071,1.491,0.413,31.41,1010.24,0
118.72,75.28,0.35,0.58,0.156,19.73,1000.33,0
4.72,54.88,2.759,2.242,0.643,19.78,1007.34,0
78.59,64.76,1.991,0.398,0.957,26.34,1015.65,1
53.13,90.8,0.936,0.534,0.625,30.8,994.63,1
113.87,46.13,2.38,2.276,0.695,20.19,1013.33,1
29.52,44.66,1.465,2.31,0.397,19.2,991.15,0
63.85,10.32,0.426,2.372,0.563,24.48,1017.64,0
57.88,65.21,2.654,0.88,0.544,17.68,996.05,0
84.34,12.68,1.016,2.6,0.76,29.96,1013.83,1
8.16,55.37,2.097,2.168,0.857,26.55,992.02,0
23.25,82.38,0.872,2.502,0.663,25.25,999.81,0
25.75,59.49,1.5,2.126,0.98,32.45,1009.01,1
88.58,34.27,2.449,1.739,0.828,29.65,1009.76,0
22.7,80.76,0.47,0.328,0.125,17.99,1010.96,0
68.82,34.27,2.932,2.133,0.507,23.41,1000.53,0
25.83,75.97,0.211,2.071,0.903,21.43,1009.98,0
103.39,64.92,1.602,0.937,0.944,31.04,1002.86,0
113.06,25.3,2.748,2.207,0.38,29.38,1006.98,0
62.22,91.46,2.837,1.651,0.726,24.44,1006.42,1
42.28,28.06,0.696,1.678,0.411,31.47,995.04,0
28.09,99.06,0.432,1.103,0.124,23.2,1015.4,0
5.97,10.66,2.173,0.35,0.885,31.07,1016.01,0
32.22,33.71,0.126,0.651,0.932,15.64,996.11,0
78.51,27.99,1.456,2.306,0.505,17.69,1002.5,0
64.03,11.26,2.389,0.814,0.018,30.12,1003.95,1
113.28,75.91,1.681,0.007,0.816,17.29,1006.47,0
47.55,72.41,0.564,2.991,0.477,28.68,990.67,1
83.26,81.31,1.461,0.632,0.075,29.47,1012.76,0
58.72,33.1,2.764,1.966,0.189,28.24,1015.86,0
61.51,49.99,1.852,2.781,0.152,31.36,994.27,1
32.13,69.32,2.164,1.799,0.686,25.23,1016.9,0
54.59,49.58,1.009,2.397,0.299,32.94,1015.53,0
56.49,72.76,0.565,2.929,0.128,26.39,1006.27,0
84.8,67.06,0.767,2.581,0.918,25.16,998.24,1
112.88,20.32,1.6,1.674,0.957,25.19,996.22,1
39.52,80.29,0.841,1.091,0.139,33.24,1004.67,0
5.06,74.86,1.626,1.447,0.23,19.87,1005.22,0
59.56,69.03,2.123,2.525,0.592,28.9,1009.56,0
65.34,23.96,2.203,2.56,0.151,19.85,1014.05,0
20.21,34.12,0.494,2.538,0.159,16.84,1018.03,0
91.26,45.39,2.251,1.792,0.337,34.07,1013.89,0
118.19,35.19,2.018,1.431,0.949,17.59,1017.27,1
113.49,30.5,0.036,0.934,0.962,28.72,1004.98,1
23.65,82.48,0.177,0.01,0.842,23.49,991.17,1
105.04,67.44,1.939,2.293,0.696,31.74,991.55,1
84.54,60.89,1.151,0.831,0.721,30.46,998.05,1
54.46,30.34,0.438,0.989,0.47,17.88,1008.42,0
64.87,92.63,0.133,2.53,0.53,24.36,1000.06,1
101.95,27.21,0.478,0.157,0.634,15.55,994.98,0
57.62,81.55,2.873,2.783,0.731,23.59,1015.51,1
44.78,97.0,2.183,0.004,0.097,29.0,1019.55,0
59.19,75.44,1.583,2.818,0.225,19.64,990.5,1
69.5,99.36,2.825,1.364,0.963,31.2,992.68,1
22.69,68.59,1.857,0.306,0.335,16.06,1004.98,0
108.11,29.57,2.177,2.022,0.268,15.69,1000.13,1
80.9,28.34,0.848,2.688,0.422,15.55,1013.46,1
75.99,39.21,1.767,1.314,0.291,20.6,1009.63,1
11.94,10.64,0.43,2.074,0.091,24.34,992.06,0
72.5,71.35,1.213,2.938,0.208,17.15,1006.35,1
14.52,34.18,0.1,0.722,0.64,34.93,1000.1,0
9.44,83.37,0.65,2.461,0.223,34.99,1018.95,1
63.28,42.33,0.225,0.886,0.648,25.4,1004.26,1
48.33,53.2,1.163,1.279,0.1,26.36,1017.83,0
70.66,96.91,2.529,0.845,0.042,33.54,990.91,1
10.71,31.8,1.134,1.338,0.862,30.4,993.1,0
51.72,74.91,2.495,0.015,0.76,18.36,1001.59,0
20.97,77.96,1.969,0.91,0.666,30.85,1016.61,0
118.45,29.89,1.529,1.336,0.031,19.62,1006.34,0
67.34,55.09,0.711,1.897,0.239,23.6,1014.72,0
82.49,41.52,2.766,1.912,0.812,25.65,998.51,1
39.05,79.47,0.163,1.751,0.145,29.34,993.34,0
11.37,66.02,2.067,0.879,0.813,18.0,997.38,1
117.1,52.84,1.864,2.842,0.584,16.52,1009.36,1
34.35,80.14,1.323,1.176,0.74,32.32,1016.14,1
50.86,31.16,0.721,0.651,0.645,31.54,1003.65,1
77.98,77.83,1.292,1.664,0.417,25.47,995.81,1
2.96,87.88,2.618,2.247,0.292,28.25,1009.13,0
97.23,89.08,2.51,0.037,0.673,29.39,995.91,1
64.39,80.53,2.824,0.829,0.807,24.53,1007.11,1
33.39,46.72,0.923,2.475,0.045,20.14,993.07,0
7.39,98.36,1.161,1.521,0.38,24.63,1014.33,0
19.5,44.16,0.056,1.225,0.351,34.02,1014.15,0
107.4,67.48,2.829,2.793,0.559,31.76,1006.24,1
82.32,24.5,0.988,0.269,0.114,24.31,991.15,1
29.99,98.24,1.212,1.847,0.933,19.51,998.41,0
7.87,73.36,2.723,1.027,0.549,32.79,994.15,0
82.87,77.8,1.58,0.212,0.924,27.76,1005.7,1
68.69,15.92,1.699,0.641,0.817,23.09,993.05,0
48.54,78.71,0.529,1.884,0.192,17.23,1016.09,1
43.63,79.73,1.496,0.085,0.132,30.04,1015.5,0
26.02,70.46,2.755,1.777,0.861,21.34,994.68,1
80.35,36.27,1.676,2.871,0.536,27.13,1010.85,1
116.48,54.07,0.765,2.385,0.02,26.39,1010.9,0
21.09,19.94,0.094,1.037,0.934,28.99,1001.9,0
71.65,52.44,1.009,0.415,0.473,25.75,994.59,0
50.9,31.94,1.718,1.395,0.301,27.61,993.96,0
53.6,41.42,0.128,1.179,0.517,16.63,1012.18,0
30.5,24.63,1.829,2.915,0.823,28.31,996.61,0
99.02,30.7,1.57,2.97,0.11,18.88,1008.1,1
58.23,16.89,2.35,1.232,0.359,22.84,1015.98,0
65.21,92.79,0.087,0.446,0.319,25.25,1007.79,1
36.57,57.74,2.343,2.732,0.84,28.74,1019.22,1
21.82,45.71,1.563,2.381,0.778,29.85,1009.37,0
10.31,58.15,1.112,1.534,0.4,29.1,999.44,1
85.69,66.55,2.896,1.096,0.664,16.9,1015.57,1
23.55,92.97,0.48,1.344,0.394,22.74,999.33,0
82.81,26.08,1.624,2.706,0.571,20.61,1019.15,1
46.85,36.6,0.963,0.554,0.991,22.97,1004.33,0
49.89,97.82,1.582,2.42,0.536,27.94,1018.6,0
56.3,43.41,1.657,0.055,0.989,18.86,995.51,1
44.13,12.03,0.268,2.762,0.747,25.04,990.34,0
12.07,23.29,1.983,1.501,0.121,32.7,995.88,0
37.16,12.37,1.903,0.68,0.796,29.62,992.95,0
79.65,99.09,2.308,0.009,0.161,29.51,1012.02,1
79.89,35.1,0.272,1.679,0.532,31.97,997.94,1
34.35,93.12,0.892,0.733,0.613,22.98,1009.18,0
55.21,99.63,1.95,1.894,0.892,30.19,1010.06,1
23.21,63.99,0.41,0.844,0.21,16.17,1010.65,0
25.24,12.99,2.033,0.264,0.876,16.13,1014.98,1
2.77,17.34,0.177,1.515,0.934,21.64,994.47,0
107.61,53.34,1.005,1.693,0.089,18.94,991.51,1
25.28,46.56,2.54,1.358,0.885,25.37,990.89,1
27.3,64.56,2.323,1.374,0.259,18.66,993.11,0
33.55,49.5,1.934,1.769,0.081,34.51,1001.38,0
15.29,94.07,2.611,1.579,0.959,32.02,1019.02,1
76.71,58.13,2.128,0.398,0.392,34.65,1000.6,1
9.02,72.44,1.558,0.591,0.623,31.16,1003.59,0
16.1,90.68,2.939,0.425,0.553,34.02,1014.43,0
77.37,23.22,2.085,2.08,0.213,22.36,1017.56,1
40.76,30.68,1.804,1.586,0.67,24.96,1019.14,0
84.95,19.66,1.227,1.29,0.046,19.8,1014.79,0
66.89,22.57,2.707,2.395,0.203,27.72,1005.08,0
30.72,56.13,0.887,0.977,0.945,30.76,996.88,1
78.1,38.91,0.028,1.704,0.954,24.97,1007.95,0
13.95,48.09,0.59,0.223,0.483,20.93,995.9,0
64.37,98.42,0.329,2.233,0.169,25.15,991.67,1
52.46,24.1,0.957,2.086,0.422,16.26,1017.58,0
32.14,58.67,2.478,2.407,0.877,29.42,1004.54,1
72.48,18.9,1.955,2.653,0.07,24.03,1005.25,0
104.56,38.66,0.507,2.274,0.128,32.96,1008.28,1
119.87,57.48,2.366,2.533,0.896,33.47,1003.54,1
72.93,95.2,1.513,1.037,0.415,17.51,1003.33,1
48.56,45.21,1.538,1.03,0.083,34.92,1017.45,1
27.02,15.84,1.086,2.833,0.139,34.4,1014.5,0
30.85,44.93,2.594,2.744,0.882,27.54,996.38,0
57.53,23.12,0.955,1.645,0.49,31.51,998.75,0
44.07,30.7,0.282,1.1,0.163,15.37,1009.82,1
109.66,65.63,0.908,2.598,0.894,34.41,1007.13,1
44.2,16.07,2.146,0.97,0.845,24.13,1012.98,0
44.81,51.83,1.973,0.461,0.023,33.19,1011.83,1
46.02,64.85,0.564,1.918,0.581,22.7,1011.26,0
100.39,47.97,0.335,0.128,0.244,30.76,1016.41,1
78.09,11.72,1.983,1.137,0.533,23.36,1013.0,0
73.7,98.7,2.029,2.423,0.279,22.25,997.29,1
40.1,43.04,1.098,0.886,0.316,33.94,1016.19,0
98.15,80.07,2.528,2.794,0.602,28.98,1000.07,0
4.6,39.31,2.935,2.867,0.539,31.8,1017.33,0
104.5,52.75,0.617,2.447,0.395,25.87,1014.73,1
61.53,44.96,1.731,2.963,0.108,33.37,992.22,1
47.79,40.83,0.016,1.592,0.969,29.8,1013.14,0
59.66,11.97,2.139,1.708,0.175,16.44,1005.0,1
80.09,42.4,1.243,2.509,0.633,30.34,1019.31,1
1.53,90.05,0.58,1.478,0.083,15.37,1003.75,0
104.59,72.14,2.257,1.22,0.688,31.58,992.01,1
53.61,23.09,2.432,1.844,0.095,21.64,998.79,0
41.16,63.2,0.333,1.973,0.23,26.97,1002.91,1
16.59,90.3,0.123,2.253,0.647,29.99,1007.76,1
52.74,73.0,1.002,2.005,0.283,27.74,994.56,0
59.56,23.38,1.878,2.237,0.533,28.45,1005.45,0
48.44,88.1,2.38,2.024,0.125,32.85,1004.5,1
81.44,37.14,1.638,1.441,0.202,22.48,1015.1,0
50.51,50.87,1.742,0.405,0.734,25.94,999.07,0
115.37,57.35,2.4,2.356,0.035,18.5,1003.49,1
71.91,86.55,1.587,0.092,0.112,24.35,1001.66,1
96.9,93.84,1.833,2.978,0.215,18.0,1008.97,1
13.12,93.67,1.549,2.485,0.02,27.67,1015.09,0
47.67,10.72,2.641,2.013,0.095,21.49,1010.27,0
40.42,92.97,0.707,2.9,0.281,32.18,1003.95,0
68.34,14.89,0.792,1.837,0.093,21.87,1009.13,0
103.33,33.92,0.384,0.169,0.866,20.74,999.67,1
9.4,56.35,2.458,1.678,0.066,24.83,994.32,0
8.71,53.19,1.235,0.832,0.861,18.51,999.59,1
102.04,64.42,1.044,1.108,0.823,19.08,1003.31,1
25.54,53.15,2.944,1.379,0.101,30.66,1003.18,0
80.25,94.09,2.78,2.324,0.025,24.94,1012.13,0
65.15,31.65,2.916,1.509,0.05,19.13,1018.09,1
99.95,34.66,0.427,1.424,0.59,15.63,1001.67,1
15.01,92.87,2.674,0.906,0.67,24.33,992.59,1
15.57,16.91,0.986,1.62,0.621,29.85,991.0,1
66.82,64.86,0.038,0.745,0.541,22.02,990.12,0
113.57,71.36,1.174,0.783,0.175,19.96,1018.14,1
49.8,55.5,1.528,2.272,0.841,22.93,1019.87,0
39.23,72.48,0.325,1.028,0.328,34.18,991.54,0
72.8,25.55,1.613,0.154,0.986,23.46,1000.75,1
111.65,86.74,2.458,1.031,0.385,20.19,1010.08,1
100.43,22.6,1.133,1.916,0.263,26.38,995.37,0
119.46,46.07,1.058,2.442,0.894,31.21,1007.83,1
2.71,16.77,1.016,2.886,0.567,15.45,1014.41,0
13.54,59.07,2.769,2.239,0.722,26.16,1015.74,0
73.14,70.28,0.146,1.287,0.408,31.73,1011.19,0
98.47,94.71,1.335,0.897,0.887,19.31,992.45,1
34.23,76.54,0.794,0.389,0.918,33.43,1000.45,0
28.71,58.7,2.681,1.883,0.437,26.55,1019.02,0
94.44,93.94,0.288,1.53,0.241,25.33,995.78,1
6.77,53.06,1.234,2.033,0.648,34.27,1003.62,0
44.33,60.51,1.22,0.711,0.955,17.59,1000.03,1
60.7,63.65,2.665,0.971,0.622,29.8,996.17,1
67.24,46.9,0.646,0.876,0.954,31.37,999.71,0
87.43,85.46,1.935,2.393,0.344,24.77,995.69,1
42.58,26.67,0.403,0.514,0.915,15.13,1016.32,0
73.52,59.94,2.862,1.825,0.113,25.49,995.23,0
70.25,75.0,1.779,0.154,0.359,18.07,1008.71,1
65.71,91.36,1.879,1.649,0.494,26.25,1018.27,1
76.86,89.55,1.301,0.192,0.653,29.77,1018.58,1
31.13,55.79,1.027,0.528,0.294,25.62,1008.01,0
10.16,67.88,0.638,0.339,0.924,27.62,998.13,0
14.31,45.48,1.812,1.04,0.903,17.08,997.44,0
26.95,52.14,2.864,1.031,0.799,16.94,1012.42,0
60.02,91.56,1.079,2.479,0.114,32.02,1019.42,1
100.85,93.76,2.649,0.677,0.078,15.99,992.33,1
84.16,90.59,0.446,0.259,0.498,20.69,1013.68,0
94.68,22.45,2.808,1.811,0.765,33.75,993.69,0
42.12,86.51,1.051,2.062,0.123,24.18,998.95,1
48.56,95.35,1.139,0.884,0.641,28.49,1007.0,0
47.24,42.51,1.389,1.808,0.528,19.43,998.92,0
23.02,56.68,2.155,2.328,0.726,20.41,1009.51,1
7.35,80.12,2.159,1.043,0.435,25.18,1002.52,0
70.91,60.59,1.439,1.576,0.693,27.76,996.57,1
118.71,99.41,1.569,0.44,0.16,34.21,1005.93,1
20.02,51.01,0.09,0.071,0.215,26.49,990.72,0
5.6,74.25,0.913,2.944,0.903,16.92,1012.23,0
93.54,81.33,1.038,0.899,0.329,22.34,1005.67,1
30.31,54.47,1.676,0.837,0.986,19.88,1018.4,0
99.56,87.13,1.675,2.92,0.046,20.09,993.08,1
84.47,59.15,2.13,2.185,0.496,25.11,1011.97,1
113.48,47.05,2.151,1.756,0.325,21.33,999.03,1
49.07,19.7,0.706,2.098,0.996,20.79,1001.19,1
79.44,45.41,2.311,2.13,0.99,34.36,1000.45,1
55.78,76.05,0.059,2.29,0.235,26.68,1000.74,1
75.67,92.92,2.148,0.202,0.267,20.24,1002.93,1
53.95,32.65,0.306,1.238,0.75,20.52,990.63,0
22.64,41.97,2.189,0.885,0.89,31.22,1015.4,0
60.95,23.86,1.581,0.212,0.664,32.73,1016.45,0
63.43,72.17,1.312,1.238,0.865,28.58,991.19,1
97.27,96.42,2.072,1.849,0.063,23.63,1013.28,1
88.26,67.69,0.109,0.535,0.641,30.29,992.17,1
79.65,65.54,0.67,0.915,0.7,33.75,1014.23,1
13.61,59.81,1.849,1.918,0.19,18.32,1008.39,0
86.47,17.96,2.542,1.738,0.778,32.23,999.19,0
60.04,75.66,1.143,2.606,0.944,31.98,1008.42,1
107.29,64.18,0.776,2.374,0.898,22.33,1005.2,1
110.38,69.53,1.556,2.897,0.245,20.84,1009.07,1
6.62,90.89,1.867,1.792,0.324,26.31,1004.26,0
98.48,80.56,1.26,2.095,0.5,20.45,1013.19,1
4.52,80.28,2.63,2.582,0.158,17.91,991.36,0
44.06,93.45,1.57,2.52,0.954,34.06,1000.33,1
65.08,99.09,0.107,2.156,0.162,24.83,1006.78,0
17.77,62.32,0.669,1.501,0.761,24.45,1007.65,0
89.56,19.8,1.352,0.82,0.341,17.52,995.09,0
1.0,51.32,2.093,2.632,0.574,25.08,992.24,0
20.23,80.88,0.659,2.33,0.047,29.86,990.63,0
69.7,12.5,2.929,2.514,0.205,19.96,1002.39,0
85.73,15.12,0.956,0.422,0.444,22.38,999.91,0
110.0,16.04,1.597,0.944,0.677,18.58,1007.03,0
84.66,75.79,0.057,1.275,0.778,22.1,1003.49,0
80.61,55.1,2.655,2.515,0.03,32.23,1001.82,0
47.32,43.2,2.367,2.679,0.152,19.74,1015.3,0
0.15,19.51,0.586,0.855,0.73,15.59,1008.65,0
14.42,75.9,2.8,2.059,0.813,25.72,1009.38,0
64.15,38.89,0.948,0.233,0.237,26.59,1001.45,1
81.02,33.88,2.077,1.229,0.23,21.58,1013.31,0
50.09,68.71,2.457,1.46,0.088,27.83,994.56,0
87.68,60.31,2.223,2.297,0.15,15.76,1002.06,1
62.62,42.62,2.753,2.676,0.008,21.81,991.42,0
8.9,67.73,2.593,1.012,0.59,17.89,993.46,0
23.04,34.41,2.984,1.583,0.904,19.6,992.45,1
100.8,81.53,0.548,1.942,0.15,22.65,1003.24,1
86.99,30.64,0.914,0.986,0.751,24.87,1010.92,1
107.37,24.3,1.909,2.957,0.574,16.86,999.38,1
14.11,80.42,2.199,2.627,0.94,17.03,990.8,1
118.83,73.71,1.604,0.889,0.798,28.48,1011.22,1
25.13,26.44,0.222,1.524,0.853,23.08,996.22,1
1.41,20.46,2.525,0.693,0.639,18.53,1011.68,0
119.69,85.46,2.883,1.544,0.811,19.7,990.22,1
33.73,79.89,1.217,2.05,0.351,29.4,999.37,0
80.16,39.45,0.674,0.257,0.209,16.04,1008.64,0
21.2,69.24,0.058,2.61,0.913,25.17,1016.13,0
69.63,21.17,0.712,1.781,0.734,22.21,1012.62,1
108.48,55.63,2.1,2.969,0.091,31.22,1003.49,1
38.42,11.69,2.735,0.077,0.867,30.8,1011.56,0
80.43,45.24,0.281,2.494,0.349,28.78,1006.13,1
22.55,16.74,1.66,2.376,0.298,22.7,1014.4,0
74.98,52.76,2.087,0.399,0.623,27.62,1013.16,1
40.37,47.95,0.829,1.006,0.569,27.8,1019.28,1
25.34,49.99,1.71,2.654,0.538,21.64,993.15,0
37.58,14.08,2.146,1.555,0.255,32.6,1000.22,0
21.46,42.55,2.513,1.204,0.96,34.7,995.77,0
108.23,78.08,1.357,2.716,0.95,21.29,1008.92,1
47.66,43.2,2.244,0.28,0.004,31.02,1009.92,0
29.43,74.37,0.905,1.419,0.338,25.02,996.11,1
53.81,43.25,0.639,1.957,0.046,24.27,1002.65,0
38.46,48.09,0.562,1.826,0.85,22.73,1008.06,1
89.33,60.75,1.077,0.793,0.887,20.84,1009.77,1
116.55,95.56,0.108,1.69,0.518,33.39,993.08,1
52.56,19.8,0.849,2.126,0.84,29.82,1017.63,1
103.32,12.96,1.957,1.755,0.703,23.81,991.02,1
67.9,64.72,1.944,2.053,0.5,30.03,1019.19,1
18.87,95.42,0.221,0.768,0.364,29.37,999.49,0
82.87,99.08,0.862,2.499,0.266,20.35,999.49,0
61.61,53.57,1.709,1.349,0.259,18.52,1003.38,1
78.07,52.13,0.956,2.962,0.562,31.73,1010.85,1
106.76,68.05,1.254,0.07,0.167,31.23,994.79,1
52.85,60.01,2.138,1.141,0.175,34.94,997.65,1
108.14,67.07,0.028,0.541,0.01,15.39,1018.85,0
90.08,88.66,0.829,1.667,0.613,25.81,1016.31,1
58.63,77.17,0.427,0.73,0.994,29.03,996.37,1
72.39,54.72,0.383,2.212,0.889,26.65,1007.19,1
39.07,51.57,2.877,2.646,0.706,29.21,996.11,1
118.03,67.56,1.13,0.633,0.786,17.75,1006.5,1
80.08,51.01,1.581,0.482,0.417,15.03,1000.97,0
5.26,51.2,2.201,2.626,0.298,16.86,1000.87,0
39.19,11.47,0.142,1.084,0.369,22.6,1009.05,0
74.8,25.67,0.723,1.304,0.081,21.58,997.56,0
6.76,53.97,2.496,0.663,0.634,32.48,1002.13,1
2.87,84.04,2.586,1.276,0.175,16.67,1017.76,1
54.0,35.09,1.119,0.694,0.763,23.85,1012.66,0
39.92,57.04,1.125,1.998,0.19,34.16,1001.5,0
52.6,41.05,2.271,1.497,0.228,25.06,996.91,0
31.52,19.43,0.885,2.364,0.957,17.65,1009.77,1
19.77,96.25,0.351,0.938,0.105,20.83,1014.23,0
82.7,86.92,0.773,1.517,0.499,27.54,1015.82,1
61.75,17.06,1.162,0.779,0.063,15.24,1006.93,0
24.02,74.78,0.157,2.803,0.09,34.36,1005.5,0
38.35,41.28,1.436,1.566,0.634,26.34,1011.59,0
71.02,99.54,2.22,0.52,0.631,29.08,995.27,1
8.67,37.22,1.541,0.818,0.193,24.98,1015.56,0
17.69,31.49,0.216,0.249,0.872,34.16,992.22,0
8.79,61.11,1.32,0.083,0.702,26.78,1008.09,1
97.48,85.16,2.127,1.578,0.301,28.24,1007.69,0
90.29,27.33,0.174,1.011,0.248,32.22,999.32,0
90.4,73.85,0.18,2.891,0.754,32.23,991.06,1
85.96,15.53,1.112,0.514,0.734,15.56,1011.54,0
80.33,92.7,0.585,2.382,0.149,20.67,990.73,1
57.24,17.3,2.804,0.948,0.349,19.93,995.39,1
77.07,92.28,1.744,0.671,0.217,15.13,1006.33,1
4.6,54.17,0.862,2.909,0.294,32.54,1018.2,0
74.58,50.33,2.114,2.408,0.288,21.34,991.98,0
93.35,97.6,1.125,1.892,0.976,21.94,1007.36,1
60.04,99.13,0.396,2.091,0.75,16.99,999.87,1
42.9,68.52,0.712,2.974,0.78,34.79,1010.08,0
33.29,21.44,1.928,1.78,0.277,31.53,1018.59,0
77.14,55.56,0.156,0.306,0.001,26.44,998.06,0
83.14,57.62,0.818,0.195,0.058,30.44,1018.68,0
104.52,56.3,0.625,2.0,0.553,30.54,1016.12,1
41.08,61.25,0.603,1.973,0.285,28.13,1008.21,0
92.37,11.69,2.048,2.245,0.193,18.48,1012.75,1
67.36,74.01,2.477,0.326,0.05,29.41,1015.95,1
105.94,74.12,2.148,2.835,0.876,26.39,1014.1,1
63.34,20.39,1.937,1.653,0.6,29.48,999.8,1
62.12,61.32,2.749,1.949,0.107,25.87,1014.38,0
69.35,61.15,0.175,0.105,0.766,34.13,999.41,0
89.92,71.42,0.502,2.883,0.756,27.54,1016.01,1
115.76,17.69,1.243,1.688,0.289,26.47,997.66,0
8.83,66.39,1.117,1.69,0.188,31.86,1007.17,1
6.41,35.27,1.254,2.831,0.814,22.58,1010.79,0
112.51,55.63,0.619,2.788,0.33,21.32,1002.77,1
63.59,79.6,0.449,0.661,0.847,25.06,1013.49,1
73.79,73.51,1.528,2.793,0.044,26.69,1017.76,1
57.89,20.7,2.784,2.21,0.499,19.41,995.59,0
11.24,63.21,1.176,0.057,0.18,28.65,991.0,0
92.17,97.22,0.13,0.72,0.672,31.05,1008.8,1
89.67,24.11,2.119,1.239,0.997,26.55,1008.07,1
37.4,86.76,0.873,1.748,0.413,25.46,1000.24,0
36.75,73.23,0.735,2.104,0.1,20.89,1013.56,1
100.54,79.66,0.973,0.631,0.318,33.19,1014.78,0
8.68,35.38,2.171,2.51,0.892,30.09,999.96,1
105.73,35.91,2.456,2.537,0.766,24.61,1010.47,1
30.8,91.54,1.764,1.905,0.232,28.18,1009.26,1
71.16,42.38,0.967,2.763,0.954,21.74,1000.28,0
112.32,15.67,0.931,2.439,0.622,16.2,1019.07,0
81.37,64.05,0.373,0.665,0.168,19.08,1000.39,0
49.73,21.23,2.8,2.396,0.572,16.59,1008.61,1
82.74,81.69,1.914,2.86,0.451,25.16,1001.4,0
41.28,67.76,0.081,0.413,0.82,27.44,990.35,1
33.27,88.73,1.987,2.936,0.344,22.61,992.75,0
119.6,80.64,1.341,0.075,0.875,25.6,996.97,1
90.09,20.09,2.918,1.567,0.812,16.71,1014.37,0
77.37,44.3,2.457,2.322,0.675,30.4,1003.26,0
42.63,79.71,0.514,2.371,0.259,15.66,1007.66,0
5.9,47.56,2.16,2.204,0.97,27.69,1018.32,0
3.73,97.51,1.457,1.588,0.549,23.67,994.41,0
66.5,76.22,0.561,1.953,0.908,18.68,1015.85,0
91.44,11.39,2.096,2.1,0.216,25.46,1001.38,0
64.49,89.2,1.642,1.484,0.983,30.62,1000.12,0
100.89,19.07,0.091,1.787,0.816,23.27,1008.77,0
4.01,22.65,1.94,2.539,0.949,22.35,1016.96,0
44.01,76.1,1.905,0.939,0.212,17.85,1000.46,0
28.45,87.85,0.432,1.57,0.431,26.89,1012.84,0
53.67,58.27,1.047,0.025,0.098,31.56,990.58,0
8.69,36.01,1.758,2.062,0.137,26.23,1008.69,0
114.5,41.62,0.416,0.586,0.284,18.3,1008.92,0
26.79,40.86,2.558,1.443,0.952,28.22,1006.68,0
110.68,39.4,0.082,0.631,0.667,15.6,1018.13,1
51.11,31.86,0.309,0.071,0.315,31.76,1018.16,0
118.26,64.8,0.348,1.45,0.955,33.43,1000.26,1
66.49,91.04,1.584,1.275,0.74,26.94,1003.69,1
111.7,37.64,1.86,1.275,0.907,32.64,1013.77,1
0.64,26.8,1.211,0.626,0.927,16.69,1015.32,0
89.79,85.47,0.866,2.842,0.751,19.57,1002.54,1
108.37,76.76,2.428,0.011,0.243,21.35,1000.47,1
16.77,93.78,0.205,2.675,0.997,30.46,1014.62,1
11.54,24.9,0.841,2.211,0.325,24.68,1001.31,0
50.95,22.98,0.117,0.516,0.672,21.97,1002.16,0
112.04,58.73,0.042,1.417,0.845,18.16,994.07,1
65.09,65.3,1.06,2.967,0.175,31.21,1006.29,0
63.29,53.22,0.584,1.931,0.609,15.41,999.79,0
16.94,63.91,0.805,0.382,0.375,21.75,1007.72,0
0.09,26.23,2.463,1.373,0.244,19.86,1003.45,0
97.22,53.17,0.489,1.405,0.012,17.58,1012.44,1
10.51,69.23,2.341,2.407,0.872,18.44,998.33,1
76.06,48.94,2.025,2.748,0.136,24.88,995.16,1
109.75,71.15,0.979,0.247,0.878,23.52,1011.09,1
25.04,50.61,1.64,0.942,0.601,25.37,1001.52,0
79.83,40.02,1.333,0.895,0.621,29.55,1006.91,1
9.44,37.32,0.385,2.988,0.829,32.85,1018.23,0
72.45,46.98,2.722,1.678,0.509,17.37,1004.52,0
19.67,12.08,1.709,2.639,0.357,16.65,994.57,0
88.31,70.17,2.641,1.278,0.139,21.41,1002.8,1
36.15,86.06,2.471,2.168,0.57,25.93,1004.36,1
55.61,41.92,0.239,0.86,0.553,17.0,1012.98,0
71.93,14.14,0.622,2.735,0.294,29.32,995.86,1
20.55,98.81,0.436,1.365,0.6,26.12,1000.41,1
89.0,33.73,2.492,2.411,0.439,29.97,991.5,1
36.32,21.4,2.587,0.767,0.806,22.16,1011.06,0
79.48,43.28,1.584,2.081,0.559,23.02,1012.32,0
18.99,76.47,0.313,1.215,0.934,31.15,1003.72,1
82.57,36.45,0.407,0.094,0.518,20.34,1006.15,1
15.38,61.72,2.441,1.239,0.887,22.63,1012.49,0
51.04,47.4,2.788,1.65,0.521,15.27,998.05,0
29.66,20.6,0.598,0.455,0.558,26.11,1008.21,0
89.81,39.73,0.033,0.552,0.367,32.03,1018.92,0
31.44,75.24,0.993,1.395,0.4,15.56,1009.74,1
105.81,65.08,0.091,1.028,0.933,27.28,992.34,1
107.02,20.78,2.484,1.322,0.223,31.91,998.71,1
23.57,24.7,1.475,1.382,0.121,24.88,1005.57,0
73.66,67.67,1.926,0.42,0.83,21.26,992.18,1
10.53,83.21,1.234,0.544,0.577,34.93,1010.3,0
46.98,41.45,1.037,2.544,0.285,16.3,1009.63,0
85.6,63.58,0.667,0.488,0.432,19.21,1016.29,0
79.13,25.36,2.312,1.998,0.525,32.7,1005.0,0
74.96,38.02,2.087,1.256,0.592,20.95,1010.76,0
33.9,11.82,1.082,2.905,0.821,31.4,995.46,0
45.36,79.14,0.963,0.198,0.394,21.66,990.09,1
12.35,46.09,0.004,2.491,0.677,31.24,995.17,0
86.28,83.45,0.191,1.474,0.835,28.71,991.87,1
60.47,73.75,1.87,0.016,0.844,24.37,1002.83,1
85.05,84.59,1.544,0.791,0.254,25.46,1004.05,1
29.87,35.71,1.304,1.223,0.35,18.55,1009.33,1
38.93,26.66,2.483,0.943,0.595,17.32,994.22,0
40.11,97.47,1.512,1.087,0.886,29.34,996.44,1
3.09,74.56,1.153,2.75,0.79,31.97,1013.95,0
40.93,85.06,0.484,1.083,0.584,29.44,1007.3,0
96.4,11.18,2.462,1.256,0.984,33.26,990.88,1
107.68,41.9,1.729,2.283,0.439,32.8,1015.45,1
62.19,76.85,0.277,2.382,0.842,30.56,1008.89,1
54.66,17.02,1.947,0.252,0.818,32.96,995.6,1
3.7,61.06,1.275,2.112,0.908,18.34,997.56,0
105.5,48.62,2.434,1.448,0.988,29.63,1006.61,1
1.56,11.59,2.757,0.402,0.496,30.07,1006.82,1
113.37,31.24,1.801,0.794,0.196,18.08,1014.16,1
58.71,35.63,2.195,0.135,0.461,33.19,1000.76,0
41.03,20.07,0.17,1.081,0.854,15.18,1006.48,0
110.91,66.84,1.681,0.766,0.836,23.69,1007.48,1
2.93,31.82,2.266,1.146,0.336,15.43,1006.76,0
69.77,34.99,1.49,1.741,0.047,25.47,992.19,0
65.87,90.84,1.781,2.197,0.51,23.24,1002.34,1
26.32,52.04,2.697,1.816,0.474,27.46,1000.17,1
51.47,45.29,0.594,2.035,0.086,30.33,1019.78,0
78.27,75.15,0.295,2.597,0.795,30.37,1003.97,1
87.26,91.87,2.072,2.621,0.284,29.44,1003.06,1
0.09,12.25,2.469,2.582,0.646,17.04,1004.51,1
112.42,50.34,2.551,0.46,0.101,23.35,1017.58,1
19.74,64.97,1.925,0.753,0.861,31.32,1008.34,0
28.03,38.67,2.5,1.507,0.739,28.09,1001.67,0
31.62,79.52,2.102,1.076,0.388,28.62,1017.38,0
4.54,97.43,0.262,0.395,0.629,19.54,1017.9,0
14.77,94.91,2.286,0.863,0.187,21.5,997.93,0
118.36,33.94,0.538,2.926,0.985,34.12,1001.8,1
37.83,30.37,0.71,1.041,0.796,31.94,1018.99,0
13.84,96.17,1.184,1.257,0.789,18.3,1006.23,0
12.84,51.28,0.944,0.019,0.153,25.89,1002.95,0
86.34,28.75,0.965,2.158,0.018,24.81,995.86,1
102.55,73.63,0.508,1.241,0.585,23.87,1001.53,0
30.83,35.6,0.882,0.309,0.144,24.41,1008.94,0
2.51,34.05,0.059,2.906,0.78,27.86,991.16,0
26.77,89.13,1.419,2.332,0.416,34.34,992.5,1
6.78,24.62,2.306,2.178,0.339,32.51,990.16,0
12.41,15.8,2.587,2.874,0.074,32.5,996.57,0
51.78,34.23,2.461,1.222,0.996,29.07,995.49,1
27.59,64.63,1.249,2.156,0.956,15.35,1015.52,0
61.91,21.08,2.191,0.619,0.132,23.81,995.56,0
30.42,52.44,0.864,2.091,0.333,25.22,1009.84,1
112.86,66.46,0.167,0.042,0.391,31.85,993.55,0
108.71,86.39,2.028,0.379,0.297,33.46,1007.81,1
68.02,30.69,1.946,1.276,0.934,24.03,1003.07,1
42.53,83.56,2.405,0.036,0.721,21.01,1002.26,0
45.74,31.14,1.848,1.386,0.956,21.75,1015.7,0
49.42,70.91,0.471,1.568,0.875,26.57,995.03,0
87.31,48.76,2.559,1.865,0.755,20.5,1007.86,1
54.2,20.32,1.882,0.301,0.697,33.21,1014.66,0
102.81,74.28,2.423,0.543,0.866,23.37,1011.42,1
113.29,29.6,2.322,1.84,0.684,34.8,1019.5,1
40.31,25.9,0.894,1.975,0.189,17.19,990.06,0
67.28,42.25,0.224,0.078,0.648,18.76,1016.53,1
11.41,68.8,0.53,1.621,0.515,25.23,1008.4,1
24.06,31.06,0.279,2.355,0.982,32.37,990.07,0
49.62,26.53,0.73,0.207,0.51,22.08,1003.96,0
24.74,10.9,1.379,1.24,0.038,31.75,1013.02,0
105.19,52.45,2.72,0.98,0.264,23.51,995.48,1
18.99,48.58,2.616,2.741,0.917,32.06,1010.35,1
54.68,31.05,2.156,0.557,0.962,20.55,994.19,1
72.68,14.83,0.072,0.955,0.728,24.44,1014.1,0
83.02,48.63,1.024,2.695,0.057,20.57,1007.05,1
45.97,80.94,2.047,0.992,0.024,19.3,991.02,0
104.29,74.38,0.387,1.594,0.48,23.42,992.73,1
68.2,87.47,2.403,0.099,1.0,21.69,1015.92,1
52.74,10.86,2.744,2.955,0.869,30.74,990.99,1
8.07,96.98,1.062,2.475,0.933,29.95,998.96,1
55.76,40.73,2.118,1.903,0.624,22.17,1007.01,0
98.49,99.14,0.445,0.182,0.859,34.85,996.4,1
73.74,32.74,2.072,0.225,0.32,34.48,996.73,1
99.86,52.44,0.064,1.635,0.027,33.36,1013.28,1
59.28,41.85,0.452,0.855,0.918,26.73,998.73,0
14.22,42.02,2.13,1.868,0.218,23.25,991.16,1
1.64,85.81,2.136,1.795,0.728,21.26,1011.63,0
36.39,77.18,1.923,2.516,0.659,15.3,1018.63,1
83.76,99.29,1.432,0.844,0.158,27.64,1014.96,1
94.83,65.22,2.025,1.734,0.196,26.06,1006.46,0
35.49,51.69,2.321,2.332,0.329,27.6,1002.75,0
59.48,18.11,2.899,1.472,0.757,26.52,1017.75,1
50.53,99.69,2.666,2.492,0.039,17.75,1012.99,0
49.26,59.64,2.384,0.394,0.407,28.91,1007.12,0
27.76,73.04,2.084,2.202,0.665,22.21,1016.39,1
16.36,46.61,1.722,2.829,0.171,25.33,1008.05,1
23.6,59.29,0.362,0.996,0.119,22.31,1019.21,0
6.64,94.83,0.497,1.099,0.39,15.44,1015.75,0
23.78,24.98,2.461,0.251,0.287,32.53,1006.51,0
1.1,36.31,2.41,1.924,0.649,17.97,1017.69,0
75.27,23.69,1.843,1.657,0.97,26.64,1000.27,1
37.97,81.3,1.317,0.121,0.004,32.66,1011.03,0
116.78,15.58,0.078,2.257,0.902,19.43,995.14,0
23.25,17.35,0.982,2.488,0.433,23.24,1016.86,0
41.5,36.86,1.262,2.721,0.664,22.55,997.44,0
42.94,56.28,1.457,1.637,0.851,16.78,1018.47,1
1.01,46.56,2.788,1.358,0.573,23.47,990.51,0
100.7,14.03,0.326,2.628,0.097,24.59,1010.46,0
3.84,96.17,1.557,1.196,0.141,15.53,994.5,0
112.82,95.76,1.104,1.966,0.789,24.76,1013.12,1
107.05,35.14,2.97,1.846,0.229,16.88,1004.76,0
64.26,75.84,2.586,1.116,0.569,32.85,1017.29,1
65.23,62.07,1.316,0.261,0.428,28.0,1011.45,0
78.45,31.37,2.999,0.064,0.304,16.13,1013.05,0
46.45,33.6,1.542,1.285,0.787,31.54,993.61,1
77.67,54.2,0.501,1.444,0.731,22.23,992.9,1
5.37,47.73,1.668,2.468,0.646,19.51,1015.52,0
6.49,36.21,0.679,1.243,0.373,20.08,996.77,0
54.87,82.68,1.909,0.843,0.226,26.95,1016.01,0
65.95,53.33,2.812,1.386,0.516,16.63,994.28,0
106.54,68.94,2.359,0.714,0.817,16.17,999.25,1
12.56,27.03,0.819,0.274,0.576,27.55,1017.86,0
98.72,58.02,0.891,0.339,0.97,34.64,1015.19,1
25.21,38.62,0.208,0.957,0.015,24.67,991.63,0
47.29,57.38,0.858,0.038,0.998,23.27,1003.44,0
37.99,80.27,0.278,0.661,0.691,33.94,1017.3,1
48.02,79.2,1.498,2.363,0.833,19.82,990.44,0
18.06,41.88,2.125,0.704,0.335,19.81,993.22,0
60.43,72.48,2.254,0.332,0.508,33.1,1009.36,1
96.2,94.72,0.179,2.847,0.797,27.94,993.15,1
52.98,66.31,1.02,1.867,0.761,16.08,1003.47,1
58.87,23.36,0.865,0.18,0.334,28.48,1005.23,0
101.85,71.17,0.313,0.187,0.324,31.4,1015.81,1
84.73,19.44,1.087,1.836,0.663,20.48,1018.72,1
58.85,88.49,0.898,1.62,0.934,22.66,1005.37,0
30.92,56.5,1.903,0.205,0.439,18.95,1005.31,1
106.19,44.66,2.65,0.673,0.353,27.67,1011.8,1
69.24,15.13,1.365,2.787,0.895,28.28,995.78,1
26.54,44.27,2.24,1.716,0.683,16.37,1018.23,1
32.29,91.29,0.438,1.321,0.388,28.55,990.04,0
96.38,11.89,2.685,0.75,0.057,28.17,990.05,1
5.3,52.72,0.458,0.401,0.721,15.7,1008.77,0
119.05,93.8,0.576,1.208,0.353,26.11,1000.24,1
15.64,45.54,0.319,2.767,0.071,27.28,1001.94,0
95.53,48.54,0.929,0.146,0.612,23.6,996.64,0
47.37,62.07,1.657,2.973,0.323,33.03,1002.23,0
59.07,51.66,2.964,0.623,0.338,21.57,1014.84,0
105.68,25.17,2.38,1.226,0.479,16.34,1010.98,0
49.55,11.67,1.141,0.135,0.717,28.44,992.84,0
64.5,64.88,1.728,1.754,0.276,27.1,991.7,0
5.92,92.87,1.87,1.451,0.081,34.78,1005.19,1
0.28,19.57,2.468,2.0,0.424,19.63,1011.9,0
29.38,28.99,2.209,1.628,0.055,22.91,1009.93,0
81.67,43.32,1.708,1.195,0.697,24.22,1015.92,1
14.55,82.79,2.008,2.213,0.959,32.23,994.0,1
13.65,34.23,2.238,0.075,0.659,23.29,1008.17,0
49.32,89.38,0.399,1.623,0.275,30.44,1012.98,0
77.74,14.95,0.601,0.342,0.182,18.14,1018.14,0
85.45,94.69,2.066,1.308,0.233,23.2,993.03,1
21.41,60.47,2.551,2.373,0.222,18.1,997.19,1
9.55,69.29,1.228,0.427,0.314,33.99,1000.64,0
112.85,43.09,2.94,2.807,0.097,18.56,1006.22,1
31.28,80.38,0.648,2.666,0.896,23.38,1002.26,0
102.4,24.99,1.25,1.245,0.885,16.65,1015.83,1
103.62,14.4,1.136,0.018,0.615,33.43,1018.52,1
92.7,45.6,2.791,2.369,0.062,27.48,992.1,1
20.26,86.83,0.856,2.643,0.804,34.25,1010.99,0
98.62,77.94,1.412,0.524,0.062,15.85,993.43,1
92.31,56.54,0.562,2.749,0.106,18.5,1016.94,1
71.61,61.49,1.564,2.742,0.325,22.6,994.26,1
40.46,21.69,2.572,1.414,0.431,27.43,1019.75,0
31.5,85.66,0.912,2.394,0.354,21.59,1002.83,0
14.63,80.83,2.432,1.335,0.165,29.24,1001.46,0
61.17,69.08,2.734,1.692,0.112,18.3,1007.59,0
70.23,51.96,0.219,0.96,0.859,27.01,1001.83,1
43.12,96.8,2.269,0.478,0.363,22.96,997.04,1
57.04,89.11,0.766,2.24,0.219,25.16,1008.87,0
43.62,68.0,0.526,0.004,0.487,26.39,1011.85,0
76.92,43.46,1.803,1.739,0.037,16.2,1018.36,1
108.15,65.62,2.117,2.594,0.6,33.48,1002.27,1
19.67,61.79,1.184,0.664,0.248,30.72,1011.17,0
45.77,45.48,0.118,0.999,0.598,23.85,1015.01,0
16.9,37.6,2.726,1.762,0.614,25.95,1014.94,0
74.99,46.63,2.192,0.741,0.809,15.65,991.03,0
87.46,61.65,0.815,2.542,0.23,24.96,1000.67,0
111.83,48.53,1.491,1.1,0.463,23.53,990.4,1
33.46,33.72,0.083,1.745,0.962,22.49,1006.77,0
114.03,78.49,1.018,0.678,0.727,31.31,1015.95,1
7.59,57.83,1.568,0.124,0.975,18.64,1014.45,0
72.36,16.09,1.552,0.521,0.927,18.53,1014.34,1
6.86,43.15,0.625,0.139,0.611,25.43,1000.56,0
107.25,89.64,2.33,1.406,0.264,28.74,991.39,1
63.58,77.97,0.897,1.76,0.757,15.45,995.17,1
80.32,39.09,1.741,0.134,0.698,25.92,1010.12,0
99.79,94.44,0.815,0.271,0.589,20.97,994.02,1
18.04,16.89,1.276,1.457,0.698,30.14,993.76,0
4.63,96.51,0.623,2.398,0.614,24.38,1000.61,1
105.47,32.11,1.899,1.884,0.519,31.68,992.84,1
37.79,10.82,1.277,0.314,0.416,22.94,999.89,1
15.48,49.04,0.048,2.663,0.045,31.54,1019.09,0
56.22,42.31,0.084,2.752,0.866,29.33,990.6,1
71.8,58.52,1.413,0.975,0.866,31.57,1014.92,1
3.72,81.71,0.55,1.848,0.594,31.25,1019.81,1
32.99,85.82,1.755,1.477,0.268,24.73,1003.09,0
3.94,46.11,1.225,2.826,0.028,22.36,1018.29,0
50.44,48.69,1.963,1.526,0.001,30.3,997.83,1
107.41,23.34,2.857,2.88,0.073,22.23,1019.47,1
117.92,14.28,1.586,0.598,0.36,16.79,1015.85,1
76.45,67.71,2.362,1.037,0.188,32.18,1016.54,1
19.4,15.8,2.259,2.344,0.265,22.94,993.91,0
108.7,76.04,2.765,2.351,0.7,17.65,1016.1,1
61.95,58.52,0.642,2.197,0.959,27.93,1018.25,1
18.45,27.87,2.482,2.579,0.207,32.8,1014.57,0
110.61,58.56,2.717,2.108,0.466,32.22,992.74,1
90.9,26.47,1.178,1.908,0.991,26.09,992.54,1
87.8,49.49,0.941,1.377,0.932,16.76,1000.73,0
85.1,81.96,2.856,1.401,0.352,28.93,1011.15,1
24.04,51.57,1.883,1.218,0.32,27.18,990.37,1
25.32,23.38,1.142,1.861,0.242,19.2,1018.52,0
82.6,75.14,2.375,1.22,0.155,33.01,1005.76,1
26.37,26.81,0.913,0.442,0.46,16.73,1000.75,0
52.64,76.47,0.529,0.32,0.341,22.46,1006.84,1
93.84,53.14,1.632,2.773,0.745,16.89,1011.47,1
94.07,50.84,1.699,0.074,0.237,33.24,998.2,1
54.39,86.63,2.477,0.316,0.736,15.71,998.73,1
95.06,73.77,1.371,1.336,0.288,23.52,1004.05,1
100.63,12.96,2.444,0.789,0.593,32.24,1010.1,1
78.57,36.66,0.934,1.218,0.638,20.03,1011.19,0
27.41,88.38,1.726,0.352,0.672,17.1,999.72,1
32.88,11.65,0.625,0.393,0.175,17.54,999.67,0
37.78,59.07,1.156,2.402,0.283,23.1,1004.61,0
14.02,75.5,2.573,2.277,0.246,23.57,1006.26,1
32.78,65.97,0.648,0.313,0.576,29.36,1009.48,0
25.14,78.45,2.431,2.003,0.076,19.76,1008.53,0
54.64,75.31,0.849,1.828,0.518,29.04,1001.18,0
109.01,72.28,0.103,2.14,0.087,34.98,998.91,1
12.54,83.94,0.33,1.423,0.337,32.29,999.24,1
86.43,68.11,2.238,0.81,0.687,27.71,1009.36,1
82.47,46.22,0.786,1.991,0.413,33.8,1002.99,1
11.49,52.47,1.962,1.114,0.28,34.82,994.03,1
110.71,74.51,2.098,0.657,0.616,26.41,990.18,1
68.22,88.87,1.035,1.226,0.74,20.47,990.89,1
43.65,34.5,1.425,2.29,0.255,33.3,1016.03,0
90.78,40.79,1.211,1.427,0.299,31.88,1003.73,0
30.88,93.77,2.842,0.9,0.64,16.69,1009.72,0
83.22,62.07,0.96,2.496,0.965,33.73,1017.87,1
4.77,26.11,0.55,2.645,0.214,22.32,993.79,0
100.73,69.73,1.097,1.3,0.654,21.44,1003.43,1
53.78,99.17,2.009,1.124,0.907,21.87,1006.17,0
76.4,84.11,2.092,1.838,0.462,21.4,1015.25,1
26.55,77.12,2.772,0.174,0.317,25.32,1019.81,0
81.25,28.72,2.645,2.074,0.667,26.6,1011.35,0
92.67,88.85,0.865,2.347,0.031,23.51,1009.26,1
56.79,57.32,1.365,1.192,0.36,23.25,1017.61,1
74.13,90.04,2.242,0.524,0.258,29.75,1015.12,1
54.76,39.68,2.75,0.086,0.225,15.06,1015.95,0
107.29,15.58,1.011,1.912,0.18,33.94,990.08,0
59.74,52.84,1.333,0.807,0.737,29.29,1005.43,0
101.02,34.29,2.698,1.392,0.955,29.15,1013.48,0
96.16,74.37,1.075,1.159,0.385,23.44,995.44,0
49.26,96.14,1.442,0.525,0.049,34.32,1012.54,0
27.61,72.19,2.714,1.525,0.719,15.01,990.27,1
48.73,89.82,2.407,1.379,0.538,16.53,1007.26,1
99.15,50.77,0.73,1.872,0.724,31.08,1015.54,1
27.32,79.45,0.974,0.756,0.648,29.77,1002.94,1
62.93,85.87,1.059,0.644,0.905,20.43,1012.18,0
96.73,73.98,2.738,2.443,0.14,26.9,1005.91,1
42.42,55.7,2.997,2.107,0.169,25.64,1009.42,1
77.07,66.33,2.322,2.317,0.342,25.54,1005.5,1
29.48,73.05,1.453,0.37,0.491,26.91,1004.28,1
13.11,32.78,0.031,0.672,0.926,34.87,1015.25,0
95.33,82.86,2.092,1.727,0.907,34.75,992.78,1
11.88,95.53,1.168,2.572,0.872,34.63,1007.54,0
32.57,51.87,1.899,2.676,0.223,25.97,993.44,1
102.61,73.1,1.82,2.496,0.73,21.36,1006.88,1
41.58,76.33,1.442,0.13,0.383,26.2,1018.91,0
116.77,69.6,2.833,2.463,0.931,27.45,991.71,1
117.57,59.24,0.069,2.697,0.215,21.23,1002.66,0
32.19,89.35,2.136,0.17,0.141,27.66,1014.06,0
4.92,50.4,1.23,1.249,0.842,27.44,1001.09,0
84.61,15.5,2.141,1.61,0.717,33.07,1005.61,0
54.12,86.01,2.026,0.698,0.821,19.75,993.44,1
12.09,70.66,0.031,1.55,0.158,28.95,996.69,0
84.9,86.43,0.856,2.658,0.885,24.02,1010.59,1
3.74,22.47,0.567,2.601,0.678,17.6,1014.86,0
104.42,12.77,0.501,2.82,0.652,21.32,1009.39,1
16.64,94.09,2.185,1.452,0.583,16.15,1015.11,0
15.28,23.3,0.719,1.232,0.765,21.39,1008.17,0
21.08,82.87,1.424,1.997,0.416,16.38,1014.31,1
115.23,84.09,0.741,1.25,0.133,33.51,1019.49,0
83.18,73.78,1.741,0.126,0.539,17.03,992.48,1
96.16,21.81,2.162,2.16,0.748,31.35,1004.39,0
47.72,70.07,0.993,0.843,0.154,33.12,995.7,0
40.36,90.02,1.809,0.147,0.224,24.35,1003.96,0
28.14,48.3,2.475,0.062,0.697,16.08,1004.99,0
57.68,47.22,0.283,2.794,0.27,26.92,1008.66,0
66.22,49.86,2.132,0.756,0.17,19.7,1003.18,0
75.81,17.4,0.969,1.344,0.889,18.53,999.74,0
30.85,90.28,0.368,2.852,0.161,26.34,991.3,1
113.84,88.23,1.637,1.403,0.344,22.13,991.04,1
20.37,99.81,0.679,0.236,0.428,29.61,995.25,1
115.88,62.67,2.464,1.656,0.476,26.83,1003.47,1
1.78,77.61,0.129,0.265,0.361,31.59,1002.53,0
57.74,28.24,0.296,0.285,0.913,16.17,995.72,1
40.0,70.08,1.563,2.554,0.659,19.7,1014.67,0
53.89,68.48,1.767,0.868,0.359,26.34,1010.5,0
68.48,91.11,2.19,2.036,0.358,32.61,1000.29,1
52.27,84.77,0.778,1.527,0.503,31.27,1013.91,1
49.78,94.46,2.525,0.667,0.034,28.59,1019.68,0
87.93,88.2,2.859,1.553,0.927,26.48,997.35,1
82.31,88.18,1.497,0.207,0.223,27.63,1000.88,0
99.99,15.74,2.282,1.042,0.698,19.27,1019.79,1
30.0,86.14,1.575,1.569,0.778,26.9,994.14,1
73.14,64.67,0.208,0.685,0.827,24.88,992.32,0
70.22,44.24,0.978,1.981,0.166,22.69,1005.63,1
44.37,15.09,0.262,0.155,0.537,32.75,1004.05,0
58.33,70.99,2.967,1.454,0.084,31.59,992.35,0
37.65,39.54,0.687,2.145,0.805,16.53,998.7,0
17.02,52.1,1.908,1.29,0.486,34.71,1002.57,1
25.66,71.36,0.853,2.624,0.158,19.6,1014.67,0
12.66,92.06,1.96,1.897,0.719,19.31,1011.24,1
81.97,84.29,0.631,2.875,0.331,33.88,1017.44,0
79.29,50.55,2.356,0.852,0.115,23.9,999.97,1
114.07,44.9,0.332,2.816,0.461,31.11,999.28,1
87.56,31.58,2.685,1.82,0.235,20.76,1003.9,1
6.25,43.52,2.521,2.236,0.95,32.46,990.23,0
106.11,19.99,2.036,2.706,0.361,31.65,996.22,1
103.52,97.4,0.202,1.654,0.572,25.39,996.34,1
53.2,61.65,0.626,2.587,0.948,29.1,991.83,1
70.3,21.5,2.578,1.625,0.394,34.28,1003.65,1
117.13,41.75,0.366,1.798,0.358,24.04,1017.17,1
63.88,59.23,0.468,1.335,0.162,24.88,990.12,1
108.64,57.96,1.632,0.437,0.938,29.46,1008.85,1
9.96,13.2,0.823,1.661,0.801,22.73,1016.38,0
22.93,95.58,0.666,2.932,0.221,34.22,993.23,1
52.89,34.78,1.727,2.362,0.333,15.81,1017.52,0
70.17,11.46,1.118,2.242,0.915,23.07,1014.56,0
97.95,16.88,0.422,1.93,0.537,29.28,996.44,0
118.59,62.22,1.605,1.044,0.556,23.59,1017.16,1
46.66,22.4,1.161,0.509,0.648,20.18,1014.12,0
5.69,13.76,2.204,0.674,0.762,23.27,993.34,0
96.14,44.17,0.308,0.019,0.939,32.63,1014.92,0
72.53,66.05,1.862,2.02,0.802,25.94,1006.27,1
23.83,20.07,1.309,2.436,0.935,21.7,1014.48,1
59.38,38.2,1.218,0.807,0.821,28.43,1008.53,1
89.08,47.6,0.697,0.276,0.046,27.24,1001.76,0
92.45,24.35,0.091,1.007,0.118,26.21,1008.03,0
59.95,55.55,2.543,0.876,0.885,22.82,1009.09,1
36.63,17.67,0.979,1.353,0.028,16.44,1012.99,0
116.85,14.19,2.043,0.792,0.794,27.41,1014.92,1
79.6,56.79,2.843,1.019,0.85,23.4,1009.9,1
48.99,32.31,1.695,2.723,0.415,23.58,1019.69,1
33.66,18.58,1.191,1.005,0.355,19.68,1013.36,0
87.73,48.15,0.805,2.357,0.194,19.99,1017.32,0
29.06,92.36,2.802,1.878,0.049,30.75,999.58,0
20.61,75.18,2.046,1.013,0.745,24.59,999.49,0
63.58,83.41,1.996,2.453,0.074,17.19,1000.87,0
34.8,88.47,1.278,1.785,0.945,15.92,1003.19,1
75.47,97.54,2.535,0.026,0.297,19.49,1018.84,1
14.15,78.69,2.141,0.206,0.794,24.75,992.21,0
78.59,64.76,0.85,2.258,0.06,27.35,1004.95,1
34.0,42.89,1.799,1.34,0.536,17.87,994.83,1
0.03,26.35,1.291,1.217,0.349,23.68,1014.33,0
15.23,71.8,0.02,0.437,0.03,16.45,990.93,0
112.03,99.55,2.423,0.472,0.656,15.75,1003.65,1
104.08,52.06,0.368,2.393,0.943,32.27,1001.84,1
28.03,75.13,1.53,2.487,0.011,28.17,992.77,0
93.4,54.56,1.009,1.68,0.27,30.62,1001.3,0
73.03,48.87,1.026,0.885,0.704,18.64,1014.27,0
116.51,46.93,1.432,2.798,0.871,21.44,994.12,1
44.83,55.42,2.991,1.872,0.191,23.88,1019.51,0
81.78,43.02,1.225,2.39,0.071,28.16,991.75,0
7.62,77.39,0.547,0.01,0.009,25.7,998.67,0
47.55,88.68,1.841,1.351,0.215,26.03,1013.25,1
115.66,89.46,0.709,2.613,0.071,18.14,1000.73,1
64.68,30.49,0.317,1.015,0.359,24.5,1004.41,0
34.55,90.63,0.151,2.18,0.44,31.48,995.6,0
14.43,40.74,0.069,1.973,0.48,25.19,1011.46,0
84.42,37.84,1.293,0.457,0.142,18.99,995.39,0
77.38,75.41,1.28,2.325,0.464,23.27,1015.46,1
44.87,37.42,0.557,0.338,0.009,30.1,1006.18,0
114.11,14.77,2.352,2.184,0.239,17.7,1006.44,0
2.66,43.63,0.388,2.973,0.369,26.61,1018.01,0
36.45,74.93,2.746,2.874,0.118,34.31,1013.19,1
110.53,39.43,1.763,2.401,0.814,22.61,1012.29,0
38.51,66.66,0.083,1.604,0.201,15.87,1015.74,0
30.27,69.41,2.889,2.024,0.755,27.66,992.75,1
64.11,76.04,0.924,2.184,0.474,15.94,1011.78,1
98.86,90.74,1.35,0.025,0.48,18.83,997.0,0
12.38,48.93,0.853,0.307,0.645,15.97,998.43,0
113.16,24.98,2.185,1.791,0.044,18.41,990.45,1
95.41,38.7,1.457,0.02,0.079,32.1,1016.81,0
21.75,48.9,0.397,2.727,0.327,29.7,1012.17,0
85.44,74.25,0.313,1.469,0.417,21.84,994.18,0
46.2,11.18,2.176,0.773,0.43,32.94,999.84,0
48.28,38.42,0.711,1.181,0.677,28.3,1004.4,1
93.99,80.19,0.413,2.552,0.001,23.95,1004.82,1
115.53,70.38,1.498,2.782,0.959,16.37,1007.87,1
15.2,75.86,2.408,0.349,0.174,29.61,1004.17,0
50.48,83.06,0.836,2.334,0.249,22.51,1009.46,1
57.71,80.49,0.829,1.735,0.906,21.06,1016.52,1
45.16,71.4,2.502,1.757,0.005,20.77,1001.94,0
43.58,49.57,0.444,2.338,0.991,15.15,1016.3,0
6.27,98.52,1.85,0.669,0.036,29.85,996.59,1
82.26,61.22,2.865,1.593,0.121,17.91,993.64,1
52.35,28.25,2.524,0.958,0.24,25.41,997.18,0
23.38,36.35,0.185,0.284,0.439,15.32,996.2,1
97.92,72.42,0.96,0.315,0.518,27.56,1019.55,1
96.31,93.23,0.427,0.409,0.105,22.39,1001.43,0
58.37,26.08,2.848,1.845,0.074,27.61,1009.54,0
35.81,17.41,2.958,0.317,0.032,16.8,1010.88,0
76.57,89.34,0.705,1.71,0.257,20.33,1003.36,0
34.58,92.38,2.009,1.765,0.922,17.21,996.71,1
28.32,34.87,2.525,2.712,0.39,27.92,1003.14,1
87.66,43.96,0.701,1.879,0.764,17.17,1004.21,1
4.84,69.42,0.563,2.957,0.19,27.34,1018.62,0
11.37,39.69,0.034,0.093,0.065,17.69,1007.06,0
0.81,88.94,1.236,2.112,0.554,33.87,1019.1,0
18.35,19.68,2.698,0.079,0.822,23.33,1007.3,0
8.28,13.42,2.709,2.188,0.898,17.53,994.35,0
119.5,28.76,0.383,1.158,0.546,15.84,1001.53,1
34.66,35.75,0.613,1.834,0.294,21.59,1013.77,0
17.91,20.16,1.224,0.929,0.11,32.83,1002.65,0
28.92,15.91,2.342,0.477,0.668,17.88,992.99,0
112.34,78.0,1.836,2.171,0.28,30.82,992.88,1
62.42,24.78,1.542,2.714,0.844,23.35,997.11,0
43.78,92.25,1.776,0.551,0.605,31.06,1006.94,0
104.81,43.12,0.289,2.762,0.859,32.49,1014.9,1
47.4,70.35,1.433,0.421,0.567,34.96,1006.01,0
40.2,30.29,2.976,2.207,0.772,16.36,1012.38,1
24.87,31.63,0.265,2.878,0.294,30.93,1009.37,0
45.34,61.72,1.558,0.442,0.503,16.39,1005.72,0
38.0,60.46,0.887,1.305,0.019,21.3,996.44,0
81.28,79.19,1.62,1.012,0.608,27.92,1016.5,1
34.75,78.2,1.721,1.165,0.534,23.95,998.27,1
69.26,70.36,1.732,2.259,0.755,26.31,997.58,1
7.91,50.42,2.557,1.984,0.729,34.32,997.73,0
22.95,90.16,1.169,2.906,0.628,31.37,992.87,1
48.89,66.03,1.549,0.556,0.057,22.27,1004.96,1
112.43,99.12,0.033,1.63,0.903,27.0,999.83,1
45.27,83.74,2.369,1.347,0.018,15.97,1005.66,0
79.69,13.99,0.778,2.757,0.803,24.06,1003.59,1
30.61,38.85,2.45,0.032,0.479,27.17,1005.59,0
15.24,61.47,0.797,2.968,0.818,29.29,998.93,1
7.02,74.93,0.032,1.439,0.465,33.03,1014.45,0
36.65,59.53,0.464,1.877,0.647,20.66,1006.03,0
18.92,80.75,2.957,1.08,0.363,33.04,996.25,1
20.88,35.44,0.959,2.558,0.744,28.23,1017.05,1
91.29,26.55,0.326,1.686,0.254,16.55,993.28,0
1.9,14.85,0.356,1.988,0.719,22.61,1012.0,0
66.94,61.6,0.931,1.947,0.193,24.53,1010.35,1
45.54,71.97,0.113,1.092,0.722,22.05,992.19,0
60.79,39.35,1.534,0.228,0.294,17.32,1017.05,0
67.54,65.22,0.641,2.423,0.279,26.03,999.49,1
37.6,14.69,1.558,0.869,0.811,17.64,1012.23,0
35.41,18.94,0.422,2.547,0.814,33.3,998.31,0
88.01,73.16,1.29,1.826,0.691,32.31,1005.77,1
104.55,43.13,1.794,1.061,0.924,24.5,1019.17,0
23.11,70.42,0.186,1.783,0.156,16.35,1008.32,0
11.71,84.85,1.196,1.936,0.269,26.04,998.89,0
107.74,86.74,0.908,2.12,0.294,26.84,1003.75,0
41.99,25.5,0.721,2.467,0.305,32.77,1010.28,0
66.16,53.77,1.814,0.479,0.328,16.35,1003.36,1
43.15,76.05,1.766,2.832,0.697,28.84,1017.32,1
15.1,79.66,1.892,1.233,0.271,26.26,1016.02,0
70.72,80.62,0.477,2.581,0.286,18.5,994.4,1
63.02,30.54,0.857,0.661,0.57,17.43,1013.55,1
24.36,27.33,0.629,0.087,0.193,28.88,1018.27,0
54.22,63.1,1.622,1.72,0.365,21.8,999.51,1
95.63,76.7,1.383,0.974,0.058,35.0,997.15,1
70.85,38.72,0.991,2.953,0.953,32.88,990.29,1
11.63,19.42,2.358,0.313,0.317,26.31,993.47,0
65.76,74.51,0.282,0.142,0.85,27.83,1018.83,0
84.33,36.97,2.925,0.135,0.53,18.18,1001.73,0
95.12,24.97,0.35,0.651,0.228,32.88,1001.62,1
75.49,23.3,2.319,1.738,0.193,24.18,998.0,1
18.32,38.34,1.105,1.517,0.695,25.43,994.92,1
85.22,63.34,2.596,1.05,0.965,32.46,1005.26,0
81.28,42.26,0.223,0.266,0.183,15.13,1011.7,0
2.93,11.86,1.124,0.701,0.115,24.89,1006.52,0
49.41,18.72,1.006,0.552,0.387,27.54,991.06,0
39.95,36.15,2.979,2.237,0.394,18.19,1014.1,0
80.33,69.37,2.957,2.34,0.806,16.37,1017.95,1
25.94,18.87,0.569,2.331,0.469,25.7,1003.21,0
70.9,60.46,1.89,2.907,0.062,25.95,1000.99,1
109.58,20.79,1.607,2.653,0.921,21.61,996.9,1
95.74,29.05,0.463,1.493,0.373,32.64,999.06,1
110.57,25.5,0.503,1.245,0.669,21.02,1009.33,1
117.42,16.05,2.968,2.747,0.667,25.33,1013.1,1
1.28,70.42,1.358,1.834,0.056,18.73,999.97,1
74.73,51.71,0.377,0.883,0.004,15.22,1000.19,1
49.54,84.79,0.644,1.693,0.088,23.52,1003.53,1
103.18,18.9,0.805,2.976,0.957,25.54,995.11,0
30.22,23.03,1.533,2.548,0.794,30.29,1017.82,0
117.72,37.58,1.007,0.844,0.132,23.98,1011.16,1
73.64,78.93,1.365,2.859,0.615,20.57,1003.01,1
95.22,37.52,0.499,2.944,0.612,27.08,993.67,0
10.27,46.76,0.98,0.694,0.001,22.62,1015.46,0
22.01,37.14,0.211,2.687,0.429,19.67,1004.51,0
91.01,17.22,2.669,2.65,0.712,33.21,1013.91,0
2.64,94.55,0.596,0.119,0.187,25.73,991.0,0
98.03,59.37,2.271,2.009,0.851,19.01,998.21,1
1.67,80.9,1.049,0.916,0.66,28.42,1008.66,0
78.85,69.25,1.423,2.024,0.007,31.06,1004.64,1
43.81,56.28,0.874,2.741,0.855,30.17,998.85,1
73.38,18.07,2.089,1.496,0.019,26.99,996.03,0
83.52,67.85,2.534,1.243,0.888,25.39,999.05,1
41.1,23.98,0.859,2.765,0.334,30.55,1012.27,0
12.96,47.29,0.727,2.922,0.699,29.16,995.51,0
8.36,66.62,2.044,0.187,0.787,26.43,1007.81,0
70.67,80.4,0.585,2.769,0.281,28.15,1002.71,1
62.48,71.65,1.92,0.248,0.356,18.37,1012.89,1
89.06,70.44,0.283,1.012,0.51,15.4,996.05,1
61.17,23.41,1.86,2.288,0.583,33.62,998.1,0
50.69,41.15,1.54,2.331,0.292,33.71,1001.96,1
47.77,13.86,0.342,2.177,0.992,30.76,995.0,0
3.17,74.75,1.947,0.117,0.737,22.45,1003.84,0
40.27,95.73,1.34,0.399,0.274,18.02,1002.48,1
117.12,33.77,0.651,2.809,0.64,22.15,1019.7,1
104.83,17.89,1.06,0.244,0.435,29.52,1007.82,0
39.53,52.8,1.476,0.236,0.86,21.7,992.08,1
70.54,87.1,0.275,2.507,0.329,30.92,1003.8,0
101.68,59.68,2.873,1.924,0.188,28.46,1016.36,1
52.95,14.21,1.997,1.055,0.046,27.6,1016.0,0
2.15,97.68,0.308,0.497,0.984,33.6,1018.85,0
8.94,84.58,2.469,2.653,0.359,32.87,1016.83,1
61.25,21.84,0.968,2.966,0.221,29.23,995.29,0
116.33,92.96,1.79,0.15,0.492,18.98,990.11,1
83.19,50.56,0.831,1.662,0.292,33.78,1008.49,0
8.51,43.47,2.2,0.784,0.233,19.54,1011.07,0
22.72,51.49,2.169,2.497,0.616,22.45,993.94,0
92.56,85.11,1.656,1.038,0.075,31.54,995.01,1
100.97,69.35,0.723,2.144,0.509,19.17,1018.89,1
74.12,15.33,0.761,1.619,0.387,27.77,1018.31,0
77.33,96.18,1.149,1.625,0.533,24.16,994.71,1
3.4,23.3,0.435,2.574,0.32,27.48,997.41,0
99.42,77.1,1.013,1.411,0.57,34.16,1016.76,1
94.59,67.25,2.053,2.537,0.082,31.17,1003.05,0
31.08,26.88,2.493,1.09,0.376,20.92,1013.94,0
85.04,25.37,0.998,0.524,0.237,16.15,1001.88,0
25.78,88.33,0.701,1.366,0.438,34.34,1012.09,1
4.84,47.77,2.498,1.495,0.398,26.7,1001.9,0
24.14,68.91,2.672,1.435,0.631,18.46,1016.98,0
21.44,55.37,1.23,2.425,0.629,27.54,999.77,0
40.53,75.46,0.081,1.694,0.413,15.84,1005.69,0
50.21,53.13,2.085,2.665,0.182,18.75,1005.65,0
61.02,35.86,2.352,1.543,0.582,27.65,1009.47,1
57.21,42.7,0.054,0.674,0.967,23.05,999.2,0
32.48,87.32,1.785,0.388,0.185,21.5,1009.28,0
3.5,52.12,1.765,2.605,0.069,28.11,994.23,0
72.61,29.21,1.136,0.169,0.265,32.33,1016.81,0
47.49,94.11,2.249,0.353,0.413,28.57,994.33,0
35.84,81.69,1.285,0.191,0.306,24.27,1015.21,1
104.03,15.01,2.03,1.271,0.835,28.18,1010.79,1
89.61,99.9,1.551,1.598,0.493,28.91,1000.23,0
102.93,72.54,0.745,0.06,0.246,30.5,999.82,0
59.4,24.42,1.82,1.547,0.95,21.14,1018.98,1
15.71,31.35,2.211,1.181,0.125,17.29,995.85,0
83.55,72.32,2.922,2.321,0.123,28.64,1011.69,1
24.73,80.18,1.14,2.49,0.245,17.42,995.51,0
52.95,31.51,0.193,2.055,0.077,24.24,1017.16,0
7.8,33.13,2.964,1.42,0.752,19.61,1012.26,0
99.04,37.64,1.871,0.648,0.313,21.64,1017.98,0
15.11,63.82,2.839,2.541,0.73,24.41,1016.37,0
108.37,25.46,0.311,1.025,0.763,32.92,1006.48,1
103.71,19.38,1.026,1.069,0.238,28.61,994.57,0
55.75,71.1,0.402,2.748,0.518,18.43,996.64,1
89.32,80.12,2.507,2.927,0.52,32.59,996.05,1
74.33,55.08,2.641,2.694,0.871,25.01,996.62,1
96.37,42.74,1.504,2.995,0.026,19.09,1004.29,1
51.82,48.88,0.56,2.607,0.317,25.55,1016.03,0
94.3,44.96,0.381,2.113,0.882,18.82,990.69,1
55.49,96.4,1.764,0.881,0.237,22.35,997.15,1
112.92,79.13,1.519,2.859,0.137,31.11,1007.9,0
58.36,28.73,2.084,2.63,0.576,28.17,1015.96,1
55.51,44.58,0.916,0.722,0.306,24.56,998.92,0
94.21,58.96,1.207,1.467,0.467,19.53,1001.48,1
98.59,65.17,0.064,0.21,0.82,20.64,1001.2,1
66.54,52.14,1.83,2.86,0.521,34.56,998.81,1
21.58,82.91,1.269,1.718,0.516,21.86,1010.96,1
56.13,79.08,2.759,0.736,0.278,27.32,1009.67,0
116.17,55.46,1.925,0.877,0.793,24.99,1015.3,1
90.36,86.9,1.196,2.942,0.74,15.46,1017.53,1
97.34,77.6,0.791,1.847,0.234,33.89,1017.01,1
3.94,80.07,2.716,1.262,0.32,16.76,1006.2,0
56.14,96.08,0.049,1.5,0.789,28.17,995.57,1
77.59,33.98,0.981,0.296,0.358,31.22,996.66,0
99.6,34.09,2.831,0.225,0.404,29.97,1007.71,0
5.91,90.01,1.962,1.778,0.364,31.19,1017.55,0
102.29,79.5,1.598,1.536,0.162,29.79,1005.91,1
65.81,93.39,0.611,1.077,0.341,23.91,1018.07,1
23.68,15.68,2.5,1.698,0.803,32.93,997.87,0
38.07,66.5,0.613,0.218,0.491,33.25,992.59,0
33.83,23.02,0.745,2.832,0.458,23.74,1013.89,0
63.7,55.35,0.576,0.881,0.156,24.7,1016.38,1
6.2,24.02,0.474,0.215,0.178,24.71,1003.44,0
19.02,21.53,2.86,0.509,0.043,20.58,993.07,0
97.52,11.1,1.806,0.286,0.014,17.3,991.27,0
15.91,66.72,1.914,0.536,0.488,20.24,991.88,0
28.01,42.31,2.863,1.25,0.409,31.88,1003.17,0
54.4,19.47,0.692,2.214,0.275,25.86,997.04,0
62.05,39.06,0.018,0.817,0.99,32.0,1003.86,0
91.63,25.2,1.797,1.308,0.398,29.9,1004.65,0
53.68,94.75,1.524,2.786,0.789,21.97,1003.74,1
94.78,38.8,1.433,0.887,0.211,18.71,1008.6,0
74.2,40.06,0.186,2.384,0.247,26.34,1010.38,0
13.57,85.59,1.363,0.473,0.568,33.72,1001.88,0
18.76,68.3,0.863,0.535,0.004,31.79,1000.11,0
52.44,73.92,0.824,1.368,0.017,30.28,1001.05,1
47.63,67.24,0.667,0.702,0.142,30.28,992.11,0
89.23,95.16,0.998,2.709,0.223,25.56,999.65,1
69.69,28.63,1.059,0.152,0.528,18.39,996.0,0
46.58,99.01,0.926,1.792,0.686,20.71,998.73,1
20.49,84.79,2.936,1.813,0.312,26.56,1011.43,0
27.22,63.01,2.798,0.198,0.239,21.33,1019.66,0
69.06,69.61,1.724,2.198,0.823,30.63,1017.71,0
50.81,68.39,2.943,1.407,0.163,22.46,1014.65,1
61.79,15.26,2.974,2.169,0.678,17.28,1012.12,1
20.48,29.62,1.068,2.481,0.931,30.65,1018.35,0
79.55,96.53,1.336,0.969,0.232,28.96,1012.56,0
102.3,58.09,2.877,1.453,0.087,20.06,1004.13,0
30.95,44.05,1.826,0.782,0.98,34.62,1008.04,1
58.98,78.58,0.639,0.605,0.271,23.06,999.17,1
117.06,57.21,2.068,0.002,0.276,28.61,990.1,1
39.99,11.18,0.617,2.891,0.484,33.21,1000.61,0
71.41,76.26,1.018,1.323,0.231,18.12,1002.14,1
10.82,75.9,0.683,0.039,0.993,32.58,1011.99,0
72.72,24.86,0.735,0.027,0.043,29.08,1015.78,0
10.76,96.1,0.014,0.865,0.451,18.35,1018.88,1
115.11,30.15,2.642,0.042,0.548,28.29,1000.55,1
85.88,51.2,0.888,1.124,0.467,32.49,1018.72,1
94.58,20.33,0.259,0.189,0.521,30.98,1013.98,0
84.49,64.3,0.261,0.118,0.988,30.21,990.93,0
70.77,43.79,1.668,2.008,0.877,18.23,1007.86,1
53.99,41.79,2.979,2.721,0.308,18.81,1000.97,0
103.0,84.43,0.435,1.228,0.551,25.95,991.02,1
114.82,10.86,0.299,2.51,0.0,26.6,1005.95,0
59.88,81.82,1.315,0.088,0.41,33.87,1007.54,0
111.78,61.43,1.69,2.333,0.164,24.37,997.57,1
70.0,98.75,0.883,0.188,0.711,21.05,1018.2,1
64.61,63.05,0.908,2.515,0.221,18.82,1008.31,0
54.54,14.98,1.273,2.647,0.749,16.08,995.28,1
25.11,14.56,0.942,2.358,0.313,16.37,1011.64,0
0.45,89.48,2.746,2.462,0.926,26.48,1004.97,1
28.98,85.71,0.126,1.684,0.445,18.53,1004.2,0
61.17,41.13,0.704,0.795,0.84,32.03,1015.04,0
45.6,65.62,2.426,1.93,0.628,26.93,994.15,0
53.82,54.06,2.502,1.319,0.977,32.3,1004.73,1
117.68,97.04,0.335,0.016,0.743,23.55,1013.42,1
42.03,95.5,2.921,1.43,0.728,26.92,1009.81,1
54.26,98.55,2.08,1.954,0.265,25.51,990.16,1
16.02,87.98,0.818,0.042,0.505,34.73,1013.62,0
5.75,91.86,1.368,1.864,0.29,30.94,1018.34,0
93.05,29.56,0.891,1.958,0.019,26.91,1011.14,0
68.48,84.79,0.45,0.474,0.711,27.13,1016.28,1
91.28,73.8,0.874,1.293,0.236,19.98,1000.82,1
17.98,96.65,1.74,2.893,0.397,29.7,1000.52,0
68.62,61.41,2.478,2.653,0.285,34.66,999.63,1
30.44,17.67,1.091,1.232,0.2,17.59,1012.05,1
27.37,63.77,1.044,1.05,0.067,27.75,1018.26,0
1.38,71.79,1.404,0.372,0.338,25.36,1016.56,0
15.64,29.83,1.934,0.106,0.082,32.01,994.51,0
37.11,45.47,2.255,0.892,0.54,15.0,1008.78,0
14.03,63.87,0.98,2.821,0.02,17.73,1019.88,0
118.3,43.67,1.759,2.876,0.94,15.74,998.86,1
37.04,43.75,1.168,2.438,0.966,18.26,1009.04,0
15.64,21.98,2.149,1.052,0.305,29.16,1017.2,0
23.89,94.67,0.494,0.431,0.26,17.79,1016.99,0
70.52,77.54,0.771,1.787,0.104,27.45,999.64,1
7.69,10.11,1.278,1.94,0.905,32.36,992.82,0
103.49,78.91,2.668,1.274,0.587,15.69,1009.38,1
115.38,76.58,1.72,2.075,0.61,15.54,1018.41,1
29.61,10.88,2.896,2.24,0.896,34.8,1005.24,0
54.01,43.26,0.31,2.349,0.911,28.47,1003.73,0
2.66,64.61,1.381,1.507,0.828,17.81,1015.92,1
76.89,50.75,1.257,2.375,0.773,21.13,1002.74,1
49.67,80.02,1.801,0.076,0.877,34.7,1010.43,1
32.41,48.29,2.436,2.041,0.876,19.54,1001.66,0
24.82,23.85,2.524,0.707,0.369,30.06,1001.31,0
78.48,97.88,2.011,0.812,0.973,19.82,995.63,0
49.95,31.78,1.925,0.274,0.709,22.97,992.65,0
21.56,74.59,2.847,0.577,0.37,32.61,1016.55,1
82.69,22.88,1.151,2.976,0.442,15.57,995.44,1
67.81,39.61,2.498,1.246,0.687,21.14,991.87,1
103.04,49.78,2.765,2.783,0.361,24.74,1007.47,1
14.1,27.3,1.475,0.489,0.827,27.51,1006.38,0
94.28,50.5,2.187,0.612,0.148,15.56,1007.03,1
80.82,24.14,1.131,1.673,0.908,23.21,1004.04,1
13.8,60.31,0.477,1.049,0.301,21.89,994.26,0
83.38,69.73,1.76,1.932,0.153,15.54,990.63,1
52.99,15.62,0.589,1.266,0.858,22.11,991.39,0
113.4,88.4,1.373,2.435,0.239,33.63,1018.29,1
16.99,26.66,2.619,1.295,0.843,20.49,1005.96,0
77.14,30.28,0.258,1.717,0.296,26.71,1001.99,0
45.84,69.52,0.091,0.963,0.934,20.96,1002.32,1
114.82,52.19,1.819,2.112,0.219,17.13,1009.57,0
39.6,54.95,0.993,1.964,0.07,20.79,1001.3,0
115.46,21.53,1.254,1.191,0.937,24.42,1013.89,1
108.18,82.52,1.217,0.828,0.166,20.92,997.8,1
32.45,65.53,0.26,1.842,0.944,27.48,1001.02,0
96.43,22.18,0.011,2.829,0.824,33.98,1018.05,0
119.47,43.66,2.695,0.398,0.082,16.39,997.81,1
30.32,82.94,0.653,2.397,0.445,29.34,1009.85,0
52.41,61.15,1.278,1.629,0.073,15.03,1000.94,1
62.42,19.78,2.916,1.577,0.33,15.02,1004.14,1
35.39,43.55,2.48,2.885,0.352,17.66,991.36,1
1.83,31.84,0.324,1.818,0.6,24.6,995.02,0
26.42,56.57,1.526,2.492,0.976,15.96,993.06,1
33.83,85.9,2.19,1.543,0.17,29.44,1015.34,0
53.23,49.26,2.095,0.75,0.329,15.59,1018.85,1
20.53,49.0,2.283,2.083,0.587,24.91,992.04,0
104.79,91.48,1.372,2.77,0.171,28.52,992.31,1
84.59,61.86,0.528,2.524,0.711,19.75,1006.57,1
10.22,60.96,1.395,0.595,0.404,26.59,1005.12,0
78.01,33.57,1.944,0.951,0.95,20.24,1009.52,1
78.44,64.7,1.826,1.551,0.63,19.28,1012.1,1
114.75,61.83,0.212,1.715,0.363,31.37,1013.92,1
0.36,45.72,0.195,0.581,0.719,21.66,994.47,0
29.75,99.16,2.896,0.69,0.839,31.28,991.14,1
111.33,89.37,0.455,2.276,0.8,19.34,1016.67,1
111.86,77.46,0.883,2.191,0.263,22.12,1004.09,1
86.47,58.36,2.303,2.518,0.417,17.05,1019.14,1
91.89,51.59,1.229,2.799,0.452,24.93,1005.98,1
10.98,26.64,0.544,0.925,0.388,22.63,1005.3,0
61.67,37.52,1.402,2.579,0.311,15.12,1008.69,0
27.79,79.66,1.707,1.998,0.753,24.3,995.1,1
21.75,50.84,1.358,2.873,0.012,16.49,997.62,0
97.24,89.4,2.757,0.816,0.294,31.74,1017.17,1
16.2,23.31,0.854,0.809,0.142,24.87,996.37,0
56.24,55.75,1.984,2.113,0.129,28.8,996.99,0
112.63,68.23,0.337,2.785,0.277,31.42,1005.3,1
22.3,56.52,1.177,2.474,0.762,16.02,1009.23,0
117.36,90.03,2.223,2.181,0.969,21.74,990.03,1
119.31,99.06,0.674,1.162,0.515,15.5,1003.7,1
66.67,20.43,1.769,2.153,0.339,15.99,1001.97,1
20.42,21.7,0.46,2.403,0.829,15.76,1015.97,0
37.93,21.73,0.308,2.26,0.067,24.56,1015.19,0
50.94,71.31,1.57,2.03,0.093,24.01,1017.18,0
37.12,43.54,2.025,0.141,0.345,16.22,1015.26,0
33.68,76.0,0.34,1.979,0.448,20.25,1013.6,1
116.67,46.49,2.753,1.435,0.798,19.89,1015.77,1
18.4,66.48,0.677,2.885,0.925,20.93,995.24,0
88.0,79.29,0.36,1.822,0.531,27.82,1000.23,0
0.05,59.34,0.608,1.825,0.496,28.94,1010.51,0
71.54,58.56,0.509,2.982,0.213,21.78,1017.69,0
109.91,17.94,0.272,0.281,0.451,30.76,1010.01,0
34.55,46.97,2.394,0.829,0.924,23.36,996.24,0
22.26,59.12,1.487,1.968,0.393,25.45,1018.34,1
78.2,51.58,1.166,0.946,0.211,17.91,1012.81,1
85.51,91.07,2.852,1.038,0.337,19.66,1011.5,1
82.56,91.59,1.113,2.678,0.515,29.55,1012.88,1
38.32,83.97,0.501,1.738,0.599,34.54,1009.77,0
30.26,43.78,0.822,0.309,0.432,29.09,990.66,0
114.71,74.56,0.717,0.933,0.759,16.08,997.61,1
110.8,45.58,1.496,0.228,0.584,17.86,1018.7,0
54.88,30.93,0.875,1.668,0.665,23.92,998.66,0
101.54,40.86,1.548,0.52,0.863,29.65,1013.15,1
54.28,16.39,2.008,2.571,0.866,18.32,1002.73,1
50.93,39.86,2.332,1.732,0.204,30.02,1017.23,1
18.81,51.47,2.13,0.178,0.623,26.12,1006.73,0
51.17,95.99,0.617,0.903,0.717,30.49,1008.96,0
64.49,38.21,0.348,1.849,0.146,26.15,997.19,0
2.7,91.22,1.627,1.006,0.843,27.05,991.73,1
53.29,30.6,0.597,1.54,0.18,19.97,1012.7,0
93.76,27.19,0.255,2.728,0.799,29.4,992.03,1
81.61,56.71,1.581,1.05,0.161,31.88,1011.65,1
76.22,70.53,0.98,1.008,0.742,32.43,1006.66,1
109.15,13.99,2.268,2.459,0.148,15.59,1014.6,1
2.16,29.9,0.943,0.956,0.379,27.49,996.17,0
66.85,51.01,2.936,0.234,0.144,34.79,1006.25,0
94.48,39.79,2.276,0.543,0.271,26.74,1008.43,0
64.96,74.14,0.173,2.846,0.985,18.43,992.23,1
38.87,56.0,1.527,2.8,0.108,32.55,1012.17,0
16.35,24.43,1.688,0.674,0.406,20.29,1001.67,0
106.51,90.5,2.086,1.661,0.677,15.9,993.87,1
56.49,36.36,1.493,0.412,0.095,23.61,1001.61,0
105.37,75.8,1.45,2.024,0.109,17.01,992.95,1
70.3,80.19,1.104,0.556,0.143,17.3,1016.64,0
80.9,96.68,0.814,0.149,0.645,24.27,1003.7,1
96.51,54.87,2.839,2.475,0.909,27.25,994.14,1
79.1,65.43,0.953,0.976,0.826,33.11,997.56,0
47.77,40.14,0.19,0.326,0.983,29.11,1011.74,1
61.64,71.04,0.502,2.502,0.578,31.85,1013.58,1
96.37,51.7,2.572,2.287,0.961,23.24,991.24,1
44.84,49.39,1.76,2.051,0.305,21.37,991.8,0
46.57,86.99,2.336,2.734,0.422,26.86,1017.52,1
11.48,14.52,2.426,1.468,0.396,28.91,999.93,1
109.75,89.38,2.47,0.384,0.047,26.37,995.8,1
10.92,86.69,1.652,0.184,0.83,20.29,993.69,1
77.79,55.57,0.531,0.955,0.025,22.39,1004.28,1
49.58,54.12,0.445,0.26,0.73,23.97,1013.13,0
48.67,42.56,1.722,1.607,0.407,15.28,1005.63,0
81.55,99.48,1.1,0.043,0.006,32.6,990.62,0
8.05,20.01,1.674,1.331,0.29,25.23,1004.52,0
71.24,63.12,1.495,0.535,0.346,30.02,999.35,0
92.64,71.35,1.807,1.105,0.965,18.44,1010.49,1
99.39,94.09,0.096,2.025,0.661,26.13,1005.71,1
20.46,80.22,0.099,1.053,0.544,33.52,1018.96,0
107.69,67.95,2.165,1.024,0.127,19.29,1007.94,1
78.74,20.51,0.579,2.972,0.391,21.92,1008.97,0
105.82,43.64,1.957,2.156,0.036,22.77,1005.61,0
58.23,22.5,1.64,1.542,0.762,22.67,999.33,1
65.04,89.31,2.945,1.738,0.163,27.01,1008.92,1
110.28,77.47,2.506,1.861,0.594,22.88,999.99,1
107.99,78.18,1.239,0.074,0.699,28.48,1011.52,0
53.78,68.7,1.849,0.241,0.367,24.69,997.11,0
32.93,55.63,0.352,1.948,0.633,18.15,1001.03,1
47.18,23.5,1.159,1.093,0.764,33.97,1007.51,0
46.53,39.67,2.202,0.166,0.184,19.79,1008.85,0
34.42,22.32,1.868,0.893,0.601,26.25,1010.06,1
32.23,75.24,1.453,0.391,0.734,16.21,1011.01,1
103.33,24.42,0.53,2.749,0.357,33.37,999.55,0
8.38,73.19,2.409,0.609,0.162,33.56,1016.78,0
81.31,72.3,0.819,0.431,0.286,22.29,990.9,1
20.74,51.34,2.461,1.879,0.933,17.42,995.65,0
41.34,22.17,1.835,1.566,0.357,30.4,992.1,0
7.39,38.33,1.118,1.728,0.108,20.25,1010.15,0
32.4,38.81,0.122,1.308,0.083,29.01,998.21,0
92.21,73.03,0.697,1.402,0.18,33.3,995.97,1
106.2,20.24,2.667,2.336,0.128,26.8,1004.42,1
26.58,84.62,2.454,0.66,0.495,32.22,1008.57,1
55.63,78.49,1.725,1.19,0.348,19.49,1008.58,1
56.44,26.77,1.399,2.873,0.841,33.21,1006.72,0
104.83,74.72,1.941,0.57,0.881,19.53,1019.76,1
91.54,70.17,1.399,0.881,0.473,19.52,1015.81,1
61.57,77.33,1.933,0.575,0.889,32.6,997.17,1
80.49,27.0,0.922,0.061,0.45,26.1,1012.76,0
101.68,24.18,2.515,0.809,0.642,30.99,1007.08,0
1.14,31.28,2.106,0.139,0.163,31.05,992.12,0
48.35,42.93,0.99,0.464,0.053,27.94,991.49,1
108.87,81.43,2.492,1.088,0.16,18.78,1013.99,1
88.84,76.41,1.462,0.062,0.252,28.84,1006.35,1
65.14,93.29,0.524,2.259,0.751,16.27,1007.14,0
63.56,15.28,0.233,2.387,0.174,19.01,1000.09,1
41.73,11.04,2.099,1.234,0.131,27.86,1017.91,0
62.46,72.92,2.595,2.954,0.928,33.16,1011.4,1
78.65,35.14,2.422,2.037,0.689,30.43,1017.83,1
50.2,40.07,1.967,2.231,0.473,21.65,992.98,0
85.7,59.21,0.424,0.577,0.095,31.47,1007.51,1
103.35,19.22,0.282,2.512,0.852,34.33,1009.13,1
18.56,67.84,1.035,2.835,0.108,21.64,993.78,1
54.19,39.26,2.565,0.709,0.611,18.74,1000.39,0
48.96,66.94,2.885,2.059,0.668,18.95,996.44,1
82.5,85.06,0.724,2.241,0.4,23.01,1019.53,0
29.98,25.4,2.286,0.916,0.911,16.05,1006.3,0
76.83,93.78,1.722,1.425,0.051,24.76,999.46,1
105.3,57.76,0.095,0.293,0.818,29.65,1009.93,1
50.18,93.06,1.629,0.519,0.554,25.61,1009.79,0
109.32,28.7,2.418,0.185,0.611,34.4,1000.42,1
119.18,64.41,0.828,1.68,0.987,24.23,1019.82,1
12.73,46.35,2.692,1.876,0.583,15.27,1014.27,1
27.97,79.68,0.709,2.748,0.797,24.4,1002.01,1
114.05,64.53,0.229,1.627,0.154,33.6,1009.8,1
115.0,54.51,0.48,0.782,0.809,16.92,1011.32,1
11.72,92.17,2.511,0.178,0.761,19.46,995.21,0
1.8,43.94,1.252,2.655,0.968,29.31,1016.34,0
19.33,29.8,2.391,1.437,0.936,20.88,1014.78,0
119.52,64.73,1.594,2.212,0.214,30.3,1012.67,1
21.6,66.16,1.442,0.044,0.465,23.39,996.68,1
60.31,49.52,2.421,1.464,0.911,30.92,994.09,1
101.81,53.79,1.27,0.977,0.641,26.03,995.42,1
2.45,96.36,2.406,0.091,0.464,16.65,992.79,1
72.54,75.94,0.302,2.327,0.109,22.72,1018.21,1
33.24,19.95,1.909,1.539,0.352,21.66,1015.54,0
103.48,29.09,2.108,1.0,0.665,31.2,992.72,1
34.02,97.8,2.697,2.417,0.777,27.5,1010.34,1
82.41,75.38,0.673,1.341,0.447,30.55,997.37,1
80.91,92.35,1.813,0.01,0.056,22.44,990.52,1
26.58,37.35,1.3,2.833,0.633,28.83,998.77,0
4.18,76.77,1.148,0.767,0.922,16.3,1003.2,0
49.11,74.26,0.32,2.492,0.496,15.73,990.6,1
34.7,36.52,0.403,2.449,0.928,20.75,999.71,0
97.08,59.57,2.511,0.487,0.354,30.47,1011.01,1
96.04,66.47,2.249,1.422,0.886,25.68,996.85,1
54.84,53.3,1.147,0.121,0.786,23.18,1004.55,0
72.78,84.45,2.485,1.064,0.962,32.93,1016.63,1
72.51,84.96,0.242,2.193,0.791,24.95,990.85,1
99.26,86.55,1.874,0.711,0.321,27.27,1013.57,1
51.0,82.31,2.605,0.351,0.901,34.72,1001.52,0
33.05,53.93,2.517,1.521,0.67,25.45,1006.23,1
31.8,44.33,1.118,1.611,0.162,30.67,996.93,0
64.34,84.82,2.236,2.027,0.046,23.28,1007.37,1
53.9,54.12,1.282,2.277,0.366,15.73,1011.92,0
52.81,32.17,2.52,2.087,0.787,31.69,996.05,1
10.94,55.66,1.592,2.536,0.618,33.89,1000.3,0
86.23,22.77,2.295,0.669,0.527,23.69,1007.02,0
25.65,72.25,0.236,1.709,0.004,25.07,1002.5,0
23.63,40.23,1.77,1.08,0.436,23.48,998.79,0
49.53,33.46,1.651,2.886,0.158,34.94,1003.55,0
27.33,96.09,1.83,1.321,0.455,33.07,998.72,0
70.06,79.92,2.087,2.879,0.992,15.82,999.06,1
44.58,80.84,2.754,2.307,0.88,30.58,1008.32,1
53.87,66.13,2.357,2.155,0.311,27.02,1004.31,1
64.46,85.53,0.659,1.475,0.594,15.5,1010.31,1
24.42,78.32,2.478,1.33,0.502,23.89,1015.12,1
18.69,63.89,0.366,1.58,0.13,17.99,1018.29,0
105.65,96.5,1.867,0.881,0.99,32.46,994.54,1
52.05,27.24,2.648,2.714,0.425,15.25,1008.79,0
49.45,94.9,0.303,2.383,0.506,32.46,1007.47,1
4.27,46.13,2.549,2.404,0.648,33.82,1016.01,0
59.76,57.56,2.396,1.299,0.192,16.46,1016.88,1
66.5,21.05,1.511,0.213,0.222,29.4,1012.82,0
67.06,58.61,0.927,2.049,0.193,25.98,1007.86,0
84.84,65.01,1.216,1.123,0.384,34.09,995.98,1
21.3,99.79,2.906,2.611,0.2,30.96,998.3,1
30.27,97.77,0.605,2.341,0.926,28.89,1008.08,1
97.29,96.98,1.739,0.436,0.714,33.51,994.18,1
113.66,41.35,0.25,1.805,0.898,18.21,995.52,1
16.31,99.21,0.654,2.077,0.848,22.52,1017.34,0
59.72,50.99,2.29,1.704,0.703,31.86,1018.69,1
25.7,86.67,0.908,1.542,0.243,17.03,990.16,1
7.21,29.47,2.957,0.684,0.615,33.71,1015.87,0
39.06,55.52,1.502,0.708,0.186,29.9,1018.14,0
17.24,96.94,1.55,2.304,0.132,23.79,1005.77,0
85.19,95.23,0.109,0.056,0.633,21.77,1003.47,1
64.05,71.54,2.87,2.337,0.625,17.95,1017.56,1
17.26,81.8,0.523,1.58,0.157,16.87,990.23,1
1.11,25.88,1.615,2.809,0.352,23.47,1015.21,0
96.98,74.95,1.187,2.992,0.066,31.86,998.9,1
21.14,65.62,1.247,1.99,0.716,25.64,1009.23,0
72.75,18.24,1.93,1.237,0.987,24.02,999.7,1
40.43,20.18,1.986,1.425,0.74,21.38,1005.69,0
70.26,19.76,0.463,0.613,0.844,18.14,1014.25,1
37.88,75.19,1.499,0.298,0.476,34.8,995.44,1
10.43,22.75,2.371,1.736,0.096,15.51,1009.92,0
26.75,52.1,1.33,2.416,0.727,21.24,1016.95,0
22.57,42.13,0.497,0.785,0.257,30.39,1017.03,0
51.36,59.55,0.94,1.259,0.388,25.41,1016.82,1
78.99,73.58,0.637,1.664,0.703,21.28,1005.55,1
31.66,71.63,0.377,2.724,0.905,34.85,1013.03,1
1.45,56.4,1.133,0.416,0.486,27.38,1003.41,0
62.27,51.79,1.623,0.711,0.962,20.9,1003.8,1
72.69,45.8,0.218,2.756,0.52,31.96,998.52,0
115.54,87.57,1.811,0.119,0.123,18.0,998.56,1
70.74,39.78,2.979,1.968,0.518,24.27,991.13,0
56.54,33.34,2.892,1.919,0.861,31.79,1005.94,0
68.81,76.9,2.488,1.15,0.538,34.67,999.26,1
111.35,42.38,0.799,1.404,0.748,22.66,995.63,0
99.41,86.23,0.067,2.565,0.548,17.76,993.65,0
38.76,39.51,2.501,0.495,0.546,26.34,1000.41,0
28.47,73.18,0.167,0.695,0.285,33.88,1016.97,0
31.52,14.06,0.617,1.537,0.201,28.31,1005.49,0
60.53,44.7,1.633,1.229,0.279,27.04,1006.71,1
89.29,40.89,0.535,1.723,0.441,21.19,991.63,1
60.39,83.5,2.501,2.763,0.81,27.13,1005.6,1
8.14,97.03,2.331,2.751,0.829,32.69,1010.03,1
86.83,51.48,2.267,0.69,0.163,22.51,994.52,1
96.72,84.24,2.448,0.906,0.553,19.84,1019.51,1
34.74,72.97,0.659,0.486,0.416,24.62,1017.45,0
79.7,97.06,2.187,2.783,0.571,22.52,1019.79,0
51.19,83.0,1.066,1.194,0.648,24.4,1000.81,1
106.69,16.97,2.001,1.349,0.28,16.91,1014.67,0
101.43,74.2,0.366,2.408,0.919,21.72,999.86,1
63.05,58.19,2.117,1.539,0.935,31.53,1012.47,0
82.98,11.48,2.916,0.359,0.105,23.01,1018.43,0
106.0,32.62,0.131,1.314,0.703,34.36,994.65,1
59.49,92.96,0.281,1.892,0.033,29.18,994.21,0
37.59,93.35,0.371,2.158,0.047,22.32,993.13,0
90.44,81.9,1.292,1.936,0.958,20.03,1013.95,1
26.41,98.36,0.872,0.358,0.695,28.71,1010.0,0
46.62,82.59,2.421,0.913,0.325,21.05,1005.67,0
103.89,10.92,1.421,2.201,0.67,33.54,1013.22,0
86.93,35.91,1.454,2.641,0.846,17.33,1015.5,1
48.46,12.76,2.151,0.142,0.871,15.57,1018.49,1
25.77,18.47,1.086,0.127,0.021,19.42,996.04,0
42.72,29.7,1.06,1.93,0.818,27.13,1003.25,0
34.09,55.32,2.271,1.644,0.853,31.7,1017.69,1
21.13,86.28,2.34,0.466,0.596,18.4,1003.84,0
89.2,87.58,0.043,1.645,0.48,26.69,1004.63,1
30.25,65.46,0.431,2.923,0.111,17.88,1018.27,1
54.5,93.54,0.639,1.893,0.24,26.26,1012.04,1
46.3,55.01,1.055,1.347,0.49,15.36,1006.56,0
117.85,90.01,0.874,2.483,0.865,26.16,1000.72,1
46.93,50.87,2.006,0.638,0.803,25.44,1017.46,0
9.6,34.95,2.484,1.243,0.496,15.86,990.27,0
10.78,92.48,0.576,1.583,0.786,28.79,999.63,0
70.89,44.91,1.689,1.514,0.766,26.45,1018.38,1
71.92,55.31,1.103,2.763,0.579,27.46,1004.95,1
50.25,39.6,1.517,0.878,0.22,25.6,1008.72,0
51.82,69.66,1.862,0.17,0.348,29.44,1005.98,0
6.47,99.55,2.681,2.749,0.164,25.5,1001.92,1
61.99,12.3,0.577,0.651,0.007,33.45,1009.96,0
60.57,90.99,0.261,1.137,0.081,33.87,1012.99,0
17.95,10.35,1.882,1.593,0.76,29.53,1000.93,1
12.46,42.78,1.182,2.928,0.033,33.24,1007.72,0
14.83,25.17,0.489,1.606,0.4,33.46,992.48,0
12.12,78.16,0.351,1.343,0.986,20.24,1006.43,1
73.16,14.55,1.677,1.751,0.795,34.88,1012.43,1
23.58,59.81,0.901,2.912,0.751,20.35,1007.56,1
30.17,36.54,2.992,2.454,0.275,15.37,1016.35,1
20.83,22.03,1.218,0.507,0.642,34.24,998.59,0
114.94,79.46,0.637,2.41,0.499,19.47,1004.75,1
102.55,29.57,1.887,2.523,0.624,26.68,992.62,1
27.66,30.13,0.733,2.072,0.436,34.41,1011.0,1
39.31,34.76,1.482,1.972,0.531,15.99,1003.29,1
25.19,62.81,1.448,1.323,0.988,20.39,1005.91,1
59.03,69.37,1.361,1.925,0.329,27.18,993.85,1
2.35,11.58,2.388,2.213,0.216,30.25,1019.92,0
80.56,31.77,0.65,0.368,0.448,31.15,1013.16,1
62.78,48.79,2.713,0.772,0.524,32.68,1002.02,0
107.84,39.88,2.374,0.582,0.086,18.37,1007.1,0
19.73,89.58,0.999,2.524,0.806,22.4,1008.56,0
96.49,80.89,0.542,2.04,0.422,29.29,1018.82,1
95.04,66.33,0.839,1.352,0.413,29.31,1013.05,1
15.26,40.42,0.998,2.478,0.659,21.16,1000.49,1
47.83,73.06,1.671,2.15,0.773,21.08,1019.33,1
20.42,85.93,0.139,2.741,0.986,21.41,999.05,1
30.57,63.53,2.743,0.23,0.174,32.84,1007.31,0
31.59,80.6,0.296,1.527,0.346,33.19,1011.02,0
66.75,77.42,0.838,2.12,0.168,15.3,998.13,1
49.37,61.46,0.328,0.622,0.881,21.5,1018.69,0
113.73,38.1,0.77,0.981,0.548,22.84,996.48,1
15.16,77.12,2.513,1.257,0.852,34.65,1003.25,1
116.84,28.61,1.846,2.383,0.985,33.88,995.4,1
27.68,80.15,0.682,1.481,0.55,27.57,1016.25,0
92.74,82.41,2.615,1.479,0.118,15.92,996.65,1
40.68,83.99,2.402,1.293,0.361,18.82,991.04,0
17.17,52.56,2.261,0.686,0.036,23.68,991.17,0
102.95,27.32,2.543,2.769,0.849,34.18,1002.41,1
37.06,18.98,1.859,0.953,0.018,16.89,1005.68,0
79.06,76.9,1.504,1.702,0.592,30.83,991.25,1
67.97,89.76,1.122,0.446,0.106,18.82,992.79,1
56.61,68.58,0.671,1.303,0.008,25.16,992.92,1
59.5,22.97,1.672,2.711,0.256,30.34,1010.06,0
87.87,94.14,2.668,2.986,0.552,28.85,998.99,1
10.53,99.02,1.782,1.085,0.075,30.51,1006.88,0
80.18,49.0,2.759,0.462,0.615,31.27,992.21,0
107.5,63.53,1.071,0.943,0.672,21.11,1016.76,1
6.93,79.95,2.085,0.982,0.97,22.28,999.13,0
16.88,76.28,1.946,1.934,0.9,31.31,1013.35,0
86.0,97.1,2.011,1.488,0.567,15.77,1014.8,1
52.47,20.34,1.935,2.305,0.793,25.29,1019.64,1
48.43,62.27,0.665,2.104,0.364,33.41,1012.23,0
16.44,72.27,0.431,0.754,0.586,32.7,1003.28,0
60.81,90.11,2.936,2.353,0.403,31.09,994.58,1
15.19,88.67,0.136,2.542,0.337,15.43,991.44,0
57.19,98.02,1.403,1.795,0.728,32.75,1016.59,1
91.63,56.09,1.275,2.783,0.297,33.23,1003.4,1
30.99,84.77,1.08,2.349,0.381,28.27,1012.5,0
57.69,48.46,2.346,1.786,0.367,20.98,1004.89,1
119.04,48.01,2.236,2.718,0.87,24.8,1016.39,1
82.4,32.8,2.716,1.801,0.17,30.25,1012.49,1
100.96,83.64,1.186,1.564,0.381,31.26,992.56,1
49.78,98.72,1.693,1.069,0.888,21.87,1012.56,0
92.14,33.07,2.677,2.649,0.015,21.52,998.0,1
4.86,15.05,2.982,0.368,0.948,29.72,1013.19,0
14.75,83.4,2.908,1.421,0.899,28.73,1018.46,0
24.37,65.82,2.154,1.612,0.418,25.26,1017.9,1
48.23,96.37,0.43,1.664,0.653,23.41,993.75,1
101.49,32.7,0.07,1.956,0.991,28.14,991.64,1
41.55,16.39,2.476,1.517,0.555,15.65,1013.31,0
78.55,54.32,2.523,0.77,0.097,16.51,1011.3,1
85.12,17.69,2.239,2.571,0.854,26.46,995.29,0
70.34,33.56,0.84,1.973,0.134,19.21,1010.54,1
42.87,21.34,1.919,2.575,0.257,30.5,990.46,0
69.25,30.17,0.949,0.828,0.874,30.45,1008.93,0
41.07,19.55,1.352,1.911,0.256,29.2,1014.97,0
10.06,95.85,1.147,2.143,0.745,33.07,1009.26,1
119.14,35.07,2.741,1.15,0.448,17.82,991.96,1
15.26,49.95,0.702,2.437,0.76,20.18,1019.73,1
8.68,90.88,1.733,0.008,0.232,20.05,1000.68,1
105.42,70.96,1.083,1.785,0.42,30.65,1001.41,1
36.22,65.62,1.989,1.841,0.318,25.43,992.54,1
78.04,73.5,1.694,1.602,0.249,20.05,995.01,1
39.48,84.59,2.772,1.89,0.314,17.73,998.14,0
46.97,88.99,0.305,0.502,0.323,32.86,1013.98,0
31.45,67.84,0.662,2.054,0.955,28.84,1010.75,0
41.17,90.1,2.299,1.007,0.533,25.57,1007.51,0
49.28,58.19,1.106,1.356,0.462,34.31,1015.92,1
86.45,34.96,0.497,0.999,0.503,31.99,1019.93,1
61.38,89.21,1.51,1.422,0.996,18.56,1001.54,1
113.23,58.73,1.956,1.865,0.654,25.16,1001.74,1
5.03,91.55,0.134,2.515,0.703,24.72,1012.08,0
60.37,13.62,0.875,1.45,0.314,31.89,1009.33,0
70.11,45.78,2.428,0.97,0.472,17.98,990.4,1
110.42,95.3,1.561,1.464,0.184,24.04,1009.66,1
5.9,32.47,0.106,2.066,0.685,27.73,1011.59,0
68.82,94.74,0.846,1.04,0.344,33.91,1019.58,1
102.44,95.85,1.917,1.243,0.748,32.99,1007.6,1
29.03,89.39,0.598,1.689,0.213,25.68,1010.53,1
105.16,60.73,2.482,0.882,0.404,27.13,1013.66,1
2.29,68.22,2.03,0.627,0.471,32.05,992.88,1
87.89,88.27,1.414,0.421,0.167,29.89,1012.04,0
111.97,79.83,2.747,1.058,0.07,32.59,1006.41,1
78.86,66.71,1.175,0.145,0.317,32.92,993.0,0
52.68,98.4,0.705,1.75,0.545,31.65,1010.1,1
5.39,71.71,1.984,0.528,0.653,15.19,997.04,0
110.41,97.79,1.72,1.132,0.425,21.22,1006.14,1
56.44,15.16,1.006,0.808,0.5,23.07,998.43,0
3.48,22.51,1.031,1.891,0.543,28.56,993.14,0
82.78,50.63,1.195,2.551,0.512,21.14,997.53,1
57.82,44.64,0.873,1.9,0.09,21.47,1003.16,1
14.92,80.45,2.131,1.628,0.405,23.0,1004.82,1
25.71,24.46,1.954,2.007,0.204,34.11,994.45,0
7.74,97.85,1.322,0.09,0.534,23.74,999.63,0
68.92,38.36,1.194,0.369,0.758,17.81,1015.78,1
74.64,48.6,1.095,0.285,0.579,15.13,1017.31,0
60.69,34.73,0.85,0.295,0.222,19.73,1006.06,0
98.05,62.14,0.257,0.781,0.208,33.78,1004.71,1
103.32,15.28,0.805,1.596,0.037,34.1,1007.44,0
73.87,23.47,0.964,0.344,0.426,25.58,996.44,0
1.53,77.12,1.643,2.805,0.433,27.93,1019.81,0
83.43,26.79,2.321,2.563,0.236,30.92,1012.36,1
50.16,31.2,1.187,2.915,0.764,16.12,997.16,1
67.87,81.37,2.834,0.128,0.386,22.49,998.16,1
77.89,18.4,2.482,2.554,0.669,27.84,1009.45,0
42.03,49.37,2.954,2.411,0.64,32.97,999.69,1
110.05,12.08,2.629,2.706,0.605,29.54,1000.66,0
16.08,41.21,1.85,1.584,0.908,22.0,1013.43,0
80.58,72.91,1.795,2.364,0.016,33.2,998.01,0
0.52,18.11,0.389,0.154,0.068,28.29,1011.16,0
110.96,89.95,2.167,0.228,0.722,31.6,1018.05,1
13.5,91.85,1.801,0.356,0.354,22.71,993.72,0
11.39,19.45,1.521,2.744,0.987,15.04,994.33,0
39.96,99.17,2.08,0.184,0.216,18.32,1018.29,0
44.83,36.78,1.332,0.3,0.183,33.54,996.11,0
25.72,17.57,1.572,2.791,0.588,15.66,990.63,0
70.21,10.46,1.195,0.322,0.279,26.92,1016.06,0
53.15,46.77,2.152,2.609,0.34,23.18,998.47,0
4.1,66.68,2.63,2.368,0.921,23.59,998.95,1
38.36,39.9,2.523,0.121,0.026,23.02,996.81,0
97.25,85.3,2.358,0.066,0.531,16.35,1017.53,1
82.76,74.49,0.041,1.603,0.335,17.45,1013.23,0
86.98,41.51,2.736,2.992,0.346,16.26,1007.9,0
83.77,76.09,0.825,2.636,0.248,16.08,1003.6,1
37.32,94.64,2.664,0.93,0.135,16.71,994.31,0
11.96,18.38,0.591,1.159,0.034,28.93,1017.78,0
32.7,37.55,1.319,1.164,0.988,17.28,1012.49,1
99.81,51.7,2.248,2.203,0.66,20.23,998.37,0
117.66,54.82,1.921,1.023,0.777,28.14,1018.42,1
59.26,58.8,1.248,0.443,0.065,17.25,1018.06,0
1.16,37.06,2.036,2.241,0.015,33.21,1009.79,0
16.81,70.05,1.647,1.374,0.6,24.55,1019.55,0
38.65,68.06,0.827,0.23,0.724,34.26,995.62,1
69.43,62.0,1.939,2.37,0.395,18.85,1011.94,1
9.01,20.24,0.613,1.756,0.388,15.61,994.57,1
113.2,52.93,2.082,1.468,0.384,26.81,1010.75,1
43.81,42.06,0.009,2.02,0.153,21.57,1017.6,0
109.51,54.19,1.646,1.516,0.754,26.45,1006.08,1
93.66,92.97,1.203,1.945,0.215,24.47,1012.89,1
90.65,53.25,0.909,2.602,0.324,24.14,994.29,0
72.81,11.26,1.547,1.841,0.671,32.02,1009.0,0
75.21,49.5,1.936,1.979,0.0,18.84,991.9,0
76.56,83.86,2.896,1.842,0.766,24.99,991.11,1
75.45,80.21,2.499,1.594,0.899,23.32,1009.02,1
66.45,56.21,2.151,0.516,0.052,28.48,1007.18,0
118.37,32.48,1.437,1.007,0.592,16.0,999.88,1
87.87,51.86,1.176,2.079,0.408,25.59,1005.39,1
93.23,60.73,0.098,1.276,0.078,24.57,1010.53,1
104.7,99.99,1.077,1.218,0.682,34.47,1009.34,1
25.88,67.98,2.545,2.278,0.612,30.12,992.21,1
10.06,72.48,1.152,0.017,0.643,18.1,1010.34,0
57.95,54.23,1.385,2.037,0.813,25.18,1009.79,0
61.69,41.9,0.816,1.468,0.287,30.67,1010.09,0
99.5,83.17,0.822,1.13,0.677,25.49,1015.42,1
53.25,54.54,0.186,1.022,0.743,22.13,1007.3,0
68.5,99.52,1.841,0.519,0.169,22.53,1018.14,1
63.25,51.14,1.344,1.003,0.957,22.34,1019.4,0
4.58,16.12,1.818,1.174,0.34,15.4,1012.56,0
73.83,71.43,1.641,1.312,0.714,29.61,1000.76,1
99.37,14.2,2.397,2.017,0.754,27.22,994.29,1
18.9,32.55,2.253,1.361,0.504,20.37,1014.6,0
71.32,41.84,2.314,2.389,0.129,27.6,994.4,0
71.23,76.55,1.498,1.919,0.276,21.17,994.39,1
19.7,54.48,1.062,0.569,0.234,19.87,1017.57,0
14.82,12.58,2.8,0.832,0.519,29.82,1006.8,0
117.61,65.52,0.163,0.238,0.261,31.18,998.8,1
47.25,47.03,0.458,2.837,0.547,27.51,1018.89,0
27.29,92.97,1.259,2.66,0.288,30.68,1011.22,1
20.56,54.96,1.842,0.254,0.001,22.31,1006.05,0
80.11,73.81,0.025,1.722,0.363,16.44,999.88,0
73.13,29.7,2.158,2.881,0.607,27.1,1010.3,1
77.23,78.49,1.676,2.241,0.774,20.12,1011.93,1
10.56,74.89,1.454,1.475,0.028,30.55,1011.36,0
107.22,91.37,1.27,0.723,0.258,22.16,995.86,0
46.71,13.04,1.558,0.837,0.985,28.41,1010.92,1
37.6,50.28,0.485,2.209,0.262,26.06,1007.44,0
55.48,71.12,0.326,2.342,0.777,31.35,1015.5,0
46.81,18.56,0.869,1.586,0.509,31.65,1008.74,1
103.63,46.95,2.129,0.363,0.122,16.37,994.39,0
111.51,94.79,1.765,2.802,0.643,20.9,999.56,1
36.41,49.23,1.44,2.534,0.966,32.42,1012.31,0
103.67,98.69,1.715,0.422,0.887,23.08,1012.2,1
93.78,15.12,1.678,0.17,0.69,25.3,996.68,1
111.7,74.6,0.921,1.608,0.512,18.67,1000.64,1
29.49,62.29,0.292,0.852,0.319,26.05,990.46,0
69.24,55.05,2.69,0.85,0.357,20.29,999.95,0
32.95,97.38,1.8,0.262,0.346,31.58,990.79,0
98.89,21.67,2.093,2.86,0.922,19.0,1016.19,0
0.64,90.64,1.392,2.49,0.211,22.2,1010.0,0
67.78,72.21,2.269,0.342,0.378,16.9,1019.07,1
40.7,33.31,1.753,2.63,0.432,26.76,1016.76,0
38.72,91.15,0.161,2.049,0.409,33.84,1008.1,1
77.39,48.64,2.67,0.976,0.004,18.46,1005.09,0
102.18,83.28,0.917,2.614,0.271,15.39,1016.51,1
73.1,45.0,0.414,1.794,0.499,23.45,998.95,0
102.38,86.58,0.264,2.546,0.76,29.97,996.71,1
31.75,67.3,2.161,1.408,0.569,34.5,1002.3,0
62.34,22.69,2.112,1.502,0.385,16.03,991.6,0
54.06,68.47,2.1,0.873,0.665,30.72,999.06,1
1.4,27.22,2.747,1.163,0.666,22.37,992.51,0
66.82,47.07,1.047,1.703,0.248,18.07,991.58,0
79.38,25.33,1.683,2.841,0.104,18.85,1006.54,1
71.03,11.98,1.858,1.8,0.803,33.48,1011.24,0
88.35,29.07,2.938,0.442,0.53,31.19,1006.1,1
68.56,58.27,0.937,0.021,0.177,21.23,992.12,0
8.01,53.34,2.869,2.553,0.262,33.8,1001.85,0
13.97,55.13,0.446,1.093,0.766,17.11,993.33,1
71.58,32.29,2.292,0.945,0.653,21.45,1009.5,0
33.0,71.66,1.899,2.402,0.945,28.06,1014.79,1
9.56,73.38,2.451,2.836,0.465,34.99,993.5,1
51.55,42.22,0.086,2.244,0.052,24.31,992.01,1
66.52,89.31,0.234,0.522,0.7,31.21,1002.18,0
39.45,67.96,0.209,1.174,0.255,33.32,999.1,0
86.45,74.17,1.779,2.278,0.324,15.19,997.82,1
77.25,34.96,1.809,2.721,0.197,20.78,996.34,0
39.94,10.06,2.718,2.996,0.309,17.01,999.51,0
90.58,87.88,1.403,1.535,0.829,30.52,1018.96,1
77.84,84.02,0.204,2.468,0.577,26.34,1015.73,1
76.49,21.09,0.629,0.14,0.109,16.91,1008.04,1
66.41,43.67,0.024,0.857,0.587,23.41,1014.01,0
1.37,69.52,2.33,1.115,0.634,25.28,990.44,1
83.58,68.69,2.447,2.927,0.885,28.96,993.34,1
45.13,87.43,2.994,0.01,0.86,30.59,998.77,1
113.11,22.62,1.237,0.924,0.063,16.76,1009.32,1
98.16,48.69,0.058,2.791,0.867,24.75,1016.5,1
70.52,18.75,0.704,0.92,0.051,18.22,996.93,1
30.26,45.06,1.763,0.675,0.154,30.07,994.18,0
24.45,11.36,2.886,2.19,0.112,28.15,1015.44,0
40.85,90.84,0.311,2.236,0.182,29.46,1002.27,0
57.19,57.43,0.365,1.417,0.803,16.5,1010.99,1
35.53,86.48,2.105,2.841,0.686,25.21,1006.44,1
61.79,15.39,2.002,0.608,0.687,31.81,995.28,1
19.84,30.47,0.752,2.74,0.922,29.27,1011.02,1
117.33,33.34,2.439,2.267,0.392,32.23,1002.62,0
12.95,44.8,0.386,1.105,0.003,19.12,998.63,0
111.83,82.26,2.777,2.421,0.64,20.74,1017.08,1
109.63,44.79,0.603,0.4,0.868,23.83,990.18,1
63.04,28.42,0.244,0.393,0.976,25.47,1002.15,1
86.99,15.85,1.019,2.79,0.364,20.04,999.02,1
52.33,17.15,0.564,0.284,0.822,22.62,991.63,1
75.6,78.4,1.581,0.012,0.849,28.74,992.41,1
40.87,50.03,2.061,1.167,0.144,27.91,995.17,0
36.14,75.36,1.473,0.312,0.631,17.21,1005.15,0
69.39,71.41,1.982,2.589,0.173,34.71,998.48,1
59.78,22.18,1.095,2.768,0.447,26.25,1015.14,0
69.54,22.86,0.084,1.447,0.879,24.67,997.2,1
34.4,77.98,2.922,1.276,0.789,34.34,1011.61,1
44.03,74.91,2.458,1.617,0.57,17.81,996.31,1
10.07,44.02,0.22,0.679,0.809,25.87,991.28,0
6.27,16.97,1.348,0.894,0.153,31.1,997.94,0
30.41,11.09,1.905,0.303,0.195,22.98,1015.13,0
8.91,35.93,0.572,1.339,0.209,29.73,992.47,0
12.45,10.83,1.734,1.835,0.776,32.98,1000.33,0
97.55,30.71,1.601,2.791,0.891,20.23,990.24,0
4.66,47.76,0.625,2.217,0.563,19.83,1008.91,0
79.07,20.93,0.424,2.169,0.958,22.21,1018.28,0
32.71,19.38,2.277,0.924,0.728,23.37,1001.53,0
104.59,90.68,0.968,2.665,0.564,17.22,1007.31,1
58.2,62.69,0.732,2.841,0.612,19.63,1003.57,0
36.67,94.1,2.214,2.797,0.85,32.46,1019.2,1
62.12,41.12,2.208,0.116,0.09,26.33,1012.08,0
45.83,70.94,0.829,1.813,0.168,20.36,991.33,1
67.72,28.42,2.618,1.93,0.266,33.87,993.26,0
13.74,65.65,2.065,0.885,0.895,30.49,1004.11,1
119.64,21.66,1.037,2.977,0.945,22.25,1008.95,1
51.07,10.19,1.282,0.874,0.356,30.31,998.71,0
41.79,93.84,2.18,0.65,0.924,26.92,1010.24,1
85.23,59.94,0.635,1.452,0.547,28.68,1007.3,0
43.67,93.42,1.406,0.969,0.473,21.43,1003.05,0
99.99,40.04,1.961,2.772,0.833,19.19,1007.47,1
54.51,39.5,1.618,1.32,0.546,20.07,1017.49,0
86.35,46.06,1.825,1.23,0.454,16.67,997.3,1
12.89,73.54,1.639,1.878,0.016,24.42,1013.74,0
101.53,60.92,0.598,0.243,0.013,23.12,990.36,0
88.29,93.28,1.231,2.27,0.628,15.05,992.54,1
25.41,12.29,1.596,2.305,0.073,32.13,1018.49,0
17.43,73.74,2.34,1.422,0.737,28.64,1010.93,1
37.96,39.73,1.962,2.867,0.622,23.93,1009.0,0
117.13,26.22,1.28,1.738,0.458,34.34,1000.02,1
30.82,55.94,2.923,2.086,0.71,33.81,995.53,0
54.74,55.46,0.323,2.773,0.993,16.9,1001.4,1
3.6,22.33,0.62,1.999,0.246,27.3,1007.95,0
47.67,28.17,1.024,1.295,0.557,31.34,1009.03,1
68.56,46.73,0.686,0.074,0.843,18.46,995.09,0
114.37,46.79,1.876,2.185,0.017,17.56,1003.37,0
62.01,38.58,0.119,2.895,0.204,20.2,1007.0,0
98.29,23.37,0.532,1.411,0.521,20.59,1018.8,0
65.66,10.39,0.88,1.019,0.552,34.3,1006.48,0
4.89,97.32,2.05,1.558,0.086,30.61,1007.42,1
37.8,94.91,2.628,2.185,0.407,16.19,1012.96,1
69.07,53.53,2.395,0.002,0.52,30.73,1002.57,1
114.07,99.55,0.546,2.662,0.423,18.39,1001.52,1
103.1,70.63,1.696,2.659,0.701,22.14,1007.73,1
27.4,16.2,0.09,1.624,0.771,21.37,1013.5,0
26.41,20.59,0.932,0.367,0.46,20.45,1009.13,0
24.14,92.45,2.418,2.015,0.426,21.18,995.58,0
110.7,66.7,1.37,0.414,0.705,30.08,1001.93,1
102.32,85.89,0.45,1.523,0.555,20.33,1005.38,1
92.99,90.84,1.316,0.281,0.87,31.01,1005.71,1
47.13,50.31,0.594,1.767,0.481,16.82,1000.19,0
60.53,14.37,1.18,0.954,0.574,26.9,1005.67,1
55.72,26.95,1.464,2.493,0.129,32.26,1010.19,0
30.41,15.99,1.049,2.4,0.836,16.59,1004.04,0
60.6,26.99,2.811,2.995,0.422,27.7,1003.54,1
3.66,46.95,1.688,0.773,0.719,25.23,1014.05,0
15.82,20.64,2.529,0.185,0.429,21.64,1012.71,0
106.39,25.01,2.282,1.329,0.001,17.01,1002.67,0
90.2,50.12,1.983,0.25,0.4,28.53,1019.88,0
50.74,40.62,1.491,0.535,0.148,21.19,991.99,0
62.06,52.09,0.007,1.792,0.399,21.78,999.78,0
44.4,48.63,1.84,1.776,0.321,29.35,991.1,1
88.89,68.0,1.068,0.13,0.203,33.91,1015.18,1
94.1,94.35,0.353,1.329,0.124,21.67,1012.67,1
91.59,19.71,1.334,1.591,0.729,29.93,1010.51,1
86.71,18.93,2.207,0.804,0.755,34.13,996.43,1
24.54,86.75,2.885,2.616,0.265,16.96,1011.23,0
40.56,55.58,1.122,0.483,0.495,25.58,1000.66,0
56.38,78.98,1.628,0.762,0.464,15.22,1016.06,0
39.7,29.39,2.554,0.471,0.355,31.5,995.99,0
90.59,84.6,1.002,0.35,0.278,20.74,996.54,1
39.52,93.15,0.427,2.637,0.186,21.66,1018.82,0
16.59,67.19,0.846,0.834,0.873,28.75,1005.51,0
47.88,19.53,2.697,2.168,0.833,30.78,1003.39,0
117.59,90.58,0.478,1.284,0.417,23.0,1000.55,1
27.11,81.32,0.988,1.908,0.721,28.31,1014.94,0
73.46,77.58,1.394,2.785,0.498,34.13,1000.58,1
51.96,13.31,2.541,2.534,0.085,32.74,1000.68,0
8.52,81.91,2.813,0.207,0.822,29.03,993.7,1
58.55,22.42,1.277,2.536,0.219,33.86,1005.62,1
84.26,30.01,2.796,1.355,0.707,32.52,1017.71,1
61.59,61.94,0.484,1.05,0.527,29.58,1018.73,1
104.65,33.85,0.471,2.017,0.691,33.34,1019.87,1
34.67,69.52,2.848,2.851,0.471,31.35,1004.19,0
10.35,64.73,1.529,0.282,0.703,25.05,1013.25,0
112.39,19.73,0.558,2.304,0.033,25.05,1006.58,0
45.38,69.04,1.464,0.611,0.041,15.18,1006.44,0
69.17,93.16,2.35,1.14,0.896,15.6,1014.19,1
95.04,24.5,2.481,2.621,0.75,29.92,1015.06,1
38.92,63.74,2.592,1.637,0.828,26.1,990.59,1
85.94,40.77,1.709,0.202,0.457,30.22,1018.28,1
16.25,51.37,2.601,1.524,0.46,33.99,1014.69,1
34.96,35.83,1.53,2.369,0.534,24.05,1011.63,1
17.37,41.87,1.821,1.587,0.244,16.77,1015.56,0
97.35,12.6,2.276,0.501,0.734,27.53,1006.12,1
26.72,98.34,1.276,1.335,0.829,16.99,1013.2,0
86.09,66.23,0.221,2.773,0.907,27.43,1007.96,1
113.2,55.06,1.05,1.975,0.517,25.55,1006.29,1
63.33,44.53,1.872,2.19,0.415,29.24,996.35,0
64.8,58.54,0.577,2.358,0.831,22.02,1015.42,0
55.32,44.21,0.445,0.272,0.753,17.88,1016.52,0
39.11,42.39,0.879,1.745,0.867,19.72,1019.14,0
57.08,51.76,0.096,1.128,0.656,28.67,993.61,0
72.34,34.84,2.23,0.417,0.883,24.56,998.75,1
118.32,26.2,0.776,0.608,0.089,25.82,1010.56,0
112.53,60.09,0.373,2.343,0.68,21.46,1015.66,1
103.46,85.85,2.097,0.484,0.089,31.73,1012.54,1
106.7,23.75,2.529,0.937,0.749,34.99,1003.67,0
56.14,12.95,0.06,0.855,0.628,21.24,1011.78,0
78.89,32.21,0.701,0.146,0.016,29.37,992.16,0
107.41,98.17,2.836,1.386,0.599,18.42,1009.88,1
47.15,84.59,1.156,2.298,0.146,29.85,990.24,0
115.41,63.63,2.816,0.066,0.142,23.62,991.43,1
49.89,93.63,0.823,0.338,0.15,27.11,1012.72,0
72.13,50.08,0.654,2.161,0.484,19.75,1004.33,0
85.18,98.5,0.642,1.781,0.116,32.03,991.79,1
114.07,36.67,0.256,2.146,0.126,18.47,1004.46,1
29.35,31.63,2.689,0.69,0.256,33.57,991.88,1
89.54,67.42,2.94,2.411,0.001,16.22,1000.38,1
62.5,44.03,2.864,1.44,0.276,20.76,994.72,0
32.23,66.37,2.556,1.831,0.618,26.26,996.58,1
93.19,37.45,2.541,0.276,0.602,32.17,995.87,1
66.27,65.61,1.983,0.615,0.97,26.54,1001.15,1
79.32,34.82,2.479,2.32,0.12,19.32,993.24,1
38.75,14.59,0.625,0.672,0.866,32.18,1005.83,0
57.75,92.09,1.164,0.278,0.391,26.92,1002.21,1
74.08,89.49,1.923,1.792,0.387,19.65,1015.2,1
48.59,97.37,2.624,1.644,0.349,26.24,1014.78,1
23.8,74.49,1.981,1.824,0.125,28.51,1014.73,0
115.4,71.44,2.517,1.855,0.479,28.61,1004.09,1
61.38,60.31,1.422,1.501,0.787,29.48,998.72,1
88.07,21.33,2.152,1.481,0.875,32.91,1002.46,1
49.33,27.03,2.94,2.772,0.963,31.5,1010.62,1
42.62,36.05,0.46,1.602,0.785,27.15,1005.89,0
48.86,90.11,2.781,1.852,0.623,15.64,1008.73,1
49.1,25.57,1.567,0.801,0.498,29.99,1010.81,0
65.3,93.06,1.93,2.613,0.875,34.5,1017.55,1
65.22,57.05,2.634,0.073,0.74,21.11,1018.32,1
59.66,74.4,1.229,1.672,0.161,27.14,1015.21,1
16.17,19.92,1.256,1.152,0.683,30.37,991.95,0
59.53,34.21,1.582,1.812,0.431,27.78,1019.38,0
20.29,96.27,0.057,1.081,0.596,33.45,1011.11,1
15.14,33.95,1.49,2.153,0.898,24.47,1010.8,0
111.92,36.69,0.873,0.061,0.653,25.64,990.69,0
72.59,27.78,2.784,1.218,0.939,15.76,1004.38,1
79.14,21.62,0.263,2.494,0.866,33.0,1008.79,1
48.22,30.99,1.378,0.751,0.129,20.25,998.36,0
109.08,67.81,2.842,0.158,0.012,34.57,992.5,1
76.55,50.98,2.703,1.49,0.384,19.04,1005.97,0
92.3,59.84,2.104,2.93,0.865,20.07,1003.39,1
44.23,21.01,1.768,0.192,0.23,24.69,991.32,0
115.2,82.19,0.842,0.21,0.691,28.21,1005.58,1
98.46,80.57,1.101,1.785,0.476,23.81,993.23,1
102.47,11.94,0.27,0.75,0.746,22.04,1002.74,0
20.66,44.52,2.358,1.231,0.165,25.8,998.11,0
32.52,16.19,0.972,2.492,0.239,34.17,1019.11,0
34.28,81.29,2.003,0.597,0.243,34.24,991.04,0
32.51,76.35,1.073,2.158,0.548,21.56,1006.8,1
102.65,91.18,1.393,1.513,0.29,28.6,994.56,1
3.83,31.28,1.665,2.715,0.812,29.44,999.58,0
9.13,51.07,2.406,2.919,0.347,28.07,995.52,0
32.87,26.6,0.633,1.455,0.661,17.26,1019.85,1
23.98,43.41,1.196,1.754,0.949,25.79,990.97,1
27.82,57.0,0.39,2.238,0.607,30.27,1006.24,0
95.75,14.8,0.227,0.956,0.242,19.02,1008.24,1
67.58,74.34,1.814,0.68,0.83,21.96,1013.17,1
0.69,58.9,0.567,2.894,0.013,19.08,1008.78,0
51.52,84.61,0.179,1.298,0.257,32.74,996.94,0
48.95,34.46,2.691,0.005,0.387,32.17,1007.94,0
13.67,91.3,1.603,2.513,0.196,18.38,1019.25,0
81.14,99.88,0.404,1.799,0.604,30.21,1015.45,1
84.25,92.74,0.16,0.506,0.558,22.28,1003.6,1
86.51,80.01,0.36,0.09,0.406,28.72,1004.32,1
87.42,83.11,1.414,0.874,0.294,24.87,993.99,0
0.01,61.64,2.005,2.784,0.434,24.44,1007.1,0
114.47,27.11,1.924,2.8,0.291,32.63,998.41,1
97.71,70.93,0.433,0.933,0.221,27.74,993.24,0
108.48,74.15,1.9,2.508,0.351,19.72,1004.23,1
1.88,98.68,1.215,1.326,0.602,17.22,991.35,1
112.06,58.72,1.394,1.963,0.648,33.67,993.6,1
97.17,34.42,2.404,1.003,0.297,18.07,996.57,1
100.47,71.53,0.997,1.548,0.947,29.68,1019.72,1
11.19,98.14,0.441,0.881,0.262,24.92,1014.25,0
88.65,25.95,2.62,0.183,0.712,17.8,1006.25,1
115.19,39.34,0.636,0.418,0.081,30.53,996.98,1
81.43,58.77,0.882,0.872,0.665,33.09,1005.57,1
68.47,25.32,2.12,2.929,0.46,17.43,1009.47,0
113.48,12.0,2.051,2.897,0.569,16.34,990.14,0
53.15,40.33,2.401,2.483,0.184,32.0,1019.64,0
71.92,87.88,0.552,0.698,0.434,25.02,1008.8,1
57.16,13.91,1.057,1.325,0.766,28.49,1019.65,1
111.94,48.6,0.378,1.319,0.767,23.83,1004.07,1
9.13,78.6,1.623,1.161,0.238,23.25,1008.71,0
60.13,95.79,0.878,0.135,0.353,20.99,1003.84,0
82.43,98.69,2.067,1.604,0.004,26.26,990.28,0
95.03,47.98,0.001,0.218,0.09,18.2,1015.5,0
69.96,95.53,0.179,2.406,0.127,29.34,1003.47,0
109.07,13.19,1.298,2.074,0.294,25.99,1004.13,1
113.04,77.13,2.875,1.058,0.759,31.95,1000.8,1
7.72,67.85,2.673,1.941,0.51,33.42,1002.98,1
48.28,32.46,2.982,0.699,0.793,33.01,1011.77,0
2.82,55.66,1.25,0.796,0.755,27.02,1011.02,0
39.53,21.66,0.14,0.942,0.587,21.37,1014.25,0
64.42,88.44,0.918,2.391,0.5,22.14,1019.24,1
109.3,42.21,2.027,0.632,0.931,28.05,1001.73,1
101.59,66.34,0.405,1.688,0.569,29.24,1000.17,1
15.3,24.29,0.9,0.601,0.483,18.23,1004.81,0
11.16,28.55,0.168,0.855,0.869,34.96,994.63,0
70.71,99.28,1.425,0.706,0.071,17.15,1012.74,0
63.85,77.78,0.627,1.935,0.656,27.14,1007.43,1
31.97,96.58,0.274,1.58,0.113,25.62,996.34,1
107.93,36.63,1.234,2.164,0.82,26.82,1015.92,1
111.28,24.81,1.054,0.66,0.793,25.68,1008.57,1
48.31,55.28,1.613,0.027,0.504,16.16,991.02,0
106.84,54.52,2.247,2.042,0.661,34.92,995.9,1
46.07,25.75,0.338,0.345,0.773,34.63,1016.73,0
88.42,75.99,2.373,0.739,0.483,25.49,1001.43,1
57.11,42.56,0.079,0.917,0.906,19.17,1019.53,0
14.71,26.77,1.329,2.24,0.437,18.66,1005.89,0
111.35,39.88,1.762,1.878,0.892,16.14,996.24,1
54.49,60.73,2.871,0.553,0.583,27.24,1007.82,1
88.14,75.38,1.722,1.794,0.426,24.56,993.07,1
44.06,53.37,0.476,2.124,0.004,23.33,1014.23,0
2.27,57.3,1.553,1.167,0.296,25.5,1008.84,0
12.06,22.51,1.187,0.738,0.868,32.46,1018.92,0
59.55,92.32,1.438,2.037,0.429,16.41,1010.7,1
82.8,93.59,0.591,1.833,0.421,25.88,991.47,1
40.17,71.51,1.502,0.234,0.489,29.02,1004.29,0
83.46,11.59,0.45,2.0,0.286,34.41,1005.94,0
83.84,58.34,2.232,1.466,0.492,29.79,1017.5,1
84.47,66.63,1.782,2.26,0.376,25.96,1002.97,0
59.1,99.52,0.236,0.572,0.909,30.34,1007.81,1
109.79,99.65,2.669,0.775,0.564,34.94,995.58,1
58.7,87.19,1.849,1.63,0.834,32.77,997.34,1
54.03,15.74,0.948,1.445,0.687,16.78,1006.46,0
23.93,95.79,0.137,1.159,0.213,26.5,1010.91,0
36.92,65.14,1.897,2.238,0.868,30.73,1003.06,1
5.08,82.08,1.12,1.694,0.087,28.44,1002.98,0
76.02,46.65,2.723,2.131,0.449,23.34,997.68,1
29.82,38.77,0.105,0.46,0.239,21.45,1010.94,0
36.5,51.69,0.117,2.187,0.538,27.54,990.16,1
92.5,23.22,2.848,1.385,0.3,23.25,1005.38,0
39.27,42.14,2.895,0.101,0.723,22.84,990.11,0
29.06,87.19,0.083,0.703,0.937,31.73,1007.8,0
20.29,13.42,2.148,0.077,0.709,21.31,990.93,0
92.98,23.58,0.664,1.371,0.355,27.9,1018.2,1
15.56,21.26,2.104,0.978,0.6,32.47,1004.34,0
54.45,46.28,2.606,2.962,0.889,27.44,1010.52,0
60.83,99.73,0.302,2.606,0.27,24.86,1015.61,1
82.49,25.6,0.716,2.477,0.118,15.71,997.06,0
75.99,23.09,0.072,1.503,0.131,28.63,1006.2,0
97.29,92.36,0.131,2.421,0.495,34.95,1015.9,1
5.37,89.38,0.089,0.801,0.732,31.17,1006.13,0
35.57,12.9,2.402,1.682,0.657,27.69,1001.78,0
33.62,77.65,0.895,1.179,0.454,24.38,1001.07,1
17.52,68.99,1.48,0.514,0.729,19.49,1001.52,0
34.7,79.1,2.364,0.218,0.634,28.84,1008.46,1
37.17,54.51,1.485,1.675,0.628,18.55,991.37,1
62.63,99.22,1.288,0.293,0.202,32.74,1002.46,1
79.64,13.95,0.035,2.154,0.313,22.08,1006.82,0
45.73,31.09,1.704,2.764,0.344,23.0,1013.59,0
86.34,45.69,0.374,0.486,0.808,19.32,1005.9,0
40.34,50.48,2.294,1.413,0.775,24.63,1017.79,0
34.83,92.92,0.773,2.216,0.253,28.61,1003.31,1
64.94,60.4,2.023,0.861,0.055,21.06,1009.52,1
2.85,14.06,1.939,2.762,0.768,29.04,990.53,0
9.57,46.71,1.85,2.665,0.41,27.41,997.15,0
50.16,47.48,0.801,0.311,0.22,22.45,1014.46,0
113.15,96.89,0.801,0.082,0.117,21.26,1007.59,1
86.58,63.93,2.589,2.929,0.013,32.23,1018.39,1
10.58,67.21,0.038,2.869,0.428,15.24,1012.59,0
101.56,74.19,0.545,1.267,0.34,29.32,1003.49,1
87.88,79.3,1.831,0.152,0.696,23.35,1013.36,1
73.31,67.15,2.451,1.857,0.977,29.35,1004.03,1
98.44,31.35,1.075,0.88,0.207,25.15,999.91,0
48.49,88.66,1.96,2.81,0.243,16.68,991.41,1
26.58,75.89,1.671,2.384,0.337,34.64,1015.97,1
61.44,76.77,0.194,1.949,0.466,16.72,1002.57,0
65.86,99.69,1.865,0.854,0.698,18.17,1010.56,1
64.6,82.23,2.442,2.104,0.352,23.41,994.59,1
67.81,84.62,2.977,0.868,0.104,33.89,1014.87,1
113.84,95.63,0.089,0.113,0.73,20.86,1014.73,1
108.27,23.6,1.98,1.525,0.795,26.37,1004.46,1
105.09,54.8,1.244,1.466,0.248,25.43,1010.16,1
96.17,62.25,0.029,2.289,0.137,21.6,1005.64,1
113.21,39.63,1.843,2.597,0.528,28.93,1006.57,1
11.82,85.55,0.367,1.063,0.208,25.03,1016.66,0
31.81,78.62,1.136,1.348,0.374,26.57,1019.01,0
59.41,74.88,0.784,1.411,0.777,19.2,1001.02,1
101.58,99.74,1.083,0.973,0.22,33.53,999.95,1
60.62,33.34,1.478,2.23,0.806,17.21,999.11,1
89.76,76.19,1.078,1.566,0.674,28.81,1013.12,0
16.68,59.63,1.658,2.742,0.22,32.72,1011.69,0
30.29,38.17,0.716,1.951,0.526,16.68,991.31,1
87.81,24.45,1.906,0.636,0.614,15.58,992.65,1
19.77,90.63,2.561,0.494,0.2,21.66,1009.39,1
42.16,63.59,0.672,1.117,0.145,30.8,998.25,1
31.78,84.24,1.524,1.041,0.531,29.35,992.75,0
41.98,59.08,1.946,1.221,0.694,31.44,1002.41,1
85.0,29.8,1.694,0.551,0.465,22.95,1016.32,1
44.14,40.38,1.097,2.935,0.07,34.88,1000.99,0
66.63,44.34,1.927,0.437,0.925,22.32,1010.87,1
11.99,97.56,0.085,1.958,0.695,31.11,1017.02,1
96.6,10.51,1.11,0.039,0.621,22.02,995.08,1
44.39,98.71,1.598,1.221,0.644,19.37,1008.29,1
77.82,98.24,0.062,0.928,0.399,21.73,1017.23,0
87.05,99.65,1.523,1.146,0.984,18.85,995.8,1
25.16,52.89,1.963,1.494,0.133,17.58,1019.66,1
106.16,96.74,2.278,1.801,0.739,22.28,1000.95,1
73.95,45.6,0.34,1.751,0.421,17.94,996.53,0
51.45,12.37,2.972,1.892,0.881,25.05,1015.13,0
21.88,30.19,1.819,2.534,0.717,15.71,1004.04,0
113.08,95.08,1.09,2.66,0.562,23.63,1010.12,1
90.61,11.24,0.747,2.212,0.938,34.16,1004.69,1
24.96,59.14,1.719,0.237,0.912,22.18,1009.31,1
40.53,16.8,2.645,2.884,0.052,17.75,991.06,0
97.16,35.78,1.562,2.842,0.193,21.1,1000.51,1
83.48,17.93,1.984,2.135,0.676,30.83,1009.72,0
91.89,87.36,1.073,1.552,0.922,21.27,1000.52,1
52.94,63.2,1.164,0.752,0.43,22.67,1013.27,1
85.98,91.19,0.859,2.269,0.038,30.78,1018.83,0
46.38,71.95,2.117,2.634,0.643,20.21,991.12,1
25.35,97.39,1.078,1.996,0.195,24.57,1015.66,1
75.92,55.89,0.572,1.887,0.552,16.26,995.07,1
117.12,67.48,1.108,0.579,0.385,18.48,1017.52,1
37.27,61.87,2.561,1.073,0.558,19.19,1018.4,0
55.32,53.58,2.215,2.169,0.932,24.27,1007.08,1
80.88,86.14,1.004,0.051,0.486,31.42,1004.37,0
64.98,68.01,2.72,1.924,0.035,22.09,1012.75,1
101.21,82.12,0.224,2.3,0.581,22.61,1017.54,1
91.41,80.77,0.149,1.004,0.326,21.02,996.97,1
7.0,27.19,0.382,0.229,0.778,21.41,1001.47,0
119.81,68.51,0.349,2.457,0.47,23.07,1002.53,0
90.29,27.97,0.264,0.426,0.741,32.99,1015.37,1
103.67,62.5,1.984,1.112,0.909,15.49,994.11,1
78.14,70.97,1.803,2.122,0.362,27.49,1008.69,0
102.75,99.75,1.943,2.451,0.989,32.75,1000.53,1
13.49,12.75,2.065,2.587,0.15,23.34,1016.57,0
41.73,18.21,2.271,1.591,0.644,28.02,1000.19,0
105.17,16.93,0.622,1.428,0.035,26.71,1019.34,0
24.2,45.85,1.867,2.545,0.213,21.77,990.47,0
9.39,83.94,1.74,1.689,0.634,17.75,997.19,1
94.57,85.97,2.831,1.736,0.046,19.39,1003.72,1
100.26,76.33,0.697,1.302,0.102,16.15,997.69,1
19.52,90.72,0.176,1.118,0.291,30.29,1012.12,0
102.52,39.06,1.96,1.442,0.576,25.66,1014.44,1
82.41,17.93,2.221,1.095,0.016,30.71,1010.93,0
62.41,15.23,0.85,1.031,0.482,20.8,1019.11,0
99.63,86.69,1.713,2.981,0.626,31.09,1003.68,1
50.31,75.74,0.179,1.009,0.403,21.18,1019.39,0
23.28,72.88,2.88,0.769,0.068,17.43,993.74,0
34.18,40.57,0.33,1.062,0.611,25.68,1015.38,0
60.62,44.19,0.203,1.772,0.606,33.91,991.15,0
63.76,96.23,0.132,2.733,0.506,23.29,1005.96,1
96.67,15.74,1.282,2.364,0.693,25.31,1004.53,1
94.96,79.64,0.291,2.527,0.208,24.03,1015.69,1
69.76,37.87,2.234,2.577,0.679,24.15,1011.02,0
93.69,13.51,2.697,2.762,0.161,19.29,1003.23,0
23.01,76.83,0.781,0.705,0.393,23.45,1016.87,0
6.01,39.78,1.886,1.375,0.068,24.94,1016.58,0
104.84,74.99,0.127,1.156,0.819,29.9,990.74,1
9.07,73.69,1.16,1.146,0.538,17.8,1016.13,0
29.6,58.13,0.879,1.957,0.971,26.43,1005.8,0
83.44,79.96,0.686,1.205,0.942,28.24,1015.17,1
49.13,62.29,1.934,1.849,0.999,22.66,995.44,1
105.16,35.8,0.391,1.147,0.101,25.98,994.53,0
35.76,76.07,2.582,0.933,0.607,29.21,1011.67,0
1.42,63.02,1.995,1.059,0.408,24.3,998.26,0
36.08,11.15,2.132,2.411,0.533,21.67,1006.77,0
69.37,91.15,2.806,1.803,0.309,31.49,1010.66,1
45.11,59.11,2.827,2.922,0.048,34.78,1008.31,1
64.18,88.18,1.655,2.498,0.708,19.33,1010.97,1
105.19,89.45,1.486,1.457,0.966,32.79,1008.61,1
109.5,50.05,1.006,0.727,0.532,25.91,1001.37,1
31.92,55.69,2.147,2.022,0.33,23.96,992.71,0
55.46,47.42,1.615,2.18,0.938,32.86,1015.66,1
65.9,50.45,2.799,1.393,0.365,33.21,1015.38,1
113.89,90.56,0.716,0.69,0.915,20.45,990.17,1
119.83,80.93,0.931,1.672,0.856,22.17,1015.23,1
28.25,21.39,0.948,0.761,0.529,32.04,994.53,0
87.24,64.93,2.418,2.82,0.677,24.82,999.99,1
45.36,99.63,0.297,1.887,0.7,20.76,1002.4,0
0.97,63.6,1.367,0.876,0.641,34.24,1010.39,0
1.11,80.73,1.283,0.647,0.161,19.34,992.77,0
55.27,79.22,0.219,2.15,0.693,27.21,1014.8,1
58.6,41.53,1.232,2.123,0.003,23.56,1018.28,0
2.71,43.47,1.54,1.791,0.71,24.03,1018.58,0
82.43,75.17,0.195,1.843,0.555,17.12,992.76,0
35.28,55.0,1.53,1.812,0.26,20.14,1017.58,0
67.19,61.35,2.878,1.08,0.804,18.34,1007.03,0
36.11,74.16,2.937,2.812,0.405,29.99,1011.81,1
20.06,79.98,1.595,1.438,0.486,28.95,1017.92,0
48.86,34.44,1.545,0.061,0.028,30.88,1009.83,0
27.87,23.21,0.857,1.045,0.401,28.99,1003.7,0
64.18,36.26,2.991,0.391,0.167,17.57,1005.75,1
23.86,55.68,0.823,1.09,0.276,34.57,1010.54,0
61.01,40.79,1.359,1.825,0.252,18.77,1018.34,0
18.89,61.15,0.009,0.068,0.046,22.01,1016.69,0
80.52,14.81,1.048,2.611,0.46,29.14,1007.31,0
90.47,55.88,0.214,1.831,0.523,17.81,996.33,0
13.25,43.12,2.231,0.886,0.571,18.41,1000.4,0
56.14,58.12,1.683,0.934,0.462,32.53,1000.85,0
8.5,48.03,1.717,1.397,0.87,21.64,998.68,0
71.78,35.58,0.86,0.744,0.038,28.31,1012.4,0
31.73,91.37,2.445,0.013,0.614,32.17,1015.08,0
63.31,26.63,0.01,0.08,0.866,34.46,999.59,0
62.1,71.32,1.001,1.073,0.041,19.21,1015.38,0
110.92,93.22,1.978,0.373,0.496,17.46,1012.03,1
65.89,58.48,2.724,0.067,0.589,29.81,1003.23,1
69.96,88.88,0.704,2.578,0.191,18.76,1010.96,1
48.2,21.24,1.623,0.822,0.253,26.6,1013.08,0
113.89,54.44,1.614,1.509,0.786,25.65,1006.83,1
93.26,51.13,2.623,0.538,0.567,26.2,1003.29,1
34.25,10.73,0.152,0.14,0.316,28.0,993.05,0
101.31,49.89,1.273,2.235,0.765,32.02,990.04,1
51.89,43.21,0.547,0.375,0.747,20.44,1018.12,0
99.44,70.28,0.065,0.077,0.345,26.1,998.02,1
98.75,94.45,0.441,1.762,0.489,21.73,1009.89,1
22.66,17.72,2.929,0.04,0.665,21.37,1018.3,0
84.14,39.47,0.645,1.309,0.343,15.41,1014.55,1
34.88,49.97,2.805,0.867,0.629,26.99,993.68,0
35.7,50.97,0.616,0.958,0.251,34.45,1014.06,0
35.56,79.73,2.794,0.012,0.292,30.23,1011.79,0
87.07,49.91,1.964,2.893,0.311,19.86,999.88,1
27.58,12.44,0.34,1.551,0.936,29.32,1010.69,1
0.11,73.91,1.746,1.718,0.834,20.95,1014.78,0
85.83,89.63,0.956,1.998,0.565,30.07,998.74,1
20.54,56.25,1.149,2.393,0.564,32.1,1016.07,0
12.54,62.3,1.321,1.824,0.056,21.69,992.36,1
28.5,24.66,1.268,2.287,0.65,15.04,1005.82,0
45.59,29.86,1.992,1.346,0.328,21.1,997.0,1
57.11,31.17,2.305,1.114,0.612,19.12,1011.84,1
5.35,48.77,0.988,2.469,0.84,27.37,995.25,0
116.47,93.53,2.773,2.596,0.045,20.8,1000.24,1
85.93,56.96,2.815,0.413,0.607,15.72,993.82,1
38.78,27.29,0.122,1.628,0.564,25.63,1014.36,0
38.24,33.95,0.045,2.051,0.207,32.49,993.97,0
53.83,44.56,1.275,0.251,0.646,24.03,1011.69,1
75.15,66.09,1.772,2.789,0.555,22.53,1011.22,1
17.56,49.6,0.834,1.56,0.767,18.57,994.27,1
22.67,45.32,0.778,1.936,0.111,22.75,1006.98,0
103.13,60.83,2.035,0.535,0.444,21.62,1004.91,1
30.75,31.77,1.805,0.793,0.998,34.9,1007.84,0
45.62,17.1,0.501,0.363,0.689,15.61,1018.12,0
104.55,12.2,2.654,0.792,0.684,19.78,992.42,0
79.58,32.61,2.04,1.477,0.318,16.37,1014.62,1
41.01,18.24,1.088,2.501,0.094,32.15,1015.86,0
82.04,40.27,2.051,1.601,0.949,23.35,993.79,1
2.36,79.56,0.338,0.733,0.105,30.93,1009.68,0
88.28,74.47,1.405,0.134,0.993,28.84,1011.06,0
58.44,64.98,0.507,1.866,0.126,33.56,1006.46,1
97.58,86.73,0.124,1.26,0.171,15.48,1005.09,1
114.56,35.39,1.015,2.953,0.308,19.15,999.53,1
111.09,89.65,0.452,2.339,0.512,29.04,1010.67,1
109.11,45.93,1.901,2.425,0.79,26.7,998.57,1
61.46,46.08,2.022,0.037,0.971,28.89,1003.8,1
43.22,46.48,0.446,2.333,0.359,26.51,1015.72,1
55.8,18.83,0.074,0.584,0.02,26.62,992.69,1
82.79,97.79,2.378,1.757,0.617,33.65,1005.85,1
106.08,22.47,0.006,1.342,0.711,33.43,1004.58,0
24.84,40.68,1.032,1.715,0.397,15.76,1001.35,0
110.18,38.74,1.484,0.4,0.183,23.27,1007.93,0
97.82,16.72,2.456,1.371,0.306,25.21,990.47,0
117.46,23.7,2.516,0.111,0.656,22.16,1004.77,1
105.63,14.04,2.175,0.123,0.494,15.99,1004.57,1
33.59,36.32,0.742,1.973,0.743,24.45,1005.48,0
12.71,88.0,2.161,2.855,0.218,34.51,996.37,1
13.47,40.55,0.74,2.332,0.842,16.44,996.23,0
34.95,21.13,0.644,1.407,0.156,31.33,1009.42,0
73.7,68.11,1.641,0.168,0.33,18.91,992.78,1
96.52,99.69,2.037,0.135,0.591,26.54,999.18,1
107.91,30.91,0.159,0.474,0.737,22.74,1014.92,0
74.85,35.16,0.18,2.927,0.266,21.98,993.11,0
0.68,97.47,2.353,1.196,0.948,32.41,1004.04,1
22.36,26.09,2.578,2.53,0.706,34.47,1010.06,0
11.97,56.01,1.813,2.115,0.218,22.73,994.25,0
43.6,31.57,1.286,1.816,0.726,27.81,999.37,0
60.16,93.91,2.536,2.843,0.696,26.13,1006.76,1
5.21,98.34,2.186,0.691,0.753,16.54,999.82,1
41.82,83.32,1.739,1.365,0.916,15.82,993.3,1
21.5,38.33,0.959,2.594,0.712,30.47,996.97,1
77.65,46.31,0.594,1.655,0.352,22.89,993.28,1
55.71,31.81,1.256,0.739,0.791,21.15,1019.51,1
59.44,90.17,0.86,0.627,0.696,34.71,997.07,0
51.32,92.31,1.018,2.259,0.574,16.7,1005.92,1
114.72,47.7,1.547,0.038,0.354,20.38,1002.86,1
25.77,69.09,0.507,2.743,0.921,32.14,1007.09,0
62.0,24.9,2.419,0.055,0.513,23.3,1004.94,0
88.32,49.14,0.437,1.893,0.628,26.68,1011.81,1
66.82,66.83,1.443,1.814,0.415,15.97,1016.19,0
111.48,44.69,2.238,1.735,0.781,33.41,998.56,1
45.36,42.18,1.455,1.423,0.341,17.74,995.51,0
55.64,10.09,1.083,2.557,0.811,19.27,1019.53,1
10.62,82.39,1.425,1.978,0.108,18.14,1015.98,0
73.08,90.04,2.546,2.346,0.709,24.95,1000.92,1
34.59,97.25,2.971,0.347,0.477,31.34,1016.84,1
19.24,74.73,1.893,0.15,0.699,20.34,1010.12,0
65.34,59.39,2.38,0.086,0.531,17.85,1003.12,1
63.88,34.24,0.043,0.442,0.134,23.2,1016.2,0
9.1,99.94,2.641,2.001,0.477,34.63,1010.26,0
83.79,63.08,2.862,1.482,0.965,15.22,1014.79,1
74.85,71.3,1.726,2.257,0.755,25.08,1002.53,1
22.68,71.42,2.261,0.575,0.3,28.39,1013.96,0
56.33,86.07,1.538,1.101,0.944,31.13,1001.01,1
86.44,10.87,0.859,2.665,0.779,29.92,1012.05,0
63.53,29.82,2.557,2.807,0.364,16.49,1003.07,1
47.46,69.9,1.791,2.765,0.604,24.24,1002.16,1
38.68,90.56,1.738,2.455,0.427,16.57,1013.9,1
73.25,71.68,1.977,2.065,0.097,27.4,993.75,1
112.69,47.21,2.568,2.741,0.806,16.54,1017.85,1
80.61,42.54,2.196,2.143,0.191,15.97,1005.26,0
8.97,76.42,0.633,2.862,0.458,21.12,1009.08,0
55.28,76.71,1.4,0.074,0.703,33.78,1002.16,1
106.9,64.64,2.941,2.765,0.932,29.2,1009.38,1
11.34,36.23,1.664,1.667,0.063,15.08,1011.3,0
118.67,93.26,2.815,0.335,0.393,20.69,1016.05,1
113.89,59.67,2.44,0.645,0.615,15.35,1015.63,0
9.39,81.14,1.998,2.556,0.779,20.89,1000.73,0
112.01,29.29,1.048,1.518,0.921,28.71,1008.48,1
43.58,40.96,0.913,2.948,0.0,30.2,1013.42,0
101.37,88.71,1.93,0.353,0.628,31.08,1012.95,1
50.21,14.51,1.298,1.238,0.007,33.2,1016.73,0
52.9,56.11,2.396,0.996,0.787,22.32,1014.96,0
76.11,53.35,2.281,1.548,0.15,32.25,1011.54,1
92.94,77.61,0.936,1.9,0.895,29.55,1012.47,1
4.05,35.37,2.108,1.985,0.155,25.76,1014.22,0
71.18,29.72,1.484,0.004,0.764,34.09,1015.14,0
22.41,93.35,0.97,0.267,0.289,33.95,1000.58,0
41.51,61.45,1.239,0.105,0.557,32.95,1013.45,0
41.76,19.42,2.686,2.594,0.608,19.04,1018.48,0
56.29,27.37,1.079,0.94,0.207,19.16,996.99,0
40.1,99.89,0.862,1.101,0.299,33.02,991.45,1
12.88,27.6,1.055,1.351,0.108,22.96,992.17,0
17.48,64.94,0.644,2.548,0.005,30.95,996.5,1
4.01,47.81,1.634,0.042,0.239,28.74,1017.59,0
56.43,89.7,0.442,0.356,0.516,30.25,993.8,1
114.53,77.97,2.452,2.055,0.714,15.53,1012.43,1
13.88,63.73,0.677,2.892,0.794,23.6,1016.01,1
113.55,10.97,1.794,1.928,0.07,32.14,1016.33,1
88.0,89.18,0.375,0.783,0.272,24.8,1002.5,0
76.5,50.02,2.935,1.56,0.77,28.8,1004.86,1
77.43,93.84,1.364,2.925,0.481,30.12,999.7,0
99.21,54.6,2.467,1.584,0.182,17.42,994.42,1
12.83,72.48,2.306,1.121,0.392,18.11,996.37,0
60.57,16.24,2.141,1.15,0.27,29.49,994.04,0
83.65,77.06,2.482,2.901,0.051,16.09,1002.23,1
70.42,40.42,0.301,2.157,0.764,21.84,995.11,1
99.93,41.62,2.035,2.062,0.292,33.36,1002.1,1
8.67,20.68,0.797,0.696,0.945,26.49,1015.54,0
82.88,23.22,2.358,1.678,0.888,33.21,1009.64,0
64.08,26.72,2.871,1.07,0.716,21.19,1009.88,1
45.5,39.54,2.704,0.721,0.327,27.73,1014.36,0
40.83,90.28,0.345,2.687,0.28,20.73,991.24,1
74.5,43.14,1.109,1.149,0.475,17.22,1013.84,0
106.92,75.19,1.093,0.848,0.355,34.81,995.89,1
59.54,17.45,0.367,2.795,0.901,18.52,1000.38,1
98.97,63.2,0.294,0.592,0.123,18.77,999.24,1
48.26,53.37,1.155,2.237,0.724,31.84,993.17,1
12.29,98.02,2.976,1.958,0.611,31.04,995.21,0
7.38,86.16,1.707,2.761,0.806,34.56,1018.69,0
6.16,50.93,1.865,2.496,0.542,16.43,1008.01,1
45.62,79.76,1.413,2.116,0.63,16.88,1004.22,0
40.47,27.37,1.987,0.944,0.963,23.97,1012.73,0
86.15,60.61,2.87,1.487,0.092,26.83,1014.41,1
89.14,16.72,1.766,2.833,0.105,15.76,993.31,0
6.1,41.33,0.195,0.07,0.394,18.17,1012.23,1
26.53,30.33,1.479,2.383,0.473,29.07,1017.97,0
32.91,74.7,2.978,0.755,0.2,28.37,1007.56,0
65.71,54.11,1.162,0.555,0.083,16.79,1008.42,1
17.34,77.6,1.782,0.697,0.022,33.63,1016.11,1
16.07,56.38,0.32,0.179,0.765,20.1,1010.38,0
113.25,17.78,0.424,2.976,0.485,32.74,1019.86,1
96.5,76.18,2.624,2.61,0.843,33.46,998.48,1
21.68,84.99,0.901,1.563,0.361,24.8,1015.36,1
48.79,91.32,0.916,2.145,0.703,23.24,1008.37,1
42.67,61.48,1.162,1.67,0.489,20.56,1000.97,0
94.92,77.82,2.899,2.435,0.612,31.15,1016.49,1
61.23,77.68,0.253,2.534,0.37,18.93,1019.89,1
15.34,24.02,2.456,0.698,0.081,27.44,991.74,1
88.68,24.78,1.025,1.379,0.947,26.34,1017.77,1
47.63,16.38,2.548,1.905,0.836,19.98,996.09,1
31.55,38.79,2.975,2.935,0.312,34.66,996.16,1
45.06,52.62,1.046,2.048,0.959,31.93,991.25,1
59.73,99.81,0.388,2.693,0.3,15.41,1017.67,0
41.17,48.79,0.433,2.538,0.443,23.45,1012.78,0
29.03,75.36,2.276,1.746,0.755,22.18,991.6,0
47.82,72.41,0.435,2.681,0.309,32.66,1009.01,1
2.3,28.4,0.781,1.132,0.325,20.29,993.6,0
92.7,15.27,0.613,1.138,0.41,34.97,1012.54,0
20.51,59.14,1.067,2.343,0.468,19.0,1002.27,1
5.27,73.03,0.223,0.404,0.124,19.88,991.55,0
78.44,99.84,2.57,0.917,0.017,28.32,1014.88,1
92.87,42.27,2.58,1.826,0.919,18.22,1007.17,1
97.66,90.67,1.239,1.26,0.353,32.78,1013.19,1
59.22,44.37,1.836,2.822,0.102,17.2,1010.24,1
24.64,72.05,1.926,2.876,0.759,34.67,1003.03,1
88.47,63.84,2.248,1.508,0.295,32.49,1010.96,0
83.97,14.77,1.562,1.617,0.182,31.79,990.44,0
29.55,17.05,1.531,2.174,0.963,23.14,1000.19,1
108.41,11.87,1.894,1.372,0.921,25.27,1013.34,0
12.52,43.38,2.109,0.57,0.106,24.13,1012.89,0
117.92,77.12,1.04,2.241,0.899,34.75,1016.62,1
103.23,25.55,0.991,2.213,0.891,15.7,1008.33,1
82.55,64.53,0.809,0.735,0.634,22.63,1018.27,1
112.65,35.99,1.647,2.499,0.53,34.37,1006.73,1
86.68,81.73,1.08,1.841,0.217,22.39,1005.01,1
22.85,81.86,1.621,0.709,0.121,22.97,995.92,0
53.06,79.79,1.218,1.956,0.606,27.63,1013.37,1
8.58,57.24,2.51,0.701,0.822,33.15,1010.76,0
46.76,35.61,0.219,0.796,0.689,20.89,1003.82,0
88.99,82.85,1.717,2.544,0.181,33.95,992.61,1
46.37,26.75,1.727,2.788,0.29,20.65,993.77,1
39.64,36.08,1.151,0.771,0.546,31.31,993.43,0
71.44,26.56,1.263,2.784,0.625,20.52,1001.27,1
104.66,70.68,2.4,0.716,0.072,16.46,994.77,1
5.71,71.76,0.842,0.352,0.614,31.25,1015.83,0
46.26,68.73,2.614,0.175,0.736,24.0,1016.98,1
18.99,47.4,2.689,0.726,0.181,22.81,1015.7,0
83.44,19.02,1.952,1.156,0.246,23.6,1008.27,0
12.69,92.01,2.319,2.783,0.259,27.23,1007.89,1
79.78,55.7,1.839,0.726,0.94,20.25,1016.73,1
34.34,46.63,1.576,1.096,0.407,19.75,1002.19,1
23.87,62.99,2.9,2.202,0.531,24.67,991.87,0
112.36,27.35,0.848,0.906,0.724,15.71,1004.11,0
2.22,21.93,0.462,2.053,0.371,27.86,1006.61,0
52.53,46.5,0.862,1.296,0.106,31.46,1006.48,0
2.6,30.45,1.844,0.589,0.654,29.55,994.77,1
58.03,31.99,0.556,2.202,0.667,24.39,1013.5,0
60.13,90.33,2.726,0.081,0.261,26.31,1011.96,0
38.6,57.77,1.233,0.877,0.035,15.52,996.9,0
15.86,53.51,2.55,1.069,0.665,33.25,1006.54,0
45.17,72.05,0.748,1.375,0.703,26.16,1013.71,0
80.67,95.64,0.94,2.04,0.026,21.33,990.23,0
93.89,20.1,0.178,1.378,0.693,20.87,998.25,1
63.69,85.02,0.773,1.783,0.939,28.19,1004.16,1
70.78,62.56,1.471,1.787,0.179,26.69,1015.35,1
24.07,23.15,2.838,1.12,0.521,18.76,1013.97,1
34.48,36.74,1.167,2.802,0.697,23.2,994.53,0
19.43,53.41,1.919,2.868,0.23,28.52,1003.88,0
29.92,72.21,1.283,1.746,0.752,20.95,999.14,0
26.99,31.83,0.14,0.215,0.868,25.19,1002.04,0
62.33,58.14,1.511,1.473,0.815,20.1,1006.22,1
67.52,71.62,0.198,0.553,0.259,16.43,1004.98,0
113.39,50.39,2.651,1.45,0.804,22.76,994.25,0
23.47,87.67,2.259,0.565,0.413,29.64,993.65,0
77.0,88.25,1.136,2.112,0.266,19.28,993.91,0
98.07,52.36,1.921,0.241,0.168,30.09,1015.24,1
67.23,97.56,0.336,2.86,0.909,28.39,990.6,1
30.6,16.8,2.108,0.586,0.427,25.15,996.07,1
31.51,10.3,2.468,1.982,0.866,34.43,1018.68,0
4.71,44.26,2.465,2.751,0.16,32.67,991.98,0
36.65,64.1,0.853,0.744,0.767,26.26,991.09,0
89.35,66.63,0.791,2.803,0.11,26.16,1001.62,1
5.7,52.88,1.564,1.166,0.018,20.56,994.54,1
26.32,21.24,2.903,2.882,0.995,33.4,1006.97,0
84.75,25.34,2.762,2.914,0.074,32.92,1000.16,1
93.92,86.69,1.079,0.564,0.462,29.84,996.27,0
54.64,88.11,2.339,2.493,0.878,17.56,1019.96,1
83.77,70.65,2.764,0.58,0.819,29.07,1000.23,1
46.55,69.78,0.783,0.679,0.471,20.06,1009.23,0
19.19,63.79,2.491,0.252,0.611,18.78,1016.22,0
47.78,28.26,0.804,0.47,0.63,30.18,1017.67,0
69.6,48.54,1.03,1.897,0.11,34.19,1002.3,1
113.77,72.63,0.596,1.348,0.285,17.18,1019.28,0
8.25,58.35,1.521,2.373,0.301,18.28,1011.74,0
60.89,11.67,2.53,0.996,0.378,19.38,1007.5,0
39.47,95.82,1.584,2.906,0.274,34.26,1010.8,0
61.0,86.03,0.37,0.15,0.251,28.93,1000.8,0
2.88,33.45,0.755,0.189,0.355,28.57,1002.73,0
37.56,65.48,1.689,2.104,0.379,25.1,1007.59,0
98.38,93.09,1.75,2.663,0.487,25.75,999.81,1
66.47,18.64,1.731,2.387,0.174,20.8,1013.06,1
54.07,55.27,0.231,1.469,0.788,18.09,997.53,1
34.26,51.06,2.261,0.809,0.861,30.61,1013.9,1
35.77,46.92,2.728,0.04,0.248,24.41,994.56,0
45.97,85.2,1.532,1.528,0.123,20.12,996.52,0
100.27,44.26,2.156,1.427,0.722,27.66,1012.59,0
116.07,15.73,2.742,1.033,0.924,19.19,997.89,0
52.64,15.93,1.928,1.734,0.035,24.78,1013.86,0
47.2,13.85,2.023,2.186,0.014,18.8,1013.52,0
101.59,46.82,2.164,2.103,0.183,30.19,997.72,1
51.23,74.66,0.782,0.79,0.685,21.42,992.19,1
66.24,28.34,1.748,1.756,0.965,23.83,994.99,1
27.71,68.18,2.527,0.446,0.75,30.1,1012.58,1
89.22,71.84,0.888,0.365,0.573,28.19,1015.41,0
63.84,32.97,2.692,2.358,0.701,22.99,1001.49,0
97.08,64.05,1.861,2.081,0.231,16.42,994.93,1
93.69,71.64,1.27,2.304,0.689,33.43,992.26,1
25.8,52.0,1.87,0.457,0.321,15.16,996.47,1
85.88,40.3,1.206,2.744,0.222,29.69,1019.39,1
96.01,65.72,2.514,0.399,0.237,33.91,995.11,1
41.53,98.01,1.447,2.61,0.668,21.13,992.59,1
20.71,48.42,2.704,1.057,0.767,16.51,1013.56,1
0.32,45.26,1.529,0.316,0.582,19.99,1008.46,0
54.11,51.78,1.981,0.86,0.064,21.27,1006.04,0
42.29,16.86,2.993,0.544,0.038,24.03,1003.44,0
66.59,59.78,0.441,1.472,0.217,25.5,1011.06,0
22.56,39.58,2.21,2.849,0.286,29.51,1010.95,0
103.16,20.93,0.417,0.984,0.405,33.02,1002.73,1
30.93,51.96,2.517,1.836,0.076,24.3,997.03,0
27.17,10.3,1.789,2.675,0.725,29.93,1015.24,0
57.69,46.16,2.814,1.89,0.711,17.54,994.94,1
59.86,19.52,2.598,1.087,0.347,21.58,1006.02,0
25.81,12.19,0.225,2.973,0.563,17.36,1010.78,0
32.62,84.2,0.412,0.562,0.101,28.83,1009.17,0
20.36,92.46,1.804,1.57,0.415,33.15,1008.56,1
86.22,28.69,1.555,2.39,0.858,32.78,1009.88,0
92.41,58.54,0.506,0.002,0.661,21.53,1016.27,1
55.48,35.02,0.388,2.106,0.104,19.68,1000.96,0
85.69,54.42,1.692,0.799,0.848,20.48,1008.82,1
88.31,49.3,0.147,0.509,0.681,20.75,1010.91,1
16.59,34.21,2.621,0.823,0.453,16.64,1007.71,1
115.94,73.04,2.421,2.9,0.692,17.67,1017.09,1
98.52,21.38,2.356,2.676,0.173,19.29,1009.64,1
24.54,14.78,0.048,0.641,0.55,15.16,1002.73,0
22.34,79.09,0.143,0.351,0.618,15.94,1015.37,0
15.08,69.93,1.65,1.092,0.928,28.97,1004.69,0
16.61,54.87,2.983,1.777,0.067,27.39,1005.9,0
89.78,52.1,1.027,2.601,0.375,33.91,1007.47,0
56.36,54.77,1.033,2.898,0.937,23.04,999.68,1
93.95,49.33,0.403,2.253,0.217,23.89,1011.68,1
89.55,45.36,2.023,1.797,0.813,16.35,992.94,1
72.55,54.97,1.94,0.427,0.002,18.05,1016.07,1
82.36,57.57,0.304,0.222,0.026,28.83,1012.64,0
2.2,72.27,1.402,1.788,0.328,19.7,1000.61,0
37.41,74.01,2.001,1.617,0.769,30.47,996.79,1
76.54,43.99,1.481,2.538,0.104,29.11,1001.64,1
1.12,47.22,2.023,0.968,0.383,29.95,1014.15,1
3.96,43.63,2.449,0.119,0.131,28.81,990.95,0
102.23,58.29,2.057,1.271,0.224,29.15,1004.04,1
82.08,50.8,1.848,2.908,0.503,25.94,997.62,1
31.84,90.06,2.561,2.387,0.319,28.56,1016.25,0
82.56,72.67,2.702,0.101,0.212,25.52,1002.42,1
95.09,90.88,1.167,2.624,0.393,19.12,1010.94,1
36.82,73.82,0.52,1.415,0.701,19.35,1000.74,1
4.32,97.39,2.454,1.094,0.119,23.11,999.89,1
111.93,67.22,0.641,1.04,0.48,15.28,999.78,1
41.42,96.72,2.787,1.785,0.275,32.79,1010.35,0
12.78,24.24,0.069,1.592,0.379,20.37,1018.93,0
59.02,14.72,2.764,1.97,0.822,16.03,996.24,0
92.22,62.12,1.768,1.721,0.93,23.49,1009.32,1
26.6,98.51,2.324,0.432,0.243,31.31,997.96,0
32.34,47.58,1.195,0.772,0.63,22.95,1006.48,0
29.13,29.08,2.975,2.523,0.677,20.25,1006.25,0
119.0,56.94,0.683,1.99,0.842,25.9,1003.5,1
23.69,68.39,0.793,1.345,0.899,26.49,1004.96,1
69.06,38.37,0.154,0.548,0.468,30.18,1016.41,0
111.03,74.33,2.821,0.023,0.983,31.0,992.66,0
17.63,97.76,1.368,0.936,0.971,29.12,1014.91,0
116.5,90.73,2.025,0.165,0.506,15.09,1003.87,1
113.7,36.24,2.062,1.447,0.542,15.04,1000.01,1
106.15,39.41,2.624,2.465,0.668,34.55,995.31,1
25.75,43.44,1.995,0.856,0.374,20.28,1014.44,1
76.09,45.51,1.686,2.543,0.662,20.65,1007.76,1
91.31,19.03,2.131,2.114,0.514,29.64,1011.85,1
118.32,78.58,2.253,0.376,0.035,26.63,999.45,1
21.65,42.88,0.558,1.934,0.853,24.27,1001.79,0
91.92,89.18,0.329,0.455,0.94,17.33,1017.41,1
40.66,93.42,0.225,1.964,0.026,16.63,1018.84,1
21.08,12.2,1.122,0.428,0.789,29.07,1012.2,0
50.57,98.97,1.494,1.178,0.386,17.49,1012.48,1
95.26,73.9,1.847,1.7,0.586,23.72,1010.83,1
55.78,56.84,2.874,0.151,0.5,29.72,1007.62,0
64.5,45.06,0.992,0.46,0.551,33.46,1007.85,0
119.42,56.67,2.283,0.961,0.495,32.47,1018.91,0
47.89,39.22,1.594,1.387,0.853,32.28,1012.53,0
73.85,66.04,0.66,2.575,0.684,22.17,1009.66,1
43.83,18.37,1.846,0.562,0.413,33.54,995.67,0
47.13,65.9,2.902,1.042,0.689,28.67,1019.31,1
83.48,34.78,0.373,1.427,0.965,32.73,1005.61,1
112.55,11.59,1.522,0.887,0.08,16.78,1018.31,0
65.08,59.74,0.155,1.877,0.388,15.79,1011.41,1
92.21,62.06,0.964,0.77,0.87,23.59,991.2,1
10.7,48.39,1.862,2.317,0.739,31.56,1006.17,0
25.34,16.51,2.523,1.515,0.935,23.17,1016.78,0
60.26,90.4,2.191,0.259,0.04,32.69,991.55,1
2.4,65.03,1.389,1.881,0.863,19.7,1016.0,0
30.34,20.41,2.728,1.708,0.792,15.79,1008.4,0
62.09,55.98,0.908,1.016,0.815,30.23,991.34,1
1.8,54.75,2.262,0.033,0.597,27.52,1001.21,0
31.75,15.44,1.422,0.602,0.052,23.8,990.91,0
61.68,64.62,2.696,1.217,0.539,31.91,990.05,1
68.78,82.75,2.392,0.6,0.408,31.48,1016.89,1
111.09,77.41,2.704,1.732,0.527,21.49,1012.46,0
77.44,28.27,0.643,2.137,0.74,31.76,998.68,1
49.77,87.61,2.004,2.568,0.596,21.9,993.41,1
111.64,40.83,2.215,1.941,0.293,27.44,991.63,1
94.19,95.19,2.227,2.067,0.6,18.85,1017.52,1
24.0,16.46,1.512,1.825,0.083,20.28,1008.77,0
15.7,53.76,0.034,2.956,0.005,23.96,994.82,0
81.1,63.74,0.784,0.783,0.402,21.29,1010.44,0
67.19,32.29,0.97,0.799,0.757,17.58,1019.97,0
94.76,79.42,2.556,0.379,0.823,24.65,1013.64,1
88.66,66.42,2.523,1.457,0.55,25.23,1003.4,1
75.03,11.63,0.314,0.288,0.868,18.17,1014.43,0
118.37,64.75,2.85,0.81,0.126,18.49,1012.33,1
64.03,54.23,0.547,1.448,0.964,15.59,992.66,0
13.57,27.64,1.243,2.873,0.922,15.61,1017.77,1
99.39,99.62,0.645,2.891,0.599,22.17,1016.52,1
30.22,90.74,2.581,2.231,0.059,17.93,1007.72,1
93.28,36.33,2.248,1.168,0.454,33.38,1005.24,1
114.85,58.7,1.061,2.595,0.179,18.99,996.83,1
83.62,38.49,2.046,2.626,0.628,16.32,1015.03,0
71.52,79.79,0.553,2.731,0.19,23.08,1002.96,0
55.25,93.73,1.147,1.92,0.482,18.85,1007.38,0
43.73,42.29,1.131,0.605,0.206,16.24,995.1,0
42.36,82.5,0.714,0.273,0.182,30.05,996.41,0
76.36,54.86,2.629,2.744,0.248,26.14,1019.56,1
90.15,45.69,2.037,0.167,0.029,16.14,1004.82,0
81.42,94.46,0.84,0.888,0.716,24.36,1014.47,1
23.81,55.94,0.726,1.461,0.307,15.78,1014.89,0
59.28,52.07,0.054,0.066,0.698,22.09,1019.45,0
95.0,70.52,1.04,2.721,0.653,22.27,1019.49,0
57.08,33.51,1.58,0.861,0.066,31.46,1003.71,1
64.39,39.23,0.833,0.086,0.312,29.71,1018.51,0
92.54,93.88,2.101,2.981,0.567,32.94,1000.96,1
79.35,71.07,1.235,0.934,0.918,17.81,1008.23,1
49.12,84.4,0.949,2.63,0.401,25.68,1014.65,1
107.45,34.4,2.817,1.36,0.505,15.4,1017.41,0
19.51,58.94,0.788,1.989,0.75,31.51,1005.72,0
119.46,97.43,1.195,0.723,0.803,22.33,1002.54,1
14.26,38.68,1.147,1.509,0.923,16.39,1011.86,0
1.79,24.44,0.724,0.773,0.497,21.49,1003.68,0
106.8,55.98,0.652,2.853,0.194,20.74,1010.15,0
29.39,44.9,0.907,0.183,0.764,30.32,1014.13,0
87.56,24.36,2.593,0.824,0.126,17.53,1015.23,1
97.32,89.97,2.301,2.679,0.418,26.12,997.63,1
103.08,99.17,2.043,1.44,0.628,30.88,1007.14,1
118.99,61.17,1.371,1.8,0.692,29.79,990.75,1
35.28,79.72,1.523,1.955,0.733,33.72,1013.93,0
85.23,87.31,0.801,0.213,0.194,15.01,993.75,0
13.85,73.09,0.223,0.053,0.982,22.08,1016.15,1
48.82,13.97,0.993,2.814,0.178,22.39,1002.2,0
101.76,24.19,1.487,0.815,0.096,15.67,995.02,0
44.12,16.39,0.172,1.141,0.664,31.35,1013.87,0
70.93,10.89,0.265,2.046,0.91,28.78,996.01,0
60.45,37.54,0.789,0.709,0.559,25.56,1001.83,0
77.51,45.31,1.101,2.199,0.595,23.1,1007.01,1
116.75,31.69,1.18,1.375,0.538,32.91,1000.8,1
6.69,15.81,0.354,2.57,0.043,20.29,995.37,0
68.88,57.69,0.677,0.836,0.681,21.69,1002.18,1
103.56,34.6,0.785,0.611,0.358,34.05,994.33,1
57.77,81.64,0.203,2.495,0.936,16.29,1011.57,1
9.42,10.72,0.978,0.979,0.187,30.61,995.15,0
67.26,85.83,0.217,1.236,0.302,29.36,1004.47,0
39.85,95.93,2.11,2.381,0.505,33.04,1006.81,1
18.59,74.45,1.158,1.907,0.477,16.81,1018.35,0
101.88,76.03,0.98,1.325,0.4,34.41,992.35,1
62.59,94.02,0.38,0.75,0.314,15.58,1017.91,0
111.99,28.82,0.68,2.293,0.147,21.75,996.25,0
96.72,99.51,0.698,0.541,0.821,16.7,1015.23,1
83.16,79.61,2.956,2.785,0.449,16.02,992.71,1
0.6,75.39,2.506,0.451,0.573,34.29,1019.66,0
51.34,42.5,0.046,2.415,0.547,29.39,1014.23,0
23.7,59.12,1.851,1.273,0.575,25.11,991.89,0
109.3,68.85,0.768,0.558,0.705,17.16,996.42,1
20.95,65.83,0.313,1.207,0.629,25.52,1006.46,0
34.33,73.45,2.117,0.665,0.274,21.4,1005.71,0
62.02,17.41,0.395,0.408,0.554,20.43,1008.88,0
31.6,42.01,1.331,0.717,0.245,27.36,1003.91,0
25.18,49.06,1.896,2.602,0.589,30.82,1012.02,0
71.89,33.46,1.663,0.318,0.432,23.87,1000.45,0
10.67,25.54,2.933,2.918,0.039,24.87,995.29,0
6.98,22.5,2.357,0.015,0.734,28.03,991.01,0
44.67,42.97,2.323,1.975,0.275,17.49,999.74,0
86.48,54.41,1.067,2.57,0.92,31.57,1002.81,0
66.58,15.67,0.025,2.802,0.281,31.74,1009.77,1
50.75,95.18,2.203,0.432,0.997,25.82,1014.19,1
67.89,78.87,2.999,2.095,0.463,18.75,997.2,0
43.85,75.78,1.218,0.322,0.026,25.02,1004.8,0
112.34,25.56,2.957,1.058,0.076,17.12,997.01,1
6.59,64.34,0.425,2.196,0.082,30.27,1018.53,0
80.81,57.68,0.89,1.038,0.056,21.22,1009.43,1
106.95,98.42,0.512,0.94,0.268,21.22,1010.34,1
96.47,77.29,1.426,0.348,0.325,33.9,1005.94,0
22.08,61.82,2.391,0.199,0.111,23.44,998.45,0
35.51,86.57,1.022,0.346,0.438,30.79,996.01,1
86.05,23.96,2.719,2.626,0.365,27.74,1009.7,1
10.11,11.37,1.634,0.034,0.636,21.32,1017.65,0
97.42,72.12,1.396,2.079,0.196,17.48,996.39,1
86.27,18.85,2.361,2.306,0.914,30.95,1007.15,1
87.55,20.39,0.304,1.704,0.516,30.25,1005.88,0
12.03,77.02,2.321,2.192,0.624,18.38,1009.25,0
86.13,34.35,0.729,1.957,0.04,19.98,1007.63,1
81.58,66.58,0.842,1.367,0.559,30.32,998.18,0
99.71,92.57,1.798,1.148,0.368,34.67,1010.74,1
4.99,38.48,2.706,2.824,0.924,31.87,998.18,1
2.77,29.54,1.735,2.916,0.886,28.68,1009.59,0
44.76,19.59,1.947,1.954,0.638,33.31,999.0,0
17.85,21.74,2.33,0.592,0.768,20.7,992.47,0
67.01,15.6,0.778,1.344,0.645,15.19,993.82,0
110.08,17.89,2.482,1.49,0.017,21.42,1015.02,0
46.98,48.88,1.254,2.274,0.703,34.44,993.64,1
101.39,38.88,0.527,2.003,0.177,32.64,999.92,1
0.03,73.59,1.05,1.544,0.683,16.01,998.63,0
20.22,88.32,0.738,2.041,0.011,25.04,991.74,1
3.65,80.63,0.686,0.072,0.311,16.58,1007.99,0
39.38,57.76,0.848,2.33,0.517,30.78,1013.96,1
108.98,19.22,0.543,0.635,0.333,22.45,1019.77,1
11.63,73.88,2.003,1.969,0.694,33.24,1018.08,1
72.77,42.65,1.74,0.342,0.523,16.09,991.48,1
54.18,17.71,1.945,0.343,0.96,29.68,997.73,0
112.62,85.82,1.031,0.107,0.358,22.99,1002.36,0
14.7,40.44,2.309,2.731,0.722,20.36,1016.25,0
25.44,29.64,0.389,1.814,0.836,25.35,1000.8,0
3.55,88.43,1.713,1.086,0.254,24.71,1007.11,1
52.07,91.19,0.826,2.363,0.754,21.98,1009.79,0
33.34,40.51,1.583,1.878,0.393,27.98,998.94,1
104.39,41.93,0.971,1.86,0.129,28.23,1007.46,1
72.59,62.17,2.372,1.461,0.004,16.54,991.53,1
73.69,76.01,2.674,0.024,0.744,26.91,1004.41,1
63.83,15.68,2.228,0.775,0.186,29.21,1001.36,1
11.02,63.4,0.527,0.327,0.051,16.52,1000.67,0
53.4,95.75,0.825,1.987,0.497,28.18,997.05,0
119.94,33.59,2.758,0.746,0.347,31.08,1014.53,1
100.23,91.79,1.312,1.35,0.692,31.64,1016.46,1
107.22,95.52,2.824,1.06,0.107,15.83,1016.64,1
98.79,34.22,1.177,0.43,0.133,28.95,1001.88,1
12.37,77.88,2.855,2.875,0.404,30.94,997.77,0
27.29,31.49,2.777,2.8,0.52,22.94,992.95,0
0.37,76.39,1.982,0.254,0.824,25.86,1010.17,0
36.42,81.77,0.026,2.482,0.586,20.3,999.91,1
13.03,32.25,1.201,1.465,0.903,21.2,998.3,1
56.74,74.43,2.734,2.321,0.218,25.03,1001.14,1
81.26,83.09,2.655,0.453,0.596,18.02,1006.64,0
104.94,42.27,0.562,0.397,0.655,22.41,994.86,1
89.91,25.09,1.198,2.672,0.726,21.03,1018.84,1
112.63,18.28,2.507,2.693,0.989,19.76,1011.98,1
6.47,61.78,1.734,1.398,0.468,24.68,991.4,0
1.46,98.03,2.542,2.61,0.369,31.77,999.2,0
79.36,84.07,2.48,2.002,0.852,19.85,991.51,1
34.72,49.23,2.722,0.555,0.177,28.19,996.88,0
30.42,58.3,0.352,0.987,0.037,20.08,998.6,0
39.71,35.16,0.436,0.408,0.444,17.84,1011.54,0
32.38,24.68,0.248,2.322,0.247,33.87,1011.56,0
61.37,53.39,2.806,2.956,0.397,27.66,991.36,1
52.82,51.72,1.425,1.639,0.986,17.09,1007.64,0
61.49,56.97,0.193,1.968,0.348,27.65,1018.83,1
80.73,95.75,0.965,2.238,0.708,18.53,1008.85,1
46.46,64.35,1.054,0.673,0.25,32.76,1018.82,0
30.16,64.52,2.429,1.008,0.303,19.95,1001.42,0
19.94,21.52,2.206,1.237,0.243,31.14,1003.79,0
41.94,99.68,2.068,1.784,0.572,18.98,1004.86,0
89.02,79.56,0.066,2.551,0.226,26.17,1017.72,1
90.8,88.95,2.732,0.763,0.718,33.25,1001.41,1
80.03,47.29,0.647,1.413,0.68,20.92,1019.5,1
28.08,55.19,1.887,2.255,0.421,16.63,1006.29,1
70.57,56.99,0.185,0.262,0.026,26.05,996.54,0
68.48,27.47,0.245,1.539,0.023,18.45,993.11,0
58.11,72.05,0.029,0.433,0.533,29.57,995.19,0
66.0,91.27,1.698,1.617,0.839,26.82,991.18,1
59.01,24.73,1.888,2.303,0.599,21.93,1010.77,1
67.85,17.77,0.151,0.711,0.436,29.11,1005.51,0
85.86,76.44,0.871,2.548,0.882,19.77,1012.14,1
13.16,34.59,2.554,1.004,0.197,33.34,1013.47,0
89.96,66.15,0.304,0.572,0.359,21.94,1017.94,0
16.31,72.62,0.65,1.396,0.565,30.26,993.51,0
8.0,38.97,1.273,2.628,0.292,20.17,995.58,1
117.13,83.36,2.527,0.207,0.998,29.3,1006.45,1
114.84,59.5,0.765,0.983,0.452,15.63,993.89,0
7.25,88.21,2.991,1.959,0.052,20.91,992.78,1
53.19,78.7,1.066,1.073,0.176,16.86,1009.99,0
22.35,88.17,1.159,0.212,0.532,24.02,1011.74,0
58.24,11.81,0.366,0.996,0.55,23.7,1015.3,0
99.62,31.92,2.041,2.463,0.984,22.18,1017.47,1
114.07,18.1,0.73,2.904,0.6,34.62,1003.27,1
76.11,49.79,1.887,0.119,0.667,19.88,1019.4,0
42.47,90.1,0.669,1.708,0.214,30.82,991.14,1
72.4,52.08,1.164,0.316,0.107,23.95,1016.1,0
37.44,86.47,2.57,2.041,0.602,21.7,999.64,1
109.18,39.45,2.217,0.024,0.865,19.07,1017.65,1
104.45,40.56,0.464,0.044,0.587,27.67,996.68,1
66.99,90.6,1.823,2.331,0.443,21.67,1012.23,1
38.98,48.32,1.886,0.223,0.578,31.26,1002.76,0
35.21,81.08,0.272,0.916,0.469,34.37,1001.44,1
4.01,31.3,1.397,2.874,0.142,19.54,991.78,0
97.9,95.39,0.782,2.956,0.741,17.57,1011.18,1
54.05,61.71,1.401,0.484,0.533,21.31,995.26,0
39.02,78.34,2.331,1.683,0.399,24.34,1003.89,0
56.53,18.06,0.475,1.677,0.56,21.02,994.24,0
98.25,54.34,0.37,1.357,0.241,34.41,1008.13,0
14.95,91.09,0.808,2.774,0.428,30.58,996.93,0
102.92,88.93,2.857,2.262,0.622,34.32,1007.83,1
107.7,14.21,2.243,2.294,0.226,22.46,1018.4,1
113.6,37.33,0.058,0.809,0.749,21.09,1017.63,1
47.7,49.9,1.203,1.303,0.521,23.15,996.01,1
26.06,25.5,0.772,1.462,0.862,25.46,992.98,0
